trajectory_id,time_step,inventory,backlog,pipeline,t
0,0,38,0,[],0
0,1,32,0,"[(4, 2)]",1
0,2,27,0,"[(4, 1), (4, 2)]",2
0,3,27,0,"[(4, 1), (4, 2)]",3
0,4,25,0,"[(4, 1), (4, 2)]",4
0,5,22,0,"[(4, 1), (4, 2)]",5
0,6,21,0,"[(4, 1), (4, 2)]",6
0,7,20,0,"[(4, 1), (4, 2)]",7
0,8,20,0,"[(4, 1), (4, 2)]",8
0,9,19,0,"[(4, 1), (4, 2)]",9
0,10,19,0,"[(4, 1), (4, 2)]",10
0,11,18,0,"[(4, 1), (4, 2)]",11
0,12,19,0,"[(4, 1), (4, 2)]",12
0,13,17,0,"[(4, 1), (4, 2)]",13
0,14,17,0,"[(4, 1), (4, 2)]",14
0,15,17,0,"[(4, 1), (4, 2)]",15
0,16,18,0,"[(4, 1), (4, 2)]",16
0,17,18,0,"[(4, 1), (4, 2)]",17
0,18,11,0,"[(4, 1), (4, 2)]",18
0,19,12,0,"[(4, 1), (4, 2)]",19
0,20,9,0,"[(4, 1), (4, 2)]",20
0,21,9,0,"[(4, 1), (4, 2)]",21
0,22,5,0,"[(4, 1), (4, 2)]",22
0,23,1,0,"[(4, 1), (4, 2)]",23
0,24,5,0,"[(4, 1), (4, 2)]",24
0,25,4,0,"[(4, 1), (4, 2)]",25
0,26,0,0,"[(4, 1), (4, 2)]",26
0,27,0,0,"[(4, 1), (4, 2)]",27
0,28,0,0,"[(4, 1), (4, 2)]",28
0,29,0,0,"[(4, 1), (4, 2)]",29
0,30,0,1,"[(4, 1), (4, 2)]",30
0,31,0,3,"[(4, 1), (4, 2)]",31
0,32,0,1,"[(4, 1), (4, 2)]",32
0,33,0,5,"[(4, 1), (4, 2)]",33
0,34,0,3,"[(4, 1), (4, 2)]",34
0,35,0,3,"[(4, 1), (4, 2)]",35
0,36,0,2,"[(4, 1), (4, 2)]",36
0,37,0,2,"[(4, 1), (4, 2)]",37
0,38,0,4,"[(4, 1), (4, 2)]",38
0,39,0,4,"[(4, 1), (4, 2)]",39
0,40,0,6,"[(4, 1), (4, 2)]",40
0,41,0,6,"[(4, 1), (4, 2)]",41
0,42,0,4,"[(4, 1), (4, 2)]",42
0,43,0,8,"[(4, 1), (4, 2)]",43
0,44,0,11,"[(4, 1), (4, 2)]",44
0,45,0,12,"[(4, 1), (4, 2)]",45
0,46,0,11,"[(4, 1), (4, 2)]",46
0,47,0,13,"[(4, 1), (4, 2)]",47
0,48,0,15,"[(4, 1), (4, 2)]",48
0,49,0,16,"[(4, 1), (4, 2)]",49
0,50,0,16,"[(4, 1), (4, 2)]",50
0,51,0,19,"[(4, 1), (4, 2)]",51
0,52,0,22,"[(4, 1), (4, 2)]",52
0,53,0,23,"[(4, 1), (4, 2)]",53
0,54,0,28,"[(4, 1), (4, 2)]",54
0,55,0,26,"[(4, 1), (4, 2)]",55
0,56,0,27,"[(4, 1), (4, 2)]",56
0,57,0,30,"[(4, 1), (4, 2)]",57
0,58,0,31,"[(4, 1), (4, 2)]",58
0,59,0,34,"[(4, 1), (4, 2)]",59
0,60,0,36,"[(4, 1), (4, 2)]",60
1,0,27,0,[],0
1,1,22,0,"[(4, 2)]",1
1,2,15,0,"[(4, 1), (4, 2)]",2
1,3,15,0,"[(4, 1), (4, 2)]",3
1,4,16,0,"[(4, 1), (4, 2)]",4
1,5,13,0,"[(4, 1), (4, 2)]",5
1,6,14,0,"[(4, 1), (4, 2)]",6
1,7,15,0,"[(4, 1), (4, 2)]",7
1,8,14,0,"[(4, 1), (4, 2)]",8
1,9,10,0,"[(4, 1), (4, 2)]",9
1,10,7,0,"[(4, 1), (4, 2)]",10
1,11,7,0,"[(4, 1), (4, 2)]",11
1,12,4,0,"[(4, 1), (4, 2)]",12
1,13,2,0,"[(4, 1), (4, 2)]",13
1,14,1,0,"[(4, 1), (4, 2)]",14
1,15,1,0,"[(4, 1), (4, 2)]",15
1,16,0,0,"[(4, 1), (4, 2)]",16
1,17,2,0,"[(4, 1), (4, 2)]",17
1,18,4,0,"[(4, 1), (4, 2)]",18
1,19,5,0,"[(4, 1), (4, 2)]",19
1,20,3,0,"[(4, 1), (4, 2)]",20
1,21,3,0,"[(4, 1), (4, 2)]",21
1,22,2,0,"[(4, 1), (4, 2)]",22
1,23,0,0,"[(4, 1), (4, 2)]",23
1,24,0,0,"[(4, 1), (4, 2)]",24
1,25,0,1,"[(4, 1), (4, 2)]",25
1,26,0,1,"[(4, 1), (4, 2)]",26
1,27,0,0,"[(4, 1), (4, 2)]",27
1,28,0,0,"[(4, 1), (4, 2)]",28
1,29,0,2,"[(4, 1), (4, 2)]",29
1,30,0,5,"[(4, 1), (4, 2)]",30
1,31,0,2,"[(4, 1), (4, 2)]",31
1,32,1,0,"[(4, 1), (4, 2)]",32
1,33,1,0,"[(4, 1), (4, 2)]",33
1,34,0,0,"[(4, 1), (4, 2)]",34
1,35,0,2,"[(4, 1), (4, 2)]",35
1,36,0,4,"[(4, 1), (4, 2)]",36
1,37,0,7,"[(4, 1), (4, 2)]",37
1,38,0,10,"[(4, 1), (4, 2)]",38
1,39,0,7,"[(4, 1), (4, 2)]",39
1,40,0,9,"[(4, 1), (4, 2)]",40
1,41,0,12,"[(4, 1), (4, 2)]",41
1,42,0,13,"[(4, 1), (4, 2)]",42
1,43,0,15,"[(4, 1), (4, 2)]",43
1,44,0,15,"[(4, 1), (4, 2)]",44
1,45,0,16,"[(4, 1), (4, 2)]",45
1,46,0,15,"[(4, 1), (4, 2)]",46
1,47,0,15,"[(4, 1), (4, 2)]",47
1,48,0,16,"[(4, 1), (4, 2)]",48
1,49,0,16,"[(4, 1), (4, 2)]",49
1,50,0,20,"[(4, 1), (4, 2)]",50
1,51,0,21,"[(4, 1), (4, 2)]",51
1,52,0,22,"[(4, 1), (4, 2)]",52
1,53,0,22,"[(4, 1), (4, 2)]",53
1,54,0,23,"[(4, 1), (4, 2)]",54
1,55,0,22,"[(4, 1), (4, 2)]",55
1,56,0,22,"[(4, 1), (4, 2)]",56
1,57,0,22,"[(4, 1), (4, 2)]",57
1,58,0,23,"[(4, 1), (4, 2)]",58
1,59,0,24,"[(4, 1), (4, 2)]",59
1,60,0,25,"[(4, 1), (4, 2)]",60
2,0,19,0,[],0
2,1,16,0,"[(4, 2)]",1
2,2,11,0,"[(4, 1), (4, 2)]",2
2,3,2,0,"[(4, 1), (4, 2)]",3
2,4,4,0,"[(4, 1), (4, 2)]",4
2,5,6,0,"[(4, 1), (4, 2)]",5
2,6,6,0,"[(4, 1), (4, 2)]",6
2,7,2,0,"[(4, 1), (4, 2)]",7
2,8,0,3,"[(4, 1), (4, 2)]",8
2,9,0,8,"[(4, 1), (4, 2)]",9
2,10,0,7,"[(4, 1), (4, 2)]",10
2,11,0,4,"[(4, 1), (4, 2)]",11
2,12,0,7,"[(4, 1), (4, 2)]",12
2,13,0,8,"[(4, 1), (4, 2)]",13
2,14,0,7,"[(4, 1), (4, 2)]",14
2,15,0,8,"[(4, 1), (4, 2)]",15
2,16,0,7,"[(4, 1), (4, 2)]",16
2,17,0,9,"[(4, 1), (4, 2)]",17
2,18,0,8,"[(4, 1), (4, 2)]",18
2,19,0,11,"[(4, 1), (4, 2)]",19
2,20,0,13,"[(4, 1), (4, 2)]",20
2,21,0,13,"[(4, 1), (4, 2)]",21
2,22,0,15,"[(4, 1), (4, 2)]",22
2,23,0,15,"[(4, 1), (4, 2)]",23
2,24,0,16,"[(4, 1), (4, 2)]",24
2,25,0,16,"[(4, 1), (4, 2)]",25
2,26,0,20,"[(4, 1), (4, 2)]",26
2,27,0,20,"[(4, 1), (4, 2)]",27
2,28,0,20,"[(4, 1), (4, 2)]",28
2,29,0,18,"[(4, 1), (4, 2)]",29
2,30,0,23,"[(4, 1), (4, 2)]",30
2,31,0,22,"[(4, 1), (4, 2)]",31
2,32,0,23,"[(4, 1), (4, 2)]",32
2,33,0,25,"[(4, 1), (4, 2)]",33
2,34,0,24,"[(4, 1), (4, 2)]",34
2,35,0,25,"[(4, 1), (4, 2)]",35
2,36,0,27,"[(4, 1), (4, 2)]",36
2,37,0,28,"[(4, 1), (4, 2)]",37
2,38,0,29,"[(4, 1), (4, 2)]",38
2,39,0,30,"[(4, 1), (4, 2)]",39
2,40,0,32,"[(4, 1), (4, 2)]",40
2,41,0,36,"[(4, 1), (4, 2)]",41
2,42,0,37,"[(4, 1), (4, 2)]",42
2,43,0,40,"[(4, 1), (4, 2)]",43
2,44,0,40,"[(4, 1), (4, 2)]",44
2,45,0,39,"[(4, 1), (4, 2)]",45
2,46,0,38,"[(4, 1), (4, 2)]",46
2,47,0,41,"[(4, 1), (4, 2)]",47
2,48,0,43,"[(4, 1), (4, 2)]",48
2,49,0,42,"[(4, 1), (4, 2)]",49
2,50,0,40,"[(4, 1), (4, 2)]",50
2,51,0,40,"[(4, 1), (4, 2)]",51
2,52,0,42,"[(4, 1), (4, 2)]",52
2,53,0,48,"[(4, 1), (4, 2)]",53
2,54,0,49,"[(4, 1), (4, 2)]",54
2,55,0,48,"[(4, 1), (4, 2)]",55
2,56,0,48,"[(4, 1), (4, 2)]",56
2,57,0,48,"[(4, 1), (4, 2)]",57
2,58,0,54,"[(4, 1), (4, 2)]",58
2,59,0,52,"[(4, 1), (4, 2)]",59
2,60,0,51,"[(4, 1), (4, 2)]",60
3,0,49,0,[],0
3,1,44,0,"[(4, 2)]",1
3,2,41,0,"[(4, 1), (4, 2)]",2
3,3,38,0,"[(4, 1), (4, 2)]",3
3,4,40,0,"[(4, 1), (4, 2)]",4
3,5,41,0,"[(4, 1), (4, 2)]",5
3,6,44,0,"[(4, 1), (4, 2)]",6
3,7,39,0,"[(4, 1), (4, 2)]",7
3,8,33,0,"[(4, 1), (4, 2)]",8
3,9,34,0,"[(4, 1), (4, 2)]",9
3,10,37,0,"[(4, 1), (4, 2)]",10
3,11,34,0,"[(4, 1), (4, 2)]",11
3,12,29,0,"[(4, 1), (4, 2)]",12
3,13,25,0,"[(4, 1), (4, 2)]",13
3,14,25,0,"[(4, 1), (4, 2)]",14
3,15,28,0,"[(4, 1), (4, 2)]",15
3,16,26,0,"[(4, 1), (4, 2)]",16
3,17,27,0,"[(4, 1), (4, 2)]",17
3,18,23,0,"[(4, 1), (4, 2)]",18
3,19,25,0,"[(4, 1), (4, 2)]",19
3,20,21,0,"[(4, 1), (4, 2)]",20
3,21,23,0,"[(4, 1), (4, 2)]",21
3,22,25,0,"[(4, 1), (4, 2)]",22
3,23,21,0,"[(4, 1), (4, 2)]",23
3,24,22,0,"[(4, 1), (4, 2)]",24
3,25,22,0,"[(4, 1), (4, 2)]",25
3,26,22,0,"[(4, 1), (4, 2)]",26
3,27,22,0,"[(4, 1), (4, 2)]",27
3,28,24,0,"[(4, 1), (4, 2)]",28
3,29,18,0,"[(4, 1), (4, 2)]",29
3,30,19,0,"[(4, 1), (4, 2)]",30
3,31,20,0,"[(4, 1), (4, 2)]",31
3,32,19,0,"[(4, 1), (4, 2)]",32
3,33,20,0,"[(4, 1), (4, 2)]",33
3,34,19,0,"[(4, 1), (4, 2)]",34
3,35,17,0,"[(4, 1), (4, 2)]",35
3,36,20,0,"[(4, 1), (4, 2)]",36
3,37,17,0,"[(4, 1), (4, 2)]",37
3,38,15,0,"[(4, 1), (4, 2)]",38
3,39,16,0,"[(4, 1), (4, 2)]",39
3,40,16,0,"[(4, 1), (4, 2)]",40
3,41,15,0,"[(4, 1), (4, 2)]",41
3,42,18,0,"[(4, 1), (4, 2)]",42
3,43,16,0,"[(4, 1), (4, 2)]",43
3,44,13,0,"[(4, 1), (4, 2)]",44
3,45,13,0,"[(4, 1), (4, 2)]",45
3,46,10,0,"[(4, 1), (4, 2)]",46
3,47,8,0,"[(4, 1), (4, 2)]",47
3,48,2,0,"[(4, 1), (4, 2)]",48
3,49,3,0,"[(4, 1), (4, 2)]",49
3,50,0,2,"[(4, 1), (4, 2)]",50
3,51,0,2,"[(4, 1), (4, 2)]",51
3,52,0,3,"[(4, 1), (4, 2)]",52
3,53,0,7,"[(4, 1), (4, 2)]",53
3,54,0,7,"[(4, 1), (4, 2)]",54
3,55,0,11,"[(4, 1), (4, 2)]",55
3,56,0,10,"[(4, 1), (4, 2)]",56
3,57,0,8,"[(4, 1), (4, 2)]",57
3,58,0,8,"[(4, 1), (4, 2)]",58
3,59,0,7,"[(4, 1), (4, 2)]",59
3,60,0,9,"[(4, 1), (4, 2)]",60
4,0,19,0,[],0
4,1,15,0,"[(4, 2)]",1
4,2,10,0,"[(4, 1), (4, 2)]",2
4,3,10,0,"[(4, 1), (4, 2)]",3
4,4,11,0,"[(4, 1), (4, 2)]",4
4,5,15,0,"[(4, 1), (4, 2)]",5
4,6,16,0,"[(4, 1), (4, 2)]",6
4,7,15,0,"[(4, 1), (4, 2)]",7
4,8,14,0,"[(4, 1), (4, 2)]",8
4,9,18,0,"[(4, 1), (4, 2)]",9
4,10,21,0,"[(4, 1), (4, 2)]",10
4,11,21,0,"[(4, 1), (4, 2)]",11
4,12,21,0,"[(4, 1), (4, 2)]",12
4,13,21,0,"[(4, 1), (4, 2)]",13
4,14,22,0,"[(4, 1), (4, 2)]",14
4,15,17,0,"[(4, 1), (4, 2)]",15
4,16,16,0,"[(4, 1), (4, 2)]",16
4,17,18,0,"[(4, 1), (4, 2)]",17
4,18,18,0,"[(4, 1), (4, 2)]",18
4,19,17,0,"[(4, 1), (4, 2)]",19
4,20,17,0,"[(4, 1), (4, 2)]",20
4,21,17,0,"[(4, 1), (4, 2)]",21
4,22,15,0,"[(4, 1), (4, 2)]",22
4,23,12,0,"[(4, 1), (4, 2)]",23
4,24,13,0,"[(4, 1), (4, 2)]",24
4,25,8,0,"[(4, 1), (4, 2)]",25
4,26,8,0,"[(4, 1), (4, 2)]",26
4,27,5,0,"[(4, 1), (4, 2)]",27
4,28,7,0,"[(4, 1), (4, 2)]",28
4,29,9,0,"[(4, 1), (4, 2)]",29
4,30,9,0,"[(4, 1), (4, 2)]",30
4,31,6,0,"[(4, 1), (4, 2)]",31
4,32,3,0,"[(4, 1), (4, 2)]",32
4,33,3,0,"[(4, 1), (4, 2)]",33
4,34,0,0,"[(4, 1), (4, 2)]",34
4,35,0,5,"[(4, 1), (4, 2)]",35
4,36,0,6,"[(4, 1), (4, 2)]",36
4,37,0,6,"[(4, 1), (4, 2)]",37
4,38,0,7,"[(4, 1), (4, 2)]",38
4,39,0,6,"[(4, 1), (4, 2)]",39
4,40,0,8,"[(4, 1), (4, 2)]",40
4,41,0,7,"[(4, 1), (4, 2)]",41
4,42,0,5,"[(4, 1), (4, 2)]",42
4,43,0,1,"[(4, 1), (4, 2)]",43
4,44,0,5,"[(4, 1), (4, 2)]",44
4,45,0,4,"[(4, 1), (4, 2)]",45
4,46,0,6,"[(4, 1), (4, 2)]",46
4,47,0,8,"[(4, 1), (4, 2)]",47
4,48,0,6,"[(4, 1), (4, 2)]",48
4,49,0,7,"[(4, 1), (4, 2)]",49
4,50,0,5,"[(4, 1), (4, 2)]",50
4,51,0,7,"[(4, 1), (4, 2)]",51
4,52,0,10,"[(4, 1), (4, 2)]",52
4,53,0,14,"[(4, 1), (4, 2)]",53
4,54,0,14,"[(4, 1), (4, 2)]",54
4,55,0,14,"[(4, 1), (4, 2)]",55
4,56,0,13,"[(4, 1), (4, 2)]",56
4,57,0,17,"[(4, 1), (4, 2)]",57
4,58,0,17,"[(4, 1), (4, 2)]",58
4,59,0,18,"[(4, 1), (4, 2)]",59
4,60,0,19,"[(4, 1), (4, 2)]",60
5,0,49,0,[],0
5,1,39,0,"[(4, 2)]",1
5,2,32,0,"[(4, 1), (4, 2)]",2
5,3,33,0,"[(4, 1), (4, 2)]",3
5,4,34,0,"[(4, 1), (4, 2)]",4
5,5,32,0,"[(4, 1), (4, 2)]",5
5,6,32,0,"[(4, 1), (4, 2)]",6
5,7,31,0,"[(4, 1), (4, 2)]",7
5,8,28,0,"[(4, 1), (4, 2)]",8
5,9,26,0,"[(4, 1), (4, 2)]",9
5,10,26,0,"[(4, 1), (4, 2)]",10
5,11,25,0,"[(4, 1), (4, 2)]",11
5,12,27,0,"[(4, 1), (4, 2)]",12
5,13,26,0,"[(4, 1), (4, 2)]",13
5,14,26,0,"[(4, 1), (4, 2)]",14
5,15,26,0,"[(4, 1), (4, 2)]",15
5,16,24,0,"[(4, 1), (4, 2)]",16
5,17,22,0,"[(4, 1), (4, 2)]",17
5,18,19,0,"[(4, 1), (4, 2)]",18
5,19,18,0,"[(4, 1), (4, 2)]",19
5,20,19,0,"[(4, 1), (4, 2)]",20
5,21,16,0,"[(4, 1), (4, 2)]",21
5,22,14,0,"[(4, 1), (4, 2)]",22
5,23,15,0,"[(4, 1), (4, 2)]",23
5,24,15,0,"[(4, 1), (4, 2)]",24
5,25,16,0,"[(4, 1), (4, 2)]",25
5,26,12,0,"[(4, 1), (4, 2)]",26
5,27,10,0,"[(4, 1), (4, 2)]",27
5,28,10,0,"[(4, 1), (4, 2)]",28
5,29,8,0,"[(4, 1), (4, 2)]",29
5,30,9,0,"[(4, 1), (4, 2)]",30
5,31,11,0,"[(4, 1), (4, 2)]",31
5,32,12,0,"[(4, 1), (4, 2)]",32
5,33,14,0,"[(4, 1), (4, 2)]",33
5,34,11,0,"[(4, 1), (4, 2)]",34
5,35,11,0,"[(4, 1), (4, 2)]",35
5,36,9,0,"[(4, 1), (4, 2)]",36
5,37,2,0,"[(4, 1), (4, 2)]",37
5,38,1,0,"[(4, 1), (4, 2)]",38
5,39,2,0,"[(4, 1), (4, 2)]",39
5,40,0,2,"[(4, 1), (4, 2)]",40
5,41,0,2,"[(4, 1), (4, 2)]",41
5,42,0,2,"[(4, 1), (4, 2)]",42
5,43,0,3,"[(4, 1), (4, 2)]",43
5,44,0,4,"[(4, 1), (4, 2)]",44
5,45,0,5,"[(4, 1), (4, 2)]",45
5,46,0,10,"[(4, 1), (4, 2)]",46
5,47,0,13,"[(4, 1), (4, 2)]",47
5,48,0,14,"[(4, 1), (4, 2)]",48
5,49,0,16,"[(4, 1), (4, 2)]",49
5,50,0,14,"[(4, 1), (4, 2)]",50
5,51,0,13,"[(4, 1), (4, 2)]",51
5,52,0,10,"[(4, 1), (4, 2)]",52
5,53,0,15,"[(4, 1), (4, 2)]",53
5,54,0,15,"[(4, 1), (4, 2)]",54
5,55,0,14,"[(4, 1), (4, 2)]",55
5,56,0,12,"[(4, 1), (4, 2)]",56
5,57,0,12,"[(4, 1), (4, 2)]",57
5,58,0,12,"[(4, 1), (4, 2)]",58
5,59,0,19,"[(4, 1), (4, 2)]",59
5,60,0,20,"[(4, 1), (4, 2)]",60
6,0,43,0,[],0
6,1,42,0,"[(4, 2)]",1
6,2,35,0,"[(4, 1), (4, 2)]",2
6,3,35,0,"[(4, 1), (4, 2)]",3
6,4,36,0,"[(4, 1), (4, 2)]",4
6,5,34,0,"[(4, 1), (4, 2)]",5
6,6,29,0,"[(4, 1), (4, 2)]",6
6,7,29,0,"[(4, 1), (4, 2)]",7
6,8,29,0,"[(4, 1), (4, 2)]",8
6,9,28,0,"[(4, 1), (4, 2)]",9
6,10,27,0,"[(4, 1), (4, 2)]",10
6,11,28,0,"[(4, 1), (4, 2)]",11
6,12,28,0,"[(4, 1), (4, 2)]",12
6,13,26,0,"[(4, 1), (4, 2)]",13
6,14,21,0,"[(4, 1), (4, 2)]",14
6,15,19,0,"[(4, 1), (4, 2)]",15
6,16,20,0,"[(4, 1), (4, 2)]",16
6,17,16,0,"[(4, 1), (4, 2)]",17
6,18,16,0,"[(4, 1), (4, 2)]",18
6,19,16,0,"[(4, 1), (4, 2)]",19
6,20,16,0,"[(4, 1), (4, 2)]",20
6,21,11,0,"[(4, 1), (4, 2)]",21
6,22,6,0,"[(4, 1), (4, 2)]",22
6,23,4,0,"[(4, 1), (4, 2)]",23
6,24,5,0,"[(4, 1), (4, 2)]",24
6,25,0,1,"[(4, 1), (4, 2)]",25
6,26,0,0,"[(4, 1), (4, 2)]",26
6,27,0,0,"[(4, 1), (4, 2)]",27
6,28,0,0,"[(4, 1), (4, 2)]",28
6,29,2,0,"[(4, 1), (4, 2)]",29
6,30,3,0,"[(4, 1), (4, 2)]",30
6,31,3,0,"[(4, 1), (4, 2)]",31
6,32,4,0,"[(4, 1), (4, 2)]",32
6,33,3,0,"[(4, 1), (4, 2)]",33
6,34,0,0,"[(4, 1), (4, 2)]",34
6,35,0,0,"[(4, 1), (4, 2)]",35
6,36,0,0,"[(4, 1), (4, 2)]",36
6,37,0,3,"[(4, 1), (4, 2)]",37
6,38,0,2,"[(4, 1), (4, 2)]",38
6,39,0,3,"[(4, 1), (4, 2)]",39
6,40,0,3,"[(4, 1), (4, 2)]",40
6,41,0,5,"[(4, 1), (4, 2)]",41
6,42,0,3,"[(4, 1), (4, 2)]",42
6,43,0,3,"[(4, 1), (4, 2)]",43
6,44,0,5,"[(4, 1), (4, 2)]",44
6,45,0,8,"[(4, 1), (4, 2)]",45
6,46,0,10,"[(4, 1), (4, 2)]",46
6,47,0,7,"[(4, 1), (4, 2)]",47
6,48,0,7,"[(4, 1), (4, 2)]",48
6,49,0,6,"[(4, 1), (4, 2)]",49
6,50,0,7,"[(4, 1), (4, 2)]",50
6,51,0,10,"[(4, 1), (4, 2)]",51
6,52,0,18,"[(4, 1), (4, 2)]",52
6,53,0,18,"[(4, 1), (4, 2)]",53
6,54,0,19,"[(4, 1), (4, 2)]",54
6,55,0,19,"[(4, 1), (4, 2)]",55
6,56,0,19,"[(4, 1), (4, 2)]",56
6,57,0,18,"[(4, 1), (4, 2)]",57
6,58,0,20,"[(4, 1), (4, 2)]",58
6,59,0,22,"[(4, 1), (4, 2)]",59
6,60,0,23,"[(4, 1), (4, 2)]",60
7,0,38,0,[],0
7,1,33,0,"[(4, 2)]",1
7,2,27,0,"[(4, 1), (4, 2)]",2
7,3,21,0,"[(4, 1), (4, 2)]",3
7,4,17,0,"[(4, 1), (4, 2)]",4
7,5,18,0,"[(4, 1), (4, 2)]",5
7,6,17,0,"[(4, 1), (4, 2)]",6
7,7,19,0,"[(4, 1), (4, 2)]",7
7,8,16,0,"[(4, 1), (4, 2)]",8
7,9,16,0,"[(4, 1), (4, 2)]",9
7,10,16,0,"[(4, 1), (4, 2)]",10
7,11,17,0,"[(4, 1), (4, 2)]",11
7,12,16,0,"[(4, 1), (4, 2)]",12
7,13,13,0,"[(4, 1), (4, 2)]",13
7,14,14,0,"[(4, 1), (4, 2)]",14
7,15,15,0,"[(4, 1), (4, 2)]",15
7,16,16,0,"[(4, 1), (4, 2)]",16
7,17,17,0,"[(4, 1), (4, 2)]",17
7,18,16,0,"[(4, 1), (4, 2)]",18
7,19,14,0,"[(4, 1), (4, 2)]",19
7,20,15,0,"[(4, 1), (4, 2)]",20
7,21,13,0,"[(4, 1), (4, 2)]",21
7,22,14,0,"[(4, 1), (4, 2)]",22
7,23,11,0,"[(4, 1), (4, 2)]",23
7,24,11,0,"[(4, 1), (4, 2)]",24
7,25,11,0,"[(4, 1), (4, 2)]",25
7,26,10,0,"[(4, 1), (4, 2)]",26
7,27,9,0,"[(4, 1), (4, 2)]",27
7,28,8,0,"[(4, 1), (4, 2)]",28
7,29,11,0,"[(4, 1), (4, 2)]",29
7,30,12,0,"[(4, 1), (4, 2)]",30
7,31,13,0,"[(4, 1), (4, 2)]",31
7,32,10,0,"[(4, 1), (4, 2)]",32
7,33,10,0,"[(4, 1), (4, 2)]",33
7,34,8,0,"[(4, 1), (4, 2)]",34
7,35,10,0,"[(4, 1), (4, 2)]",35
7,36,7,0,"[(4, 1), (4, 2)]",36
7,37,7,0,"[(4, 1), (4, 2)]",37
7,38,4,0,"[(4, 1), (4, 2)]",38
7,39,6,0,"[(4, 1), (4, 2)]",39
7,40,4,0,"[(4, 1), (4, 2)]",40
7,41,1,0,"[(4, 1), (4, 2)]",41
7,42,1,0,"[(4, 1), (4, 2)]",42
7,43,0,1,"[(4, 1), (4, 2)]",43
7,44,0,2,"[(4, 1), (4, 2)]",44
7,45,0,2,"[(4, 1), (4, 2)]",45
7,46,0,2,"[(4, 1), (4, 2)]",46
7,47,0,1,"[(4, 1), (4, 2)]",47
7,48,0,0,"[(4, 1), (4, 2)]",48
7,49,1,0,"[(4, 1), (4, 2)]",49
7,50,0,0,"[(4, 1), (4, 2)]",50
7,51,1,0,"[(4, 1), (4, 2)]",51
7,52,0,5,"[(4, 1), (4, 2)]",52
7,53,0,10,"[(4, 1), (4, 2)]",53
7,54,0,10,"[(4, 1), (4, 2)]",54
7,55,0,11,"[(4, 1), (4, 2)]",55
7,56,0,12,"[(4, 1), (4, 2)]",56
7,57,0,12,"[(4, 1), (4, 2)]",57
7,58,0,12,"[(4, 1), (4, 2)]",58
7,59,0,11,"[(4, 1), (4, 2)]",59
7,60,0,14,"[(4, 1), (4, 2)]",60
8,0,32,0,[],0
8,1,26,0,"[(4, 2)]",1
8,2,19,0,"[(4, 1), (4, 2)]",2
8,3,16,0,"[(4, 1), (4, 2)]",3
8,4,12,0,"[(4, 1), (4, 2)]",4
8,5,11,0,"[(4, 1), (4, 2)]",5
8,6,13,0,"[(4, 1), (4, 2)]",6
8,7,13,0,"[(4, 1), (4, 2)]",7
8,8,13,0,"[(4, 1), (4, 2)]",8
8,9,14,0,"[(4, 1), (4, 2)]",9
8,10,13,0,"[(4, 1), (4, 2)]",10
8,11,12,0,"[(4, 1), (4, 2)]",11
8,12,12,0,"[(4, 1), (4, 2)]",12
8,13,12,0,"[(4, 1), (4, 2)]",13
8,14,11,0,"[(4, 1), (4, 2)]",14
8,15,9,0,"[(4, 1), (4, 2)]",15
8,16,11,0,"[(4, 1), (4, 2)]",16
8,17,7,0,"[(4, 1), (4, 2)]",17
8,18,6,0,"[(4, 1), (4, 2)]",18
8,19,6,0,"[(4, 1), (4, 2)]",19
8,20,9,0,"[(4, 1), (4, 2)]",20
8,21,4,0,"[(4, 1), (4, 2)]",21
8,22,1,0,"[(4, 1), (4, 2)]",22
8,23,3,0,"[(4, 1), (4, 2)]",23
8,24,2,0,"[(4, 1), (4, 2)]",24
8,25,1,0,"[(4, 1), (4, 2)]",25
8,26,0,5,"[(4, 1), (4, 2)]",26
8,27,0,6,"[(4, 1), (4, 2)]",27
8,28,0,6,"[(4, 1), (4, 2)]",28
8,29,0,12,"[(4, 1), (4, 2)]",29
8,30,0,11,"[(4, 1), (4, 2)]",30
8,31,0,11,"[(4, 1), (4, 2)]",31
8,32,0,13,"[(4, 1), (4, 2)]",32
8,33,0,16,"[(4, 1), (4, 2)]",33
8,34,0,17,"[(4, 1), (4, 2)]",34
8,35,0,20,"[(4, 1), (4, 2)]",35
8,36,0,20,"[(4, 1), (4, 2)]",36
8,37,0,20,"[(4, 1), (4, 2)]",37
8,38,0,21,"[(4, 1), (4, 2)]",38
8,39,0,27,"[(4, 1), (4, 2)]",39
8,40,0,33,"[(4, 1), (4, 2)]",40
8,41,0,33,"[(4, 1), (4, 2)]",41
8,42,0,32,"[(4, 1), (4, 2)]",42
8,43,0,32,"[(4, 1), (4, 2)]",43
8,44,0,31,"[(4, 1), (4, 2)]",44
8,45,0,31,"[(4, 1), (4, 2)]",45
8,46,0,31,"[(4, 1), (4, 2)]",46
8,47,0,30,"[(4, 1), (4, 2)]",47
8,48,0,30,"[(4, 1), (4, 2)]",48
8,49,0,29,"[(4, 1), (4, 2)]",49
8,50,0,38,"[(4, 1), (4, 2)]",50
8,51,0,36,"[(4, 1), (4, 2)]",51
8,52,0,37,"[(4, 1), (4, 2)]",52
8,53,0,37,"[(4, 1), (4, 2)]",53
8,54,0,41,"[(4, 1), (4, 2)]",54
8,55,0,44,"[(4, 1), (4, 2)]",55
8,56,0,47,"[(4, 1), (4, 2)]",56
8,57,0,52,"[(4, 1), (4, 2)]",57
8,58,0,55,"[(4, 1), (4, 2)]",58
8,59,0,56,"[(4, 1), (4, 2)]",59
8,60,0,58,"[(4, 1), (4, 2)]",60
9,0,36,0,[],0
9,1,34,0,"[(4, 2)]",1
9,2,29,0,"[(4, 1), (4, 2)]",2
9,3,28,0,"[(4, 1), (4, 2)]",3
9,4,24,0,"[(4, 1), (4, 2)]",4
9,5,25,0,"[(4, 1), (4, 2)]",5
9,6,24,0,"[(4, 1), (4, 2)]",6
9,7,23,0,"[(4, 1), (4, 2)]",7
9,8,23,0,"[(4, 1), (4, 2)]",8
9,9,23,0,"[(4, 1), (4, 2)]",9
9,10,21,0,"[(4, 1), (4, 2)]",10
9,11,22,0,"[(4, 1), (4, 2)]",11
9,12,22,0,"[(4, 1), (4, 2)]",12
9,13,19,0,"[(4, 1), (4, 2)]",13
9,14,20,0,"[(4, 1), (4, 2)]",14
9,15,19,0,"[(4, 1), (4, 2)]",15
9,16,20,0,"[(4, 1), (4, 2)]",16
9,17,18,0,"[(4, 1), (4, 2)]",17
9,18,18,0,"[(4, 1), (4, 2)]",18
9,19,17,0,"[(4, 1), (4, 2)]",19
9,20,14,0,"[(4, 1), (4, 2)]",20
9,21,17,0,"[(4, 1), (4, 2)]",21
9,22,16,0,"[(4, 1), (4, 2)]",22
9,23,15,0,"[(4, 1), (4, 2)]",23
9,24,12,0,"[(4, 1), (4, 2)]",24
9,25,9,0,"[(4, 1), (4, 2)]",25
9,26,9,0,"[(4, 1), (4, 2)]",26
9,27,8,0,"[(4, 1), (4, 2)]",27
9,28,4,0,"[(4, 1), (4, 2)]",28
9,29,0,1,"[(4, 1), (4, 2)]",29
9,30,0,1,"[(4, 1), (4, 2)]",30
9,31,0,3,"[(4, 1), (4, 2)]",31
9,32,0,1,"[(4, 1), (4, 2)]",32
9,33,0,1,"[(4, 1), (4, 2)]",33
9,34,2,0,"[(4, 1), (4, 2)]",34
9,35,1,0,"[(4, 1), (4, 2)]",35
9,36,3,0,"[(4, 1), (4, 2)]",36
9,37,0,1,"[(4, 1), (4, 2)]",37
9,38,0,1,"[(4, 1), (4, 2)]",38
9,39,0,1,"[(4, 1), (4, 2)]",39
9,40,0,2,"[(4, 1), (4, 2)]",40
9,41,0,3,"[(4, 1), (4, 2)]",41
9,42,0,8,"[(4, 1), (4, 2)]",42
9,43,0,9,"[(4, 1), (4, 2)]",43
9,44,0,13,"[(4, 1), (4, 2)]",44
9,45,0,15,"[(4, 1), (4, 2)]",45
9,46,0,18,"[(4, 1), (4, 2)]",46
9,47,0,17,"[(4, 1), (4, 2)]",47
9,48,0,18,"[(4, 1), (4, 2)]",48
9,49,0,17,"[(4, 1), (4, 2)]",49
9,50,0,26,"[(4, 1), (4, 2)]",50
9,51,0,28,"[(4, 1), (4, 2)]",51
9,52,0,29,"[(4, 1), (4, 2)]",52
9,53,0,31,"[(4, 1), (4, 2)]",53
9,54,0,37,"[(4, 1), (4, 2)]",54
9,55,0,41,"[(4, 1), (4, 2)]",55
9,56,0,41,"[(4, 1), (4, 2)]",56
9,57,0,41,"[(4, 1), (4, 2)]",57
9,58,0,41,"[(4, 1), (4, 2)]",58
9,59,0,43,"[(4, 1), (4, 2)]",59
9,60,0,42,"[(4, 1), (4, 2)]",60
10,0,48,0,[],0
10,1,47,0,"[(4, 2)]",1
10,2,42,0,"[(4, 1), (4, 2)]",2
10,3,41,0,"[(4, 1), (4, 2)]",3
10,4,37,0,"[(4, 1), (4, 2)]",4
10,5,35,0,"[(4, 1), (4, 2)]",5
10,6,35,0,"[(4, 1), (4, 2)]",6
10,7,37,0,"[(4, 1), (4, 2)]",7
10,8,34,0,"[(4, 1), (4, 2)]",8
10,9,31,0,"[(4, 1), (4, 2)]",9
10,10,28,0,"[(4, 1), (4, 2)]",10
10,11,25,0,"[(4, 1), (4, 2)]",11
10,12,23,0,"[(4, 1), (4, 2)]",12
10,13,21,0,"[(4, 1), (4, 2)]",13
10,14,22,0,"[(4, 1), (4, 2)]",14
10,15,25,0,"[(4, 1), (4, 2)]",15
10,16,27,0,"[(4, 1), (4, 2)]",16
10,17,27,0,"[(4, 1), (4, 2)]",17
10,18,23,0,"[(4, 1), (4, 2)]",18
10,19,23,0,"[(4, 1), (4, 2)]",19
10,20,22,0,"[(4, 1), (4, 2)]",20
10,21,18,0,"[(4, 1), (4, 2)]",21
10,22,14,0,"[(4, 1), (4, 2)]",22
10,23,13,0,"[(4, 1), (4, 2)]",23
10,24,10,0,"[(4, 1), (4, 2)]",24
10,25,5,0,"[(4, 1), (4, 2)]",25
10,26,3,0,"[(4, 1), (4, 2)]",26
10,27,6,0,"[(4, 1), (4, 2)]",27
10,28,4,0,"[(4, 1), (4, 2)]",28
10,29,3,0,"[(4, 1), (4, 2)]",29
10,30,0,1,"[(4, 1), (4, 2)]",30
10,31,0,5,"[(4, 1), (4, 2)]",31
10,32,0,7,"[(4, 1), (4, 2)]",32
10,33,0,12,"[(4, 1), (4, 2)]",33
10,34,0,15,"[(4, 1), (4, 2)]",34
10,35,0,13,"[(4, 1), (4, 2)]",35
10,36,0,12,"[(4, 1), (4, 2)]",36
10,37,0,13,"[(4, 1), (4, 2)]",37
10,38,0,16,"[(4, 1), (4, 2)]",38
10,39,0,20,"[(4, 1), (4, 2)]",39
10,40,0,20,"[(4, 1), (4, 2)]",40
10,41,0,20,"[(4, 1), (4, 2)]",41
10,42,0,19,"[(4, 1), (4, 2)]",42
10,43,0,21,"[(4, 1), (4, 2)]",43
10,44,0,18,"[(4, 1), (4, 2)]",44
10,45,0,23,"[(4, 1), (4, 2)]",45
10,46,0,24,"[(4, 1), (4, 2)]",46
10,47,0,27,"[(4, 1), (4, 2)]",47
10,48,0,31,"[(4, 1), (4, 2)]",48
10,49,0,32,"[(4, 1), (4, 2)]",49
10,50,0,32,"[(4, 1), (4, 2)]",50
10,51,0,33,"[(4, 1), (4, 2)]",51
10,52,0,35,"[(4, 1), (4, 2)]",52
10,53,0,35,"[(4, 1), (4, 2)]",53
10,54,0,40,"[(4, 1), (4, 2)]",54
10,55,0,40,"[(4, 1), (4, 2)]",55
10,56,0,40,"[(4, 1), (4, 2)]",56
10,57,0,41,"[(4, 1), (4, 2)]",57
10,58,0,41,"[(4, 1), (4, 2)]",58
10,59,0,42,"[(4, 1), (4, 2)]",59
10,60,0,46,"[(4, 1), (4, 2)]",60
11,0,50,0,[],0
11,1,42,0,"[(4, 2)]",1
11,2,40,0,"[(4, 1), (4, 2)]",2
11,3,35,0,"[(4, 1), (4, 2)]",3
11,4,31,0,"[(4, 1), (4, 2)]",4
11,5,32,0,"[(4, 1), (4, 2)]",5
11,6,35,0,"[(4, 1), (4, 2)]",6
11,7,32,0,"[(4, 1), (4, 2)]",7
11,8,31,0,"[(4, 1), (4, 2)]",8
11,9,31,0,"[(4, 1), (4, 2)]",9
11,10,30,0,"[(4, 1), (4, 2)]",10
11,11,28,0,"[(4, 1), (4, 2)]",11
11,12,27,0,"[(4, 1), (4, 2)]",12
11,13,25,0,"[(4, 1), (4, 2)]",13
11,14,28,0,"[(4, 1), (4, 2)]",14
11,15,26,0,"[(4, 1), (4, 2)]",15
11,16,23,0,"[(4, 1), (4, 2)]",16
11,17,23,0,"[(4, 1), (4, 2)]",17
11,18,22,0,"[(4, 1), (4, 2)]",18
11,19,21,0,"[(4, 1), (4, 2)]",19
11,20,21,0,"[(4, 1), (4, 2)]",20
11,21,19,0,"[(4, 1), (4, 2)]",21
11,22,18,0,"[(4, 1), (4, 2)]",22
11,23,17,0,"[(4, 1), (4, 2)]",23
11,24,15,0,"[(4, 1), (4, 2)]",24
11,25,13,0,"[(4, 1), (4, 2)]",25
11,26,15,0,"[(4, 1), (4, 2)]",26
11,27,9,0,"[(4, 1), (4, 2)]",27
11,28,8,0,"[(4, 1), (4, 2)]",28
11,29,7,0,"[(4, 1), (4, 2)]",29
11,30,5,0,"[(4, 1), (4, 2)]",30
11,31,5,0,"[(4, 1), (4, 2)]",31
11,32,4,0,"[(4, 1), (4, 2)]",32
11,33,1,0,"[(4, 1), (4, 2)]",33
11,34,0,0,"[(4, 1), (4, 2)]",34
11,35,0,2,"[(4, 1), (4, 2)]",35
11,36,0,4,"[(4, 1), (4, 2)]",36
11,37,0,4,"[(4, 1), (4, 2)]",37
11,38,0,7,"[(4, 1), (4, 2)]",38
11,39,0,4,"[(4, 1), (4, 2)]",39
11,40,0,7,"[(4, 1), (4, 2)]",40
11,41,0,10,"[(4, 1), (4, 2)]",41
11,42,0,10,"[(4, 1), (4, 2)]",42
11,43,0,9,"[(4, 1), (4, 2)]",43
11,44,0,12,"[(4, 1), (4, 2)]",44
11,45,0,9,"[(4, 1), (4, 2)]",45
11,46,0,9,"[(4, 1), (4, 2)]",46
11,47,0,9,"[(4, 1), (4, 2)]",47
11,48,0,8,"[(4, 1), (4, 2)]",48
11,49,0,7,"[(4, 1), (4, 2)]",49
11,50,0,10,"[(4, 1), (4, 2)]",50
11,51,0,11,"[(4, 1), (4, 2)]",51
11,52,0,15,"[(4, 1), (4, 2)]",52
11,53,0,14,"[(4, 1), (4, 2)]",53
11,54,0,16,"[(4, 1), (4, 2)]",54
11,55,0,22,"[(4, 1), (4, 2)]",55
11,56,0,21,"[(4, 1), (4, 2)]",56
11,57,0,18,"[(4, 1), (4, 2)]",57
11,58,0,16,"[(4, 1), (4, 2)]",58
11,59,0,17,"[(4, 1), (4, 2)]",59
11,60,0,15,"[(4, 1), (4, 2)]",60
12,0,29,0,[],0
12,1,23,0,"[(4, 2)]",1
12,2,19,0,"[(4, 1), (4, 2)]",2
12,3,20,0,"[(4, 1), (4, 2)]",3
12,4,18,0,"[(4, 1), (4, 2)]",4
12,5,15,0,"[(4, 1), (4, 2)]",5
12,6,14,0,"[(4, 1), (4, 2)]",6
12,7,14,0,"[(4, 1), (4, 2)]",7
12,8,13,0,"[(4, 1), (4, 2)]",8
12,9,12,0,"[(4, 1), (4, 2)]",9
12,10,13,0,"[(4, 1), (4, 2)]",10
12,11,13,0,"[(4, 1), (4, 2)]",11
12,12,13,0,"[(4, 1), (4, 2)]",12
12,13,13,0,"[(4, 1), (4, 2)]",13
12,14,12,0,"[(4, 1), (4, 2)]",14
12,15,8,0,"[(4, 1), (4, 2)]",15
12,16,7,0,"[(4, 1), (4, 2)]",16
12,17,8,0,"[(4, 1), (4, 2)]",17
12,18,7,0,"[(4, 1), (4, 2)]",18
12,19,3,0,"[(4, 1), (4, 2)]",19
12,20,3,0,"[(4, 1), (4, 2)]",20
12,21,4,0,"[(4, 1), (4, 2)]",21
12,22,6,0,"[(4, 1), (4, 2)]",22
12,23,7,0,"[(4, 1), (4, 2)]",23
12,24,5,0,"[(4, 1), (4, 2)]",24
12,25,6,0,"[(4, 1), (4, 2)]",25
12,26,2,0,"[(4, 1), (4, 2)]",26
12,27,0,1,"[(4, 1), (4, 2)]",27
12,28,0,0,"[(4, 1), (4, 2)]",28
12,29,0,5,"[(4, 1), (4, 2)]",29
12,30,0,5,"[(4, 1), (4, 2)]",30
12,31,0,7,"[(4, 1), (4, 2)]",31
12,32,0,12,"[(4, 1), (4, 2)]",32
12,33,0,12,"[(4, 1), (4, 2)]",33
12,34,0,16,"[(4, 1), (4, 2)]",34
12,35,0,18,"[(4, 1), (4, 2)]",35
12,36,0,23,"[(4, 1), (4, 2)]",36
12,37,0,23,"[(4, 1), (4, 2)]",37
12,38,0,24,"[(4, 1), (4, 2)]",38
12,39,0,24,"[(4, 1), (4, 2)]",39
12,40,0,22,"[(4, 1), (4, 2)]",40
12,41,0,21,"[(4, 1), (4, 2)]",41
12,42,0,20,"[(4, 1), (4, 2)]",42
12,43,0,20,"[(4, 1), (4, 2)]",43
12,44,0,20,"[(4, 1), (4, 2)]",44
12,45,0,20,"[(4, 1), (4, 2)]",45
12,46,0,19,"[(4, 1), (4, 2)]",46
12,47,0,20,"[(4, 1), (4, 2)]",47
12,48,0,26,"[(4, 1), (4, 2)]",48
12,49,0,25,"[(4, 1), (4, 2)]",49
12,50,0,26,"[(4, 1), (4, 2)]",50
12,51,0,26,"[(4, 1), (4, 2)]",51
12,52,0,31,"[(4, 1), (4, 2)]",52
12,53,0,33,"[(4, 1), (4, 2)]",53
12,54,0,34,"[(4, 1), (4, 2)]",54
12,55,0,35,"[(4, 1), (4, 2)]",55
12,56,0,35,"[(4, 1), (4, 2)]",56
12,57,0,42,"[(4, 1), (4, 2)]",57
12,58,0,43,"[(4, 1), (4, 2)]",58
12,59,0,39,"[(4, 1), (4, 2)]",59
12,60,0,37,"[(4, 1), (4, 2)]",60
13,0,17,0,[],0
13,1,16,0,"[(4, 2)]",1
13,2,11,0,"[(4, 1), (4, 2)]",2
13,3,11,0,"[(4, 1), (4, 2)]",3
13,4,10,0,"[(4, 1), (4, 2)]",4
13,5,5,0,"[(4, 1), (4, 2)]",5
13,6,5,0,"[(4, 1), (4, 2)]",6
13,7,9,0,"[(4, 1), (4, 2)]",7
13,8,4,0,"[(4, 1), (4, 2)]",8
13,9,4,0,"[(4, 1), (4, 2)]",9
13,10,5,0,"[(4, 1), (4, 2)]",10
13,11,5,0,"[(4, 1), (4, 2)]",11
13,12,4,0,"[(4, 1), (4, 2)]",12
13,13,3,0,"[(4, 1), (4, 2)]",13
13,14,1,0,"[(4, 1), (4, 2)]",14
13,15,1,0,"[(4, 1), (4, 2)]",15
13,16,0,1,"[(4, 1), (4, 2)]",16
13,17,0,2,"[(4, 1), (4, 2)]",17
13,18,0,4,"[(4, 1), (4, 2)]",18
13,19,0,6,"[(4, 1), (4, 2)]",19
13,20,0,8,"[(4, 1), (4, 2)]",20
13,21,0,8,"[(4, 1), (4, 2)]",21
13,22,0,10,"[(4, 1), (4, 2)]",22
13,23,0,9,"[(4, 1), (4, 2)]",23
13,24,0,11,"[(4, 1), (4, 2)]",24
13,25,0,12,"[(4, 1), (4, 2)]",25
13,26,0,16,"[(4, 1), (4, 2)]",26
13,27,0,20,"[(4, 1), (4, 2)]",27
13,28,0,22,"[(4, 1), (4, 2)]",28
13,29,0,20,"[(4, 1), (4, 2)]",29
13,30,0,20,"[(4, 1), (4, 2)]",30
13,31,0,24,"[(4, 1), (4, 2)]",31
13,32,0,26,"[(4, 1), (4, 2)]",32
13,33,0,30,"[(4, 1), (4, 2)]",33
13,34,0,33,"[(4, 1), (4, 2)]",34
13,35,0,34,"[(4, 1), (4, 2)]",35
13,36,0,35,"[(4, 1), (4, 2)]",36
13,37,0,38,"[(4, 1), (4, 2)]",37
13,38,0,37,"[(4, 1), (4, 2)]",38
13,39,0,36,"[(4, 1), (4, 2)]",39
13,40,0,36,"[(4, 1), (4, 2)]",40
13,41,0,38,"[(4, 1), (4, 2)]",41
13,42,0,38,"[(4, 1), (4, 2)]",42
13,43,0,36,"[(4, 1), (4, 2)]",43
13,44,0,34,"[(4, 1), (4, 2)]",44
13,45,0,38,"[(4, 1), (4, 2)]",45
13,46,0,41,"[(4, 1), (4, 2)]",46
13,47,0,43,"[(4, 1), (4, 2)]",47
13,48,0,46,"[(4, 1), (4, 2)]",48
13,49,0,48,"[(4, 1), (4, 2)]",49
13,50,0,45,"[(4, 1), (4, 2)]",50
13,51,0,43,"[(4, 1), (4, 2)]",51
13,52,0,43,"[(4, 1), (4, 2)]",52
13,53,0,43,"[(4, 1), (4, 2)]",53
13,54,0,46,"[(4, 1), (4, 2)]",54
13,55,0,46,"[(4, 1), (4, 2)]",55
13,56,0,48,"[(4, 1), (4, 2)]",56
13,57,0,45,"[(4, 1), (4, 2)]",57
13,58,0,43,"[(4, 1), (4, 2)]",58
13,59,0,40,"[(4, 1), (4, 2)]",59
13,60,0,40,"[(4, 1), (4, 2)]",60
14,0,34,0,[],0
14,1,27,0,"[(4, 2)]",1
14,2,19,0,"[(4, 1), (4, 2)]",2
14,3,21,0,"[(4, 1), (4, 2)]",3
14,4,23,0,"[(4, 1), (4, 2)]",4
14,5,24,0,"[(4, 1), (4, 2)]",5
14,6,19,0,"[(4, 1), (4, 2)]",6
14,7,23,0,"[(4, 1), (4, 2)]",7
14,8,22,0,"[(4, 1), (4, 2)]",8
14,9,21,0,"[(4, 1), (4, 2)]",9
14,10,21,0,"[(4, 1), (4, 2)]",10
14,11,18,0,"[(4, 1), (4, 2)]",11
14,12,17,0,"[(4, 1), (4, 2)]",12
14,13,11,0,"[(4, 1), (4, 2)]",13
14,14,10,0,"[(4, 1), (4, 2)]",14
14,15,10,0,"[(4, 1), (4, 2)]",15
14,16,9,0,"[(4, 1), (4, 2)]",16
14,17,10,0,"[(4, 1), (4, 2)]",17
14,18,8,0,"[(4, 1), (4, 2)]",18
14,19,8,0,"[(4, 1), (4, 2)]",19
14,20,8,0,"[(4, 1), (4, 2)]",20
14,21,6,0,"[(4, 1), (4, 2)]",21
14,22,5,0,"[(4, 1), (4, 2)]",22
14,23,0,0,"[(4, 1), (4, 2)]",23
14,24,0,1,"[(4, 1), (4, 2)]",24
14,25,0,0,"[(4, 1), (4, 2)]",25
14,26,1,0,"[(4, 1), (4, 2)]",26
14,27,0,0,"[(4, 1), (4, 2)]",27
14,28,0,1,"[(4, 1), (4, 2)]",28
14,29,0,1,"[(4, 1), (4, 2)]",29
14,30,0,2,"[(4, 1), (4, 2)]",30
14,31,0,6,"[(4, 1), (4, 2)]",31
14,32,0,10,"[(4, 1), (4, 2)]",32
14,33,0,12,"[(4, 1), (4, 2)]",33
14,34,0,8,"[(4, 1), (4, 2)]",34
14,35,0,10,"[(4, 1), (4, 2)]",35
14,36,0,16,"[(4, 1), (4, 2)]",36
14,37,0,15,"[(4, 1), (4, 2)]",37
14,38,0,16,"[(4, 1), (4, 2)]",38
14,39,0,16,"[(4, 1), (4, 2)]",39
14,40,0,18,"[(4, 1), (4, 2)]",40
14,41,0,19,"[(4, 1), (4, 2)]",41
14,42,0,20,"[(4, 1), (4, 2)]",42
14,43,0,18,"[(4, 1), (4, 2)]",43
14,44,0,16,"[(4, 1), (4, 2)]",44
14,45,0,17,"[(4, 1), (4, 2)]",45
14,46,0,17,"[(4, 1), (4, 2)]",46
14,47,0,21,"[(4, 1), (4, 2)]",47
14,48,0,24,"[(4, 1), (4, 2)]",48
14,49,0,21,"[(4, 1), (4, 2)]",49
14,50,0,19,"[(4, 1), (4, 2)]",50
14,51,0,20,"[(4, 1), (4, 2)]",51
14,52,0,21,"[(4, 1), (4, 2)]",52
14,53,0,22,"[(4, 1), (4, 2)]",53
14,54,0,23,"[(4, 1), (4, 2)]",54
14,55,0,26,"[(4, 1), (4, 2)]",55
14,56,0,29,"[(4, 1), (4, 2)]",56
14,57,0,28,"[(4, 1), (4, 2)]",57
14,58,0,27,"[(4, 1), (4, 2)]",58
14,59,0,29,"[(4, 1), (4, 2)]",59
14,60,0,27,"[(4, 1), (4, 2)]",60
15,0,34,0,[],0
15,1,28,0,"[(4, 2)]",1
15,2,23,0,"[(4, 1), (4, 2)]",2
15,3,21,0,"[(4, 1), (4, 2)]",3
15,4,20,0,"[(4, 1), (4, 2)]",4
15,5,19,0,"[(4, 1), (4, 2)]",5
15,6,16,0,"[(4, 1), (4, 2)]",6
15,7,14,0,"[(4, 1), (4, 2)]",7
15,8,17,0,"[(4, 1), (4, 2)]",8
15,9,16,0,"[(4, 1), (4, 2)]",9
15,10,17,0,"[(4, 1), (4, 2)]",10
15,11,14,0,"[(4, 1), (4, 2)]",11
15,12,12,0,"[(4, 1), (4, 2)]",12
15,13,10,0,"[(4, 1), (4, 2)]",13
15,14,10,0,"[(4, 1), (4, 2)]",14
15,15,6,0,"[(4, 1), (4, 2)]",15
15,16,7,0,"[(4, 1), (4, 2)]",16
15,17,6,0,"[(4, 1), (4, 2)]",17
15,18,7,0,"[(4, 1), (4, 2)]",18
15,19,3,0,"[(4, 1), (4, 2)]",19
15,20,2,0,"[(4, 1), (4, 2)]",20
15,21,3,0,"[(4, 1), (4, 2)]",21
15,22,0,0,"[(4, 1), (4, 2)]",22
15,23,2,0,"[(4, 1), (4, 2)]",23
15,24,2,0,"[(4, 1), (4, 2)]",24
15,25,2,0,"[(4, 1), (4, 2)]",25
15,26,1,0,"[(4, 1), (4, 2)]",26
15,27,1,0,"[(4, 1), (4, 2)]",27
15,28,3,0,"[(4, 1), (4, 2)]",28
15,29,5,0,"[(4, 1), (4, 2)]",29
15,30,6,0,"[(4, 1), (4, 2)]",30
15,31,5,0,"[(4, 1), (4, 2)]",31
15,32,6,0,"[(4, 1), (4, 2)]",32
15,33,3,0,"[(4, 1), (4, 2)]",33
15,34,0,2,"[(4, 1), (4, 2)]",34
15,35,0,0,"[(4, 1), (4, 2)]",35
15,36,0,0,"[(4, 1), (4, 2)]",36
15,37,0,3,"[(4, 1), (4, 2)]",37
15,38,0,3,"[(4, 1), (4, 2)]",38
15,39,0,1,"[(4, 1), (4, 2)]",39
15,40,0,2,"[(4, 1), (4, 2)]",40
15,41,0,4,"[(4, 1), (4, 2)]",41
15,42,0,6,"[(4, 1), (4, 2)]",42
15,43,0,6,"[(4, 1), (4, 2)]",43
15,44,0,8,"[(4, 1), (4, 2)]",44
15,45,0,12,"[(4, 1), (4, 2)]",45
15,46,0,16,"[(4, 1), (4, 2)]",46
15,47,0,18,"[(4, 1), (4, 2)]",47
15,48,0,21,"[(4, 1), (4, 2)]",48
15,49,0,24,"[(4, 1), (4, 2)]",49
15,50,0,28,"[(4, 1), (4, 2)]",50
15,51,0,25,"[(4, 1), (4, 2)]",51
15,52,0,26,"[(4, 1), (4, 2)]",52
15,53,0,29,"[(4, 1), (4, 2)]",53
15,54,0,29,"[(4, 1), (4, 2)]",54
15,55,0,30,"[(4, 1), (4, 2)]",55
15,56,0,30,"[(4, 1), (4, 2)]",56
15,57,0,30,"[(4, 1), (4, 2)]",57
15,58,0,31,"[(4, 1), (4, 2)]",58
15,59,0,30,"[(4, 1), (4, 2)]",59
15,60,0,29,"[(4, 1), (4, 2)]",60
16,0,33,0,[],0
16,1,28,0,"[(4, 2)]",1
16,2,22,0,"[(4, 1), (4, 2)]",2
16,3,19,0,"[(4, 1), (4, 2)]",3
16,4,20,0,"[(4, 1), (4, 2)]",4
16,5,18,0,"[(4, 1), (4, 2)]",5
16,6,17,0,"[(4, 1), (4, 2)]",6
16,7,13,0,"[(4, 1), (4, 2)]",7
16,8,10,0,"[(4, 1), (4, 2)]",8
16,9,13,0,"[(4, 1), (4, 2)]",9
16,10,12,0,"[(4, 1), (4, 2)]",10
16,11,8,0,"[(4, 1), (4, 2)]",11
16,12,8,0,"[(4, 1), (4, 2)]",12
16,13,8,0,"[(4, 1), (4, 2)]",13
16,14,6,0,"[(4, 1), (4, 2)]",14
16,15,3,0,"[(4, 1), (4, 2)]",15
16,16,3,0,"[(4, 1), (4, 2)]",16
16,17,0,0,"[(4, 1), (4, 2)]",17
16,18,0,2,"[(4, 1), (4, 2)]",18
16,19,0,1,"[(4, 1), (4, 2)]",19
16,20,0,4,"[(4, 1), (4, 2)]",20
16,21,0,4,"[(4, 1), (4, 2)]",21
16,22,0,3,"[(4, 1), (4, 2)]",22
16,23,0,7,"[(4, 1), (4, 2)]",23
16,24,0,10,"[(4, 1), (4, 2)]",24
16,25,0,11,"[(4, 1), (4, 2)]",25
16,26,0,13,"[(4, 1), (4, 2)]",26
16,27,0,18,"[(4, 1), (4, 2)]",27
16,28,0,21,"[(4, 1), (4, 2)]",28
16,29,0,23,"[(4, 1), (4, 2)]",29
16,30,0,20,"[(4, 1), (4, 2)]",30
16,31,0,24,"[(4, 1), (4, 2)]",31
16,32,0,24,"[(4, 1), (4, 2)]",32
16,33,0,22,"[(4, 1), (4, 2)]",33
16,34,0,25,"[(4, 1), (4, 2)]",34
16,35,0,24,"[(4, 1), (4, 2)]",35
16,36,0,30,"[(4, 1), (4, 2)]",36
16,37,0,34,"[(4, 1), (4, 2)]",37
16,38,0,35,"[(4, 1), (4, 2)]",38
16,39,0,35,"[(4, 1), (4, 2)]",39
16,40,0,35,"[(4, 1), (4, 2)]",40
16,41,0,37,"[(4, 1), (4, 2)]",41
16,42,0,40,"[(4, 1), (4, 2)]",42
16,43,0,41,"[(4, 1), (4, 2)]",43
16,44,0,41,"[(4, 1), (4, 2)]",44
16,45,0,38,"[(4, 1), (4, 2)]",45
16,46,0,37,"[(4, 1), (4, 2)]",46
16,47,0,35,"[(4, 1), (4, 2)]",47
16,48,0,36,"[(4, 1), (4, 2)]",48
16,49,0,37,"[(4, 1), (4, 2)]",49
16,50,0,38,"[(4, 1), (4, 2)]",50
16,51,0,41,"[(4, 1), (4, 2)]",51
16,52,0,41,"[(4, 1), (4, 2)]",52
16,53,0,42,"[(4, 1), (4, 2)]",53
16,54,0,45,"[(4, 1), (4, 2)]",54
16,55,0,43,"[(4, 1), (4, 2)]",55
16,56,0,41,"[(4, 1), (4, 2)]",56
16,57,0,39,"[(4, 1), (4, 2)]",57
16,58,0,40,"[(4, 1), (4, 2)]",58
16,59,0,40,"[(4, 1), (4, 2)]",59
16,60,0,46,"[(4, 1), (4, 2)]",60
17,0,45,0,[],0
17,1,43,0,"[(4, 2)]",1
17,2,36,0,"[(4, 1), (4, 2)]",2
17,3,34,0,"[(4, 1), (4, 2)]",3
17,4,32,0,"[(4, 1), (4, 2)]",4
17,5,33,0,"[(4, 1), (4, 2)]",5
17,6,29,0,"[(4, 1), (4, 2)]",6
17,7,27,0,"[(4, 1), (4, 2)]",7
17,8,26,0,"[(4, 1), (4, 2)]",8
17,9,25,0,"[(4, 1), (4, 2)]",9
17,10,24,0,"[(4, 1), (4, 2)]",10
17,11,28,0,"[(4, 1), (4, 2)]",11
17,12,28,0,"[(4, 1), (4, 2)]",12
17,13,24,0,"[(4, 1), (4, 2)]",13
17,14,24,0,"[(4, 1), (4, 2)]",14
17,15,24,0,"[(4, 1), (4, 2)]",15
17,16,25,0,"[(4, 1), (4, 2)]",16
17,17,25,0,"[(4, 1), (4, 2)]",17
17,18,27,0,"[(4, 1), (4, 2)]",18
17,19,26,0,"[(4, 1), (4, 2)]",19
17,20,26,0,"[(4, 1), (4, 2)]",20
17,21,28,0,"[(4, 1), (4, 2)]",21
17,22,28,0,"[(4, 1), (4, 2)]",22
17,23,28,0,"[(4, 1), (4, 2)]",23
17,24,29,0,"[(4, 1), (4, 2)]",24
17,25,29,0,"[(4, 1), (4, 2)]",25
17,26,31,0,"[(4, 1), (4, 2)]",26
17,27,31,0,"[(4, 1), (4, 2)]",27
17,28,32,0,"[(4, 1), (4, 2)]",28
17,29,31,0,"[(4, 1), (4, 2)]",29
17,30,32,0,"[(4, 1), (4, 2)]",30
17,31,34,0,"[(4, 1), (4, 2)]",31
17,32,34,0,"[(4, 1), (4, 2)]",32
17,33,28,0,"[(4, 1), (4, 2)]",33
17,34,26,0,"[(4, 1), (4, 2)]",34
17,35,24,0,"[(4, 1), (4, 2)]",35
17,36,25,0,"[(4, 1), (4, 2)]",36
17,37,24,0,"[(4, 1), (4, 2)]",37
17,38,24,0,"[(4, 1), (4, 2)]",38
17,39,24,0,"[(4, 1), (4, 2)]",39
17,40,21,0,"[(4, 1), (4, 2)]",40
17,41,22,0,"[(4, 1), (4, 2)]",41
17,42,19,0,"[(4, 1), (4, 2)]",42
17,43,20,0,"[(4, 1), (4, 2)]",43
17,44,18,0,"[(4, 1), (4, 2)]",44
17,45,17,0,"[(4, 1), (4, 2)]",45
17,46,16,0,"[(4, 1), (4, 2)]",46
17,47,18,0,"[(4, 1), (4, 2)]",47
17,48,18,0,"[(4, 1), (4, 2)]",48
17,49,16,0,"[(4, 1), (4, 2)]",49
17,50,14,0,"[(4, 1), (4, 2)]",50
17,51,17,0,"[(4, 1), (4, 2)]",51
17,52,18,0,"[(4, 1), (4, 2)]",52
17,53,17,0,"[(4, 1), (4, 2)]",53
17,54,19,0,"[(4, 1), (4, 2)]",54
17,55,14,0,"[(4, 1), (4, 2)]",55
17,56,12,0,"[(4, 1), (4, 2)]",56
17,57,12,0,"[(4, 1), (4, 2)]",57
17,58,11,0,"[(4, 1), (4, 2)]",58
17,59,9,0,"[(4, 1), (4, 2)]",59
17,60,5,0,"[(4, 1), (4, 2)]",60
18,0,30,0,[],0
18,1,24,0,"[(4, 2)]",1
18,2,20,0,"[(4, 1), (4, 2)]",2
18,3,22,0,"[(4, 1), (4, 2)]",3
18,4,19,0,"[(4, 1), (4, 2)]",4
18,5,22,0,"[(4, 1), (4, 2)]",5
18,6,19,0,"[(4, 1), (4, 2)]",6
18,7,17,0,"[(4, 1), (4, 2)]",7
18,8,17,0,"[(4, 1), (4, 2)]",8
18,9,19,0,"[(4, 1), (4, 2)]",9
18,10,13,0,"[(4, 1), (4, 2)]",10
18,11,12,0,"[(4, 1), (4, 2)]",11
18,12,9,0,"[(4, 1), (4, 2)]",12
18,13,7,0,"[(4, 1), (4, 2)]",13
18,14,6,0,"[(4, 1), (4, 2)]",14
18,15,4,0,"[(4, 1), (4, 2)]",15
18,16,5,0,"[(4, 1), (4, 2)]",16
18,17,3,0,"[(4, 1), (4, 2)]",17
18,18,4,0,"[(4, 1), (4, 2)]",18
18,19,2,0,"[(4, 1), (4, 2)]",19
18,20,0,3,"[(4, 1), (4, 2)]",20
18,21,0,1,"[(4, 1), (4, 2)]",21
18,22,0,6,"[(4, 1), (4, 2)]",22
18,23,0,11,"[(4, 1), (4, 2)]",23
18,24,0,12,"[(4, 1), (4, 2)]",24
18,25,0,19,"[(4, 1), (4, 2)]",25
18,26,0,17,"[(4, 1), (4, 2)]",26
18,27,0,15,"[(4, 1), (4, 2)]",27
18,28,0,15,"[(4, 1), (4, 2)]",28
18,29,0,18,"[(4, 1), (4, 2)]",29
18,30,0,21,"[(4, 1), (4, 2)]",30
18,31,0,20,"[(4, 1), (4, 2)]",31
18,32,0,21,"[(4, 1), (4, 2)]",32
18,33,0,23,"[(4, 1), (4, 2)]",33
18,34,0,20,"[(4, 1), (4, 2)]",34
18,35,0,23,"[(4, 1), (4, 2)]",35
18,36,0,23,"[(4, 1), (4, 2)]",36
18,37,0,24,"[(4, 1), (4, 2)]",37
18,38,0,25,"[(4, 1), (4, 2)]",38
18,39,0,23,"[(4, 1), (4, 2)]",39
18,40,0,26,"[(4, 1), (4, 2)]",40
18,41,0,26,"[(4, 1), (4, 2)]",41
18,42,0,23,"[(4, 1), (4, 2)]",42
18,43,0,22,"[(4, 1), (4, 2)]",43
18,44,0,23,"[(4, 1), (4, 2)]",44
18,45,0,24,"[(4, 1), (4, 2)]",45
18,46,0,23,"[(4, 1), (4, 2)]",46
18,47,0,21,"[(4, 1), (4, 2)]",47
18,48,0,25,"[(4, 1), (4, 2)]",48
18,49,0,26,"[(4, 1), (4, 2)]",49
18,50,0,29,"[(4, 1), (4, 2)]",50
18,51,0,26,"[(4, 1), (4, 2)]",51
18,52,0,24,"[(4, 1), (4, 2)]",52
18,53,0,25,"[(4, 1), (4, 2)]",53
18,54,0,27,"[(4, 1), (4, 2)]",54
18,55,0,27,"[(4, 1), (4, 2)]",55
18,56,0,29,"[(4, 1), (4, 2)]",56
18,57,0,33,"[(4, 1), (4, 2)]",57
18,58,0,37,"[(4, 1), (4, 2)]",58
18,59,0,39,"[(4, 1), (4, 2)]",59
18,60,0,39,"[(4, 1), (4, 2)]",60
19,0,47,0,[],0
19,1,42,0,"[(4, 2)]",1
19,2,34,0,"[(4, 1), (4, 2)]",2
19,3,35,0,"[(4, 1), (4, 2)]",3
19,4,35,0,"[(4, 1), (4, 2)]",4
19,5,34,0,"[(4, 1), (4, 2)]",5
19,6,32,0,"[(4, 1), (4, 2)]",6
19,7,27,0,"[(4, 1), (4, 2)]",7
19,8,29,0,"[(4, 1), (4, 2)]",8
19,9,25,0,"[(4, 1), (4, 2)]",9
19,10,23,0,"[(4, 1), (4, 2)]",10
19,11,21,0,"[(4, 1), (4, 2)]",11
19,12,24,0,"[(4, 1), (4, 2)]",12
19,13,27,0,"[(4, 1), (4, 2)]",13
19,14,28,0,"[(4, 1), (4, 2)]",14
19,15,22,0,"[(4, 1), (4, 2)]",15
19,16,17,0,"[(4, 1), (4, 2)]",16
19,17,18,0,"[(4, 1), (4, 2)]",17
19,18,19,0,"[(4, 1), (4, 2)]",18
19,19,18,0,"[(4, 1), (4, 2)]",19
19,20,18,0,"[(4, 1), (4, 2)]",20
19,21,18,0,"[(4, 1), (4, 2)]",21
19,22,12,0,"[(4, 1), (4, 2)]",22
19,23,6,0,"[(4, 1), (4, 2)]",23
19,24,6,0,"[(4, 1), (4, 2)]",24
19,25,4,0,"[(4, 1), (4, 2)]",25
19,26,2,0,"[(4, 1), (4, 2)]",26
19,27,2,0,"[(4, 1), (4, 2)]",27
19,28,4,0,"[(4, 1), (4, 2)]",28
19,29,7,0,"[(4, 1), (4, 2)]",29
19,30,6,0,"[(4, 1), (4, 2)]",30
19,31,6,0,"[(4, 1), (4, 2)]",31
19,32,4,0,"[(4, 1), (4, 2)]",32
19,33,2,0,"[(4, 1), (4, 2)]",33
19,34,5,0,"[(4, 1), (4, 2)]",34
19,35,3,0,"[(4, 1), (4, 2)]",35
19,36,1,0,"[(4, 1), (4, 2)]",36
19,37,0,1,"[(4, 1), (4, 2)]",37
19,38,0,3,"[(4, 1), (4, 2)]",38
19,39,0,6,"[(4, 1), (4, 2)]",39
19,40,0,4,"[(4, 1), (4, 2)]",40
19,41,0,4,"[(4, 1), (4, 2)]",41
19,42,0,3,"[(4, 1), (4, 2)]",42
19,43,0,8,"[(4, 1), (4, 2)]",43
19,44,0,8,"[(4, 1), (4, 2)]",44
19,45,0,11,"[(4, 1), (4, 2)]",45
19,46,0,9,"[(4, 1), (4, 2)]",46
19,47,0,10,"[(4, 1), (4, 2)]",47
19,48,0,13,"[(4, 1), (4, 2)]",48
19,49,0,11,"[(4, 1), (4, 2)]",49
19,50,0,10,"[(4, 1), (4, 2)]",50
19,51,0,12,"[(4, 1), (4, 2)]",51
19,52,0,13,"[(4, 1), (4, 2)]",52
19,53,0,15,"[(4, 1), (4, 2)]",53
19,54,0,13,"[(4, 1), (4, 2)]",54
19,55,0,14,"[(4, 1), (4, 2)]",55
19,56,0,17,"[(4, 1), (4, 2)]",56
19,57,0,17,"[(4, 1), (4, 2)]",57
19,58,0,20,"[(4, 1), (4, 2)]",58
19,59,0,19,"[(4, 1), (4, 2)]",59
19,60,0,20,"[(4, 1), (4, 2)]",60
20,0,39,0,[],0
20,1,36,0,"[(4, 2)]",1
20,2,31,0,"[(4, 1), (4, 2)]",2
20,3,34,0,"[(4, 1), (4, 2)]",3
20,4,32,0,"[(4, 1), (4, 2)]",4
20,5,30,0,"[(4, 1), (4, 2)]",5
20,6,28,0,"[(4, 1), (4, 2)]",6
20,7,30,0,"[(4, 1), (4, 2)]",7
20,8,29,0,"[(4, 1), (4, 2)]",8
20,9,23,0,"[(4, 1), (4, 2)]",9
20,10,21,0,"[(4, 1), (4, 2)]",10
20,11,20,0,"[(4, 1), (4, 2)]",11
20,12,14,0,"[(4, 1), (4, 2)]",12
20,13,9,0,"[(4, 1), (4, 2)]",13
20,14,8,0,"[(4, 1), (4, 2)]",14
20,15,7,0,"[(4, 1), (4, 2)]",15
20,16,7,0,"[(4, 1), (4, 2)]",16
20,17,3,0,"[(4, 1), (4, 2)]",17
20,18,0,1,"[(4, 1), (4, 2)]",18
20,19,0,4,"[(4, 1), (4, 2)]",19
20,20,0,2,"[(4, 1), (4, 2)]",20
20,21,0,6,"[(4, 1), (4, 2)]",21
20,22,0,4,"[(4, 1), (4, 2)]",22
20,23,0,4,"[(4, 1), (4, 2)]",23
20,24,0,5,"[(4, 1), (4, 2)]",24
20,25,0,11,"[(4, 1), (4, 2)]",25
20,26,0,11,"[(4, 1), (4, 2)]",26
20,27,0,11,"[(4, 1), (4, 2)]",27
20,28,0,12,"[(4, 1), (4, 2)]",28
20,29,0,11,"[(4, 1), (4, 2)]",29
20,30,0,11,"[(4, 1), (4, 2)]",30
20,31,0,10,"[(4, 1), (4, 2)]",31
20,32,0,9,"[(4, 1), (4, 2)]",32
20,33,0,8,"[(4, 1), (4, 2)]",33
20,34,0,9,"[(4, 1), (4, 2)]",34
20,35,0,7,"[(4, 1), (4, 2)]",35
20,36,0,10,"[(4, 1), (4, 2)]",36
20,37,0,9,"[(4, 1), (4, 2)]",37
20,38,0,10,"[(4, 1), (4, 2)]",38
20,39,0,13,"[(4, 1), (4, 2)]",39
20,40,0,10,"[(4, 1), (4, 2)]",40
20,41,0,13,"[(4, 1), (4, 2)]",41
20,42,0,18,"[(4, 1), (4, 2)]",42
20,43,0,17,"[(4, 1), (4, 2)]",43
20,44,0,18,"[(4, 1), (4, 2)]",44
20,45,0,21,"[(4, 1), (4, 2)]",45
20,46,0,22,"[(4, 1), (4, 2)]",46
20,47,0,27,"[(4, 1), (4, 2)]",47
20,48,0,29,"[(4, 1), (4, 2)]",48
20,49,0,30,"[(4, 1), (4, 2)]",49
20,50,0,31,"[(4, 1), (4, 2)]",50
20,51,0,34,"[(4, 1), (4, 2)]",51
20,52,0,34,"[(4, 1), (4, 2)]",52
20,53,0,34,"[(4, 1), (4, 2)]",53
20,54,0,37,"[(4, 1), (4, 2)]",54
20,55,0,34,"[(4, 1), (4, 2)]",55
20,56,0,38,"[(4, 1), (4, 2)]",56
20,57,0,36,"[(4, 1), (4, 2)]",57
20,58,0,37,"[(4, 1), (4, 2)]",58
20,59,0,38,"[(4, 1), (4, 2)]",59
20,60,0,47,"[(4, 1), (4, 2)]",60
21,0,34,0,[],0
21,1,24,0,"[(4, 2)]",1
21,2,21,0,"[(4, 1), (4, 2)]",2
21,3,22,0,"[(4, 1), (4, 2)]",3
21,4,21,0,"[(4, 1), (4, 2)]",4
21,5,22,0,"[(4, 1), (4, 2)]",5
21,6,22,0,"[(4, 1), (4, 2)]",6
21,7,18,0,"[(4, 1), (4, 2)]",7
21,8,18,0,"[(4, 1), (4, 2)]",8
21,9,12,0,"[(4, 1), (4, 2)]",9
21,10,12,0,"[(4, 1), (4, 2)]",10
21,11,10,0,"[(4, 1), (4, 2)]",11
21,12,11,0,"[(4, 1), (4, 2)]",12
21,13,14,0,"[(4, 1), (4, 2)]",13
21,14,13,0,"[(4, 1), (4, 2)]",14
21,15,11,0,"[(4, 1), (4, 2)]",15
21,16,10,0,"[(4, 1), (4, 2)]",16
21,17,10,0,"[(4, 1), (4, 2)]",17
21,18,13,0,"[(4, 1), (4, 2)]",18
21,19,15,0,"[(4, 1), (4, 2)]",19
21,20,13,0,"[(4, 1), (4, 2)]",20
21,21,14,0,"[(4, 1), (4, 2)]",21
21,22,10,0,"[(4, 1), (4, 2)]",22
21,23,9,0,"[(4, 1), (4, 2)]",23
21,24,6,0,"[(4, 1), (4, 2)]",24
21,25,8,0,"[(4, 1), (4, 2)]",25
21,26,4,0,"[(4, 1), (4, 2)]",26
21,27,0,3,"[(4, 1), (4, 2)]",27
21,28,0,0,"[(4, 1), (4, 2)]",28
21,29,0,1,"[(4, 1), (4, 2)]",29
21,30,0,5,"[(4, 1), (4, 2)]",30
21,31,0,4,"[(4, 1), (4, 2)]",31
21,32,0,8,"[(4, 1), (4, 2)]",32
21,33,0,8,"[(4, 1), (4, 2)]",33
21,34,0,8,"[(4, 1), (4, 2)]",34
21,35,0,14,"[(4, 1), (4, 2)]",35
21,36,0,12,"[(4, 1), (4, 2)]",36
21,37,0,15,"[(4, 1), (4, 2)]",37
21,38,0,19,"[(4, 1), (4, 2)]",38
21,39,0,18,"[(4, 1), (4, 2)]",39
21,40,0,21,"[(4, 1), (4, 2)]",40
21,41,0,19,"[(4, 1), (4, 2)]",41
21,42,0,22,"[(4, 1), (4, 2)]",42
21,43,0,22,"[(4, 1), (4, 2)]",43
21,44,0,21,"[(4, 1), (4, 2)]",44
21,45,0,21,"[(4, 1), (4, 2)]",45
21,46,0,28,"[(4, 1), (4, 2)]",46
21,47,0,30,"[(4, 1), (4, 2)]",47
21,48,0,33,"[(4, 1), (4, 2)]",48
21,49,0,34,"[(4, 1), (4, 2)]",49
21,50,0,34,"[(4, 1), (4, 2)]",50
21,51,0,40,"[(4, 1), (4, 2)]",51
21,52,0,45,"[(4, 1), (4, 2)]",52
21,53,0,42,"[(4, 1), (4, 2)]",53
21,54,0,44,"[(4, 1), (4, 2)]",54
21,55,0,44,"[(4, 1), (4, 2)]",55
21,56,0,46,"[(4, 1), (4, 2)]",56
21,57,0,45,"[(4, 1), (4, 2)]",57
21,58,0,44,"[(4, 1), (4, 2)]",58
21,59,0,46,"[(4, 1), (4, 2)]",59
21,60,0,43,"[(4, 1), (4, 2)]",60
22,0,38,0,[],0
22,1,31,0,"[(4, 2)]",1
22,2,24,0,"[(4, 1), (4, 2)]",2
22,3,25,0,"[(4, 1), (4, 2)]",3
22,4,24,0,"[(4, 1), (4, 2)]",4
22,5,24,0,"[(4, 1), (4, 2)]",5
22,6,24,0,"[(4, 1), (4, 2)]",6
22,7,23,0,"[(4, 1), (4, 2)]",7
22,8,18,0,"[(4, 1), (4, 2)]",8
22,9,18,0,"[(4, 1), (4, 2)]",9
22,10,20,0,"[(4, 1), (4, 2)]",10
22,11,18,0,"[(4, 1), (4, 2)]",11
22,12,14,0,"[(4, 1), (4, 2)]",12
22,13,12,0,"[(4, 1), (4, 2)]",13
22,14,14,0,"[(4, 1), (4, 2)]",14
22,15,13,0,"[(4, 1), (4, 2)]",15
22,16,11,0,"[(4, 1), (4, 2)]",16
22,17,9,0,"[(4, 1), (4, 2)]",17
22,18,9,0,"[(4, 1), (4, 2)]",18
22,19,7,0,"[(4, 1), (4, 2)]",19
22,20,8,0,"[(4, 1), (4, 2)]",20
22,21,2,0,"[(4, 1), (4, 2)]",21
22,22,2,0,"[(4, 1), (4, 2)]",22
22,23,0,2,"[(4, 1), (4, 2)]",23
22,24,0,2,"[(4, 1), (4, 2)]",24
22,25,0,0,"[(4, 1), (4, 2)]",25
22,26,0,2,"[(4, 1), (4, 2)]",26
22,27,0,0,"[(4, 1), (4, 2)]",27
22,28,0,1,"[(4, 1), (4, 2)]",28
22,29,0,3,"[(4, 1), (4, 2)]",29
22,30,0,0,"[(4, 1), (4, 2)]",30
22,31,0,0,"[(4, 1), (4, 2)]",31
22,32,0,3,"[(4, 1), (4, 2)]",32
22,33,0,2,"[(4, 1), (4, 2)]",33
22,34,0,7,"[(4, 1), (4, 2)]",34
22,35,0,9,"[(4, 1), (4, 2)]",35
22,36,0,6,"[(4, 1), (4, 2)]",36
22,37,0,8,"[(4, 1), (4, 2)]",37
22,38,0,7,"[(4, 1), (4, 2)]",38
22,39,0,10,"[(4, 1), (4, 2)]",39
22,40,0,10,"[(4, 1), (4, 2)]",40
22,41,0,16,"[(4, 1), (4, 2)]",41
22,42,0,19,"[(4, 1), (4, 2)]",42
22,43,0,18,"[(4, 1), (4, 2)]",43
22,44,0,23,"[(4, 1), (4, 2)]",44
22,45,0,24,"[(4, 1), (4, 2)]",45
22,46,0,22,"[(4, 1), (4, 2)]",46
22,47,0,20,"[(4, 1), (4, 2)]",47
22,48,0,19,"[(4, 1), (4, 2)]",48
22,49,0,20,"[(4, 1), (4, 2)]",49
22,50,0,19,"[(4, 1), (4, 2)]",50
22,51,0,17,"[(4, 1), (4, 2)]",51
22,52,0,21,"[(4, 1), (4, 2)]",52
22,53,0,23,"[(4, 1), (4, 2)]",53
22,54,0,23,"[(4, 1), (4, 2)]",54
22,55,0,24,"[(4, 1), (4, 2)]",55
22,56,0,22,"[(4, 1), (4, 2)]",56
22,57,0,23,"[(4, 1), (4, 2)]",57
22,58,0,24,"[(4, 1), (4, 2)]",58
22,59,0,22,"[(4, 1), (4, 2)]",59
22,60,0,26,"[(4, 1), (4, 2)]",60
23,0,24,0,[],0
23,1,21,0,"[(4, 2)]",1
23,2,16,0,"[(4, 1), (4, 2)]",2
23,3,15,0,"[(4, 1), (4, 2)]",3
23,4,13,0,"[(4, 1), (4, 2)]",4
23,5,6,0,"[(4, 1), (4, 2)]",5
23,6,1,0,"[(4, 1), (4, 2)]",6
23,7,0,0,"[(4, 1), (4, 2)]",7
23,8,1,0,"[(4, 1), (4, 2)]",8
23,9,2,0,"[(4, 1), (4, 2)]",9
23,10,0,4,"[(4, 1), (4, 2)]",10
23,11,0,3,"[(4, 1), (4, 2)]",11
23,12,0,2,"[(4, 1), (4, 2)]",12
23,13,0,2,"[(4, 1), (4, 2)]",13
23,14,0,2,"[(4, 1), (4, 2)]",14
23,15,0,2,"[(4, 1), (4, 2)]",15
23,16,0,4,"[(4, 1), (4, 2)]",16
23,17,0,6,"[(4, 1), (4, 2)]",17
23,18,0,8,"[(4, 1), (4, 2)]",18
23,19,0,7,"[(4, 1), (4, 2)]",19
23,20,0,8,"[(4, 1), (4, 2)]",20
23,21,0,7,"[(4, 1), (4, 2)]",21
23,22,0,7,"[(4, 1), (4, 2)]",22
23,23,0,6,"[(4, 1), (4, 2)]",23
23,24,0,9,"[(4, 1), (4, 2)]",24
23,25,0,8,"[(4, 1), (4, 2)]",25
23,26,0,6,"[(4, 1), (4, 2)]",26
23,27,0,9,"[(4, 1), (4, 2)]",27
23,28,0,14,"[(4, 1), (4, 2)]",28
23,29,0,13,"[(4, 1), (4, 2)]",29
23,30,0,21,"[(4, 1), (4, 2)]",30
23,31,0,27,"[(4, 1), (4, 2)]",31
23,32,0,33,"[(4, 1), (4, 2)]",32
23,33,0,32,"[(4, 1), (4, 2)]",33
23,34,0,34,"[(4, 1), (4, 2)]",34
23,35,0,34,"[(4, 1), (4, 2)]",35
23,36,0,36,"[(4, 1), (4, 2)]",36
23,37,0,36,"[(4, 1), (4, 2)]",37
23,38,0,36,"[(4, 1), (4, 2)]",38
23,39,0,40,"[(4, 1), (4, 2)]",39
23,40,0,44,"[(4, 1), (4, 2)]",40
23,41,0,46,"[(4, 1), (4, 2)]",41
23,42,0,44,"[(4, 1), (4, 2)]",42
23,43,0,47,"[(4, 1), (4, 2)]",43
23,44,0,47,"[(4, 1), (4, 2)]",44
23,45,0,49,"[(4, 1), (4, 2)]",45
23,46,0,53,"[(4, 1), (4, 2)]",46
23,47,0,60,"[(4, 1), (4, 2)]",47
23,48,0,61,"[(4, 1), (4, 2)]",48
23,49,0,62,"[(4, 1), (4, 2)]",49
23,50,0,67,"[(4, 1), (4, 2)]",50
23,51,0,66,"[(4, 1), (4, 2)]",51
23,52,0,66,"[(4, 1), (4, 2)]",52
23,53,0,70,"[(4, 1), (4, 2)]",53
23,54,0,69,"[(4, 1), (4, 2)]",54
23,55,0,71,"[(4, 1), (4, 2)]",55
23,56,0,75,"[(4, 1), (4, 2)]",56
23,57,0,75,"[(4, 1), (4, 2)]",57
23,58,0,81,"[(4, 1), (4, 2)]",58
23,59,0,79,"[(4, 1), (4, 2)]",59
23,60,0,78,"[(4, 1), (4, 2)]",60
24,0,22,0,[],0
24,1,19,0,"[(4, 2)]",1
24,2,14,0,"[(4, 1), (4, 2)]",2
24,3,13,0,"[(4, 1), (4, 2)]",3
24,4,12,0,"[(4, 1), (4, 2)]",4
24,5,11,0,"[(4, 1), (4, 2)]",5
24,6,9,0,"[(4, 1), (4, 2)]",6
24,7,5,0,"[(4, 1), (4, 2)]",7
24,8,2,0,"[(4, 1), (4, 2)]",8
24,9,4,0,"[(4, 1), (4, 2)]",9
24,10,0,0,"[(4, 1), (4, 2)]",10
24,11,0,0,"[(4, 1), (4, 2)]",11
24,12,0,1,"[(4, 1), (4, 2)]",12
24,13,0,3,"[(4, 1), (4, 2)]",13
24,14,0,7,"[(4, 1), (4, 2)]",14
24,15,0,13,"[(4, 1), (4, 2)]",15
24,16,0,12,"[(4, 1), (4, 2)]",16
24,17,0,12,"[(4, 1), (4, 2)]",17
24,18,0,15,"[(4, 1), (4, 2)]",18
24,19,0,17,"[(4, 1), (4, 2)]",19
24,20,0,13,"[(4, 1), (4, 2)]",20
24,21,0,12,"[(4, 1), (4, 2)]",21
24,22,0,12,"[(4, 1), (4, 2)]",22
24,23,0,17,"[(4, 1), (4, 2)]",23
24,24,0,16,"[(4, 1), (4, 2)]",24
24,25,0,15,"[(4, 1), (4, 2)]",25
24,26,0,23,"[(4, 1), (4, 2)]",26
24,27,0,20,"[(4, 1), (4, 2)]",27
24,28,0,23,"[(4, 1), (4, 2)]",28
24,29,0,28,"[(4, 1), (4, 2)]",29
24,30,0,28,"[(4, 1), (4, 2)]",30
24,31,0,30,"[(4, 1), (4, 2)]",31
24,32,0,27,"[(4, 1), (4, 2)]",32
24,33,0,27,"[(4, 1), (4, 2)]",33
24,34,0,27,"[(4, 1), (4, 2)]",34
24,35,0,25,"[(4, 1), (4, 2)]",35
24,36,0,24,"[(4, 1), (4, 2)]",36
24,37,0,26,"[(4, 1), (4, 2)]",37
24,38,0,24,"[(4, 1), (4, 2)]",38
24,39,0,22,"[(4, 1), (4, 2)]",39
24,40,0,22,"[(4, 1), (4, 2)]",40
24,41,0,21,"[(4, 1), (4, 2)]",41
24,42,0,23,"[(4, 1), (4, 2)]",42
24,43,0,24,"[(4, 1), (4, 2)]",43
24,44,0,26,"[(4, 1), (4, 2)]",44
24,45,0,24,"[(4, 1), (4, 2)]",45
24,46,0,27,"[(4, 1), (4, 2)]",46
24,47,0,29,"[(4, 1), (4, 2)]",47
24,48,0,33,"[(4, 1), (4, 2)]",48
24,49,0,32,"[(4, 1), (4, 2)]",49
24,50,0,36,"[(4, 1), (4, 2)]",50
24,51,0,41,"[(4, 1), (4, 2)]",51
24,52,0,44,"[(4, 1), (4, 2)]",52
24,53,0,45,"[(4, 1), (4, 2)]",53
24,54,0,47,"[(4, 1), (4, 2)]",54
24,55,0,44,"[(4, 1), (4, 2)]",55
24,56,0,46,"[(4, 1), (4, 2)]",56
24,57,0,52,"[(4, 1), (4, 2)]",57
24,58,0,51,"[(4, 1), (4, 2)]",58
24,59,0,53,"[(4, 1), (4, 2)]",59
24,60,0,53,"[(4, 1), (4, 2)]",60
25,0,28,0,[],0
25,1,22,0,"[(4, 2)]",1
25,2,13,0,"[(4, 1), (4, 2)]",2
25,3,10,0,"[(4, 1), (4, 2)]",3
25,4,8,0,"[(4, 1), (4, 2)]",4
25,5,8,0,"[(4, 1), (4, 2)]",5
25,6,3,0,"[(4, 1), (4, 2)]",6
25,7,2,0,"[(4, 1), (4, 2)]",7
25,8,1,0,"[(4, 1), (4, 2)]",8
25,9,0,3,"[(4, 1), (4, 2)]",9
25,10,0,4,"[(4, 1), (4, 2)]",10
25,11,0,4,"[(4, 1), (4, 2)]",11
25,12,0,6,"[(4, 1), (4, 2)]",12
25,13,0,8,"[(4, 1), (4, 2)]",13
25,14,0,10,"[(4, 1), (4, 2)]",14
25,15,0,10,"[(4, 1), (4, 2)]",15
25,16,0,12,"[(4, 1), (4, 2)]",16
25,17,0,12,"[(4, 1), (4, 2)]",17
25,18,0,15,"[(4, 1), (4, 2)]",18
25,19,0,19,"[(4, 1), (4, 2)]",19
25,20,0,19,"[(4, 1), (4, 2)]",20
25,21,0,19,"[(4, 1), (4, 2)]",21
25,22,0,19,"[(4, 1), (4, 2)]",22
25,23,0,19,"[(4, 1), (4, 2)]",23
25,24,0,23,"[(4, 1), (4, 2)]",24
25,25,0,23,"[(4, 1), (4, 2)]",25
25,26,0,23,"[(4, 1), (4, 2)]",26
25,27,0,21,"[(4, 1), (4, 2)]",27
25,28,0,20,"[(4, 1), (4, 2)]",28
25,29,0,22,"[(4, 1), (4, 2)]",29
25,30,0,20,"[(4, 1), (4, 2)]",30
25,31,0,22,"[(4, 1), (4, 2)]",31
25,32,0,22,"[(4, 1), (4, 2)]",32
25,33,0,23,"[(4, 1), (4, 2)]",33
25,34,0,23,"[(4, 1), (4, 2)]",34
25,35,0,22,"[(4, 1), (4, 2)]",35
25,36,0,24,"[(4, 1), (4, 2)]",36
25,37,0,26,"[(4, 1), (4, 2)]",37
25,38,0,26,"[(4, 1), (4, 2)]",38
25,39,0,25,"[(4, 1), (4, 2)]",39
25,40,0,27,"[(4, 1), (4, 2)]",40
25,41,0,26,"[(4, 1), (4, 2)]",41
25,42,0,30,"[(4, 1), (4, 2)]",42
25,43,0,29,"[(4, 1), (4, 2)]",43
25,44,0,27,"[(4, 1), (4, 2)]",44
25,45,0,30,"[(4, 1), (4, 2)]",45
25,46,0,34,"[(4, 1), (4, 2)]",46
25,47,0,35,"[(4, 1), (4, 2)]",47
25,48,0,35,"[(4, 1), (4, 2)]",48
25,49,0,34,"[(4, 1), (4, 2)]",49
25,50,0,38,"[(4, 1), (4, 2)]",50
25,51,0,40,"[(4, 1), (4, 2)]",51
25,52,0,43,"[(4, 1), (4, 2)]",52
25,53,0,44,"[(4, 1), (4, 2)]",53
25,54,0,45,"[(4, 1), (4, 2)]",54
25,55,0,45,"[(4, 1), (4, 2)]",55
25,56,0,46,"[(4, 1), (4, 2)]",56
25,57,0,47,"[(4, 1), (4, 2)]",57
25,58,0,50,"[(4, 1), (4, 2)]",58
25,59,0,49,"[(4, 1), (4, 2)]",59
25,60,0,48,"[(4, 1), (4, 2)]",60
26,0,49,0,[],0
26,1,45,0,"[(4, 2)]",1
26,2,42,0,"[(4, 1), (4, 2)]",2
26,3,40,0,"[(4, 1), (4, 2)]",3
26,4,41,0,"[(4, 1), (4, 2)]",4
26,5,37,0,"[(4, 1), (4, 2)]",5
26,6,39,0,"[(4, 1), (4, 2)]",6
26,7,42,0,"[(4, 1), (4, 2)]",7
26,8,43,0,"[(4, 1), (4, 2)]",8
26,9,41,0,"[(4, 1), (4, 2)]",9
26,10,43,0,"[(4, 1), (4, 2)]",10
26,11,44,0,"[(4, 1), (4, 2)]",11
26,12,36,0,"[(4, 1), (4, 2)]",12
26,13,30,0,"[(4, 1), (4, 2)]",13
26,14,26,0,"[(4, 1), (4, 2)]",14
26,15,25,0,"[(4, 1), (4, 2)]",15
26,16,28,0,"[(4, 1), (4, 2)]",16
26,17,27,0,"[(4, 1), (4, 2)]",17
26,18,28,0,"[(4, 1), (4, 2)]",18
26,19,29,0,"[(4, 1), (4, 2)]",19
26,20,25,0,"[(4, 1), (4, 2)]",20
26,21,20,0,"[(4, 1), (4, 2)]",21
26,22,21,0,"[(4, 1), (4, 2)]",22
26,23,21,0,"[(4, 1), (4, 2)]",23
26,24,21,0,"[(4, 1), (4, 2)]",24
26,25,25,0,"[(4, 1), (4, 2)]",25
26,26,21,0,"[(4, 1), (4, 2)]",26
26,27,21,0,"[(4, 1), (4, 2)]",27
26,28,19,0,"[(4, 1), (4, 2)]",28
26,29,21,0,"[(4, 1), (4, 2)]",29
26,30,19,0,"[(4, 1), (4, 2)]",30
26,31,16,0,"[(4, 1), (4, 2)]",31
26,32,15,0,"[(4, 1), (4, 2)]",32
26,33,17,0,"[(4, 1), (4, 2)]",33
26,34,19,0,"[(4, 1), (4, 2)]",34
26,35,18,0,"[(4, 1), (4, 2)]",35
26,36,17,0,"[(4, 1), (4, 2)]",36
26,37,15,0,"[(4, 1), (4, 2)]",37
26,38,10,0,"[(4, 1), (4, 2)]",38
26,39,6,0,"[(4, 1), (4, 2)]",39
26,40,4,0,"[(4, 1), (4, 2)]",40
26,41,2,0,"[(4, 1), (4, 2)]",41
26,42,0,0,"[(4, 1), (4, 2)]",42
26,43,0,1,"[(4, 1), (4, 2)]",43
26,44,3,0,"[(4, 1), (4, 2)]",44
26,45,3,0,"[(4, 1), (4, 2)]",45
26,46,3,0,"[(4, 1), (4, 2)]",46
26,47,1,0,"[(4, 1), (4, 2)]",47
26,48,0,0,"[(4, 1), (4, 2)]",48
26,49,2,0,"[(4, 1), (4, 2)]",49
26,50,2,0,"[(4, 1), (4, 2)]",50
26,51,0,2,"[(4, 1), (4, 2)]",51
26,52,0,0,"[(4, 1), (4, 2)]",52
26,53,0,4,"[(4, 1), (4, 2)]",53
26,54,0,5,"[(4, 1), (4, 2)]",54
26,55,0,3,"[(4, 1), (4, 2)]",55
26,56,0,1,"[(4, 1), (4, 2)]",56
26,57,0,4,"[(4, 1), (4, 2)]",57
26,58,0,6,"[(4, 1), (4, 2)]",58
26,59,0,4,"[(4, 1), (4, 2)]",59
26,60,0,4,"[(4, 1), (4, 2)]",60
27,0,27,0,[],0
27,1,19,0,"[(4, 2)]",1
27,2,14,0,"[(4, 1), (4, 2)]",2
27,3,13,0,"[(4, 1), (4, 2)]",3
27,4,13,0,"[(4, 1), (4, 2)]",4
27,5,11,0,"[(4, 1), (4, 2)]",5
27,6,14,0,"[(4, 1), (4, 2)]",6
27,7,12,0,"[(4, 1), (4, 2)]",7
27,8,13,0,"[(4, 1), (4, 2)]",8
27,9,11,0,"[(4, 1), (4, 2)]",9
27,10,11,0,"[(4, 1), (4, 2)]",10
27,11,12,0,"[(4, 1), (4, 2)]",11
27,12,13,0,"[(4, 1), (4, 2)]",12
27,13,15,0,"[(4, 1), (4, 2)]",13
27,14,15,0,"[(4, 1), (4, 2)]",14
27,15,14,0,"[(4, 1), (4, 2)]",15
27,16,15,0,"[(4, 1), (4, 2)]",16
27,17,19,0,"[(4, 1), (4, 2)]",17
27,18,17,0,"[(4, 1), (4, 2)]",18
27,19,15,0,"[(4, 1), (4, 2)]",19
27,20,16,0,"[(4, 1), (4, 2)]",20
27,21,17,0,"[(4, 1), (4, 2)]",21
27,22,16,0,"[(4, 1), (4, 2)]",22
27,23,17,0,"[(4, 1), (4, 2)]",23
27,24,17,0,"[(4, 1), (4, 2)]",24
27,25,16,0,"[(4, 1), (4, 2)]",25
27,26,11,0,"[(4, 1), (4, 2)]",26
27,27,10,0,"[(4, 1), (4, 2)]",27
27,28,7,0,"[(4, 1), (4, 2)]",28
27,29,5,0,"[(4, 1), (4, 2)]",29
27,30,3,0,"[(4, 1), (4, 2)]",30
27,31,0,0,"[(4, 1), (4, 2)]",31
27,32,0,3,"[(4, 1), (4, 2)]",32
27,33,0,2,"[(4, 1), (4, 2)]",33
27,34,0,2,"[(4, 1), (4, 2)]",34
27,35,0,4,"[(4, 1), (4, 2)]",35
27,36,0,2,"[(4, 1), (4, 2)]",36
27,37,0,3,"[(4, 1), (4, 2)]",37
27,38,0,4,"[(4, 1), (4, 2)]",38
27,39,0,4,"[(4, 1), (4, 2)]",39
27,40,0,5,"[(4, 1), (4, 2)]",40
27,41,0,4,"[(4, 1), (4, 2)]",41
27,42,0,3,"[(4, 1), (4, 2)]",42
27,43,0,1,"[(4, 1), (4, 2)]",43
27,44,0,0,"[(4, 1), (4, 2)]",44
27,45,0,0,"[(4, 1), (4, 2)]",45
27,46,0,1,"[(4, 1), (4, 2)]",46
27,47,0,1,"[(4, 1), (4, 2)]",47
27,48,0,1,"[(4, 1), (4, 2)]",48
27,49,0,0,"[(4, 1), (4, 2)]",49
27,50,0,0,"[(4, 1), (4, 2)]",50
27,51,0,2,"[(4, 1), (4, 2)]",51
27,52,0,3,"[(4, 1), (4, 2)]",52
27,53,0,5,"[(4, 1), (4, 2)]",53
27,54,0,9,"[(4, 1), (4, 2)]",54
27,55,0,12,"[(4, 1), (4, 2)]",55
27,56,0,16,"[(4, 1), (4, 2)]",56
27,57,0,17,"[(4, 1), (4, 2)]",57
27,58,0,14,"[(4, 1), (4, 2)]",58
27,59,0,13,"[(4, 1), (4, 2)]",59
27,60,0,16,"[(4, 1), (4, 2)]",60
28,0,42,0,[],0
28,1,37,0,"[(4, 2)]",1
28,2,29,0,"[(4, 1), (4, 2)]",2
28,3,33,0,"[(4, 1), (4, 2)]",3
28,4,30,0,"[(4, 1), (4, 2)]",4
28,5,32,0,"[(4, 1), (4, 2)]",5
28,6,29,0,"[(4, 1), (4, 2)]",6
28,7,29,0,"[(4, 1), (4, 2)]",7
28,8,29,0,"[(4, 1), (4, 2)]",8
28,9,29,0,"[(4, 1), (4, 2)]",9
28,10,29,0,"[(4, 1), (4, 2)]",10
28,11,30,0,"[(4, 1), (4, 2)]",11
28,12,27,0,"[(4, 1), (4, 2)]",12
28,13,25,0,"[(4, 1), (4, 2)]",13
28,14,24,0,"[(4, 1), (4, 2)]",14
28,15,24,0,"[(4, 1), (4, 2)]",15
28,16,22,0,"[(4, 1), (4, 2)]",16
28,17,21,0,"[(4, 1), (4, 2)]",17
28,18,21,0,"[(4, 1), (4, 2)]",18
28,19,17,0,"[(4, 1), (4, 2)]",19
28,20,20,0,"[(4, 1), (4, 2)]",20
28,21,23,0,"[(4, 1), (4, 2)]",21
28,22,23,0,"[(4, 1), (4, 2)]",22
28,23,24,0,"[(4, 1), (4, 2)]",23
28,24,22,0,"[(4, 1), (4, 2)]",24
28,25,18,0,"[(4, 1), (4, 2)]",25
28,26,15,0,"[(4, 1), (4, 2)]",26
28,27,15,0,"[(4, 1), (4, 2)]",27
28,28,15,0,"[(4, 1), (4, 2)]",28
28,29,15,0,"[(4, 1), (4, 2)]",29
28,30,14,0,"[(4, 1), (4, 2)]",30
28,31,15,0,"[(4, 1), (4, 2)]",31
28,32,14,0,"[(4, 1), (4, 2)]",32
28,33,14,0,"[(4, 1), (4, 2)]",33
28,34,13,0,"[(4, 1), (4, 2)]",34
28,35,15,0,"[(4, 1), (4, 2)]",35
28,36,14,0,"[(4, 1), (4, 2)]",36
28,37,12,0,"[(4, 1), (4, 2)]",37
28,38,10,0,"[(4, 1), (4, 2)]",38
28,39,6,0,"[(4, 1), (4, 2)]",39
28,40,5,0,"[(4, 1), (4, 2)]",40
28,41,4,0,"[(4, 1), (4, 2)]",41
28,42,5,0,"[(4, 1), (4, 2)]",42
28,43,4,0,"[(4, 1), (4, 2)]",43
28,44,4,0,"[(4, 1), (4, 2)]",44
28,45,1,0,"[(4, 1), (4, 2)]",45
28,46,0,0,"[(4, 1), (4, 2)]",46
28,47,0,2,"[(4, 1), (4, 2)]",47
28,48,0,0,"[(4, 1), (4, 2)]",48
28,49,2,0,"[(4, 1), (4, 2)]",49
28,50,3,0,"[(4, 1), (4, 2)]",50
28,51,1,0,"[(4, 1), (4, 2)]",51
28,52,2,0,"[(4, 1), (4, 2)]",52
28,53,4,0,"[(4, 1), (4, 2)]",53
28,54,0,1,"[(4, 1), (4, 2)]",54
28,55,0,3,"[(4, 1), (4, 2)]",55
28,56,0,4,"[(4, 1), (4, 2)]",56
28,57,0,4,"[(4, 1), (4, 2)]",57
28,58,0,9,"[(4, 1), (4, 2)]",58
28,59,0,8,"[(4, 1), (4, 2)]",59
28,60,0,10,"[(4, 1), (4, 2)]",60
29,0,32,0,[],0
29,1,28,0,"[(4, 2)]",1
29,2,27,0,"[(4, 1), (4, 2)]",2
29,3,25,0,"[(4, 1), (4, 2)]",3
29,4,23,0,"[(4, 1), (4, 2)]",4
29,5,23,0,"[(4, 1), (4, 2)]",5
29,6,21,0,"[(4, 1), (4, 2)]",6
29,7,19,0,"[(4, 1), (4, 2)]",7
29,8,16,0,"[(4, 1), (4, 2)]",8
29,9,14,0,"[(4, 1), (4, 2)]",9
29,10,15,0,"[(4, 1), (4, 2)]",10
29,11,13,0,"[(4, 1), (4, 2)]",11
29,12,12,0,"[(4, 1), (4, 2)]",12
29,13,11,0,"[(4, 1), (4, 2)]",13
29,14,7,0,"[(4, 1), (4, 2)]",14
29,15,8,0,"[(4, 1), (4, 2)]",15
29,16,7,0,"[(4, 1), (4, 2)]",16
29,17,8,0,"[(4, 1), (4, 2)]",17
29,18,7,0,"[(4, 1), (4, 2)]",18
29,19,2,0,"[(4, 1), (4, 2)]",19
29,20,2,0,"[(4, 1), (4, 2)]",20
29,21,4,0,"[(4, 1), (4, 2)]",21
29,22,3,0,"[(4, 1), (4, 2)]",22
29,23,0,0,"[(4, 1), (4, 2)]",23
29,24,0,1,"[(4, 1), (4, 2)]",24
29,25,0,2,"[(4, 1), (4, 2)]",25
29,26,0,5,"[(4, 1), (4, 2)]",26
29,27,0,7,"[(4, 1), (4, 2)]",27
29,28,0,8,"[(4, 1), (4, 2)]",28
29,29,0,12,"[(4, 1), (4, 2)]",29
29,30,0,17,"[(4, 1), (4, 2)]",30
29,31,0,21,"[(4, 1), (4, 2)]",31
29,32,0,19,"[(4, 1), (4, 2)]",32
29,33,0,22,"[(4, 1), (4, 2)]",33
29,34,0,22,"[(4, 1), (4, 2)]",34
29,35,0,21,"[(4, 1), (4, 2)]",35
29,36,0,23,"[(4, 1), (4, 2)]",36
29,37,0,24,"[(4, 1), (4, 2)]",37
29,38,0,22,"[(4, 1), (4, 2)]",38
29,39,0,26,"[(4, 1), (4, 2)]",39
29,40,0,28,"[(4, 1), (4, 2)]",40
29,41,0,27,"[(4, 1), (4, 2)]",41
29,42,0,29,"[(4, 1), (4, 2)]",42
29,43,0,32,"[(4, 1), (4, 2)]",43
29,44,0,33,"[(4, 1), (4, 2)]",44
29,45,0,32,"[(4, 1), (4, 2)]",45
29,46,0,32,"[(4, 1), (4, 2)]",46
29,47,0,31,"[(4, 1), (4, 2)]",47
29,48,0,32,"[(4, 1), (4, 2)]",48
29,49,0,31,"[(4, 1), (4, 2)]",49
29,50,0,36,"[(4, 1), (4, 2)]",50
29,51,0,35,"[(4, 1), (4, 2)]",51
29,52,0,36,"[(4, 1), (4, 2)]",52
29,53,0,40,"[(4, 1), (4, 2)]",53
29,54,0,38,"[(4, 1), (4, 2)]",54
29,55,0,41,"[(4, 1), (4, 2)]",55
29,56,0,40,"[(4, 1), (4, 2)]",56
29,57,0,43,"[(4, 1), (4, 2)]",57
29,58,0,44,"[(4, 1), (4, 2)]",58
29,59,0,44,"[(4, 1), (4, 2)]",59
29,60,0,46,"[(4, 1), (4, 2)]",60
30,0,32,0,[],0
30,1,28,0,"[(4, 2)]",1
30,2,23,0,"[(4, 1), (4, 2)]",2
30,3,23,0,"[(4, 1), (4, 2)]",3
30,4,22,0,"[(4, 1), (4, 2)]",4
30,5,20,0,"[(4, 1), (4, 2)]",5
30,6,18,0,"[(4, 1), (4, 2)]",6
30,7,14,0,"[(4, 1), (4, 2)]",7
30,8,11,0,"[(4, 1), (4, 2)]",8
30,9,13,0,"[(4, 1), (4, 2)]",9
30,10,12,0,"[(4, 1), (4, 2)]",10
30,11,11,0,"[(4, 1), (4, 2)]",11
30,12,11,0,"[(4, 1), (4, 2)]",12
30,13,11,0,"[(4, 1), (4, 2)]",13
30,14,10,0,"[(4, 1), (4, 2)]",14
30,15,11,0,"[(4, 1), (4, 2)]",15
30,16,13,0,"[(4, 1), (4, 2)]",16
30,17,10,0,"[(4, 1), (4, 2)]",17
30,18,11,0,"[(4, 1), (4, 2)]",18
30,19,6,0,"[(4, 1), (4, 2)]",19
30,20,9,0,"[(4, 1), (4, 2)]",20
30,21,7,0,"[(4, 1), (4, 2)]",21
30,22,5,0,"[(4, 1), (4, 2)]",22
30,23,5,0,"[(4, 1), (4, 2)]",23
30,24,3,0,"[(4, 1), (4, 2)]",24
30,25,0,2,"[(4, 1), (4, 2)]",25
30,26,0,2,"[(4, 1), (4, 2)]",26
30,27,0,2,"[(4, 1), (4, 2)]",27
30,28,0,1,"[(4, 1), (4, 2)]",28
30,29,0,5,"[(4, 1), (4, 2)]",29
30,30,0,8,"[(4, 1), (4, 2)]",30
30,31,0,6,"[(4, 1), (4, 2)]",31
30,32,0,8,"[(4, 1), (4, 2)]",32
30,33,0,7,"[(4, 1), (4, 2)]",33
30,34,0,7,"[(4, 1), (4, 2)]",34
30,35,0,5,"[(4, 1), (4, 2)]",35
30,36,0,5,"[(4, 1), (4, 2)]",36
30,37,0,4,"[(4, 1), (4, 2)]",37
30,38,0,7,"[(4, 1), (4, 2)]",38
30,39,0,6,"[(4, 1), (4, 2)]",39
30,40,0,5,"[(4, 1), (4, 2)]",40
30,41,0,4,"[(4, 1), (4, 2)]",41
30,42,0,8,"[(4, 1), (4, 2)]",42
30,43,0,6,"[(4, 1), (4, 2)]",43
30,44,0,4,"[(4, 1), (4, 2)]",44
30,45,0,1,"[(4, 1), (4, 2)]",45
30,46,1,0,"[(4, 1), (4, 2)]",46
30,47,1,0,"[(4, 1), (4, 2)]",47
30,48,0,2,"[(4, 1), (4, 2)]",48
30,49,0,8,"[(4, 1), (4, 2)]",49
30,50,0,8,"[(4, 1), (4, 2)]",50
30,51,0,8,"[(4, 1), (4, 2)]",51
30,52,0,6,"[(4, 1), (4, 2)]",52
30,53,0,10,"[(4, 1), (4, 2)]",53
30,54,0,15,"[(4, 1), (4, 2)]",54
30,55,0,14,"[(4, 1), (4, 2)]",55
30,56,0,15,"[(4, 1), (4, 2)]",56
30,57,0,14,"[(4, 1), (4, 2)]",57
30,58,0,17,"[(4, 1), (4, 2)]",58
30,59,0,18,"[(4, 1), (4, 2)]",59
30,60,0,20,"[(4, 1), (4, 2)]",60
31,0,27,0,[],0
31,1,20,0,"[(4, 2)]",1
31,2,17,0,"[(4, 1), (4, 2)]",2
31,3,14,0,"[(4, 1), (4, 2)]",3
31,4,14,0,"[(4, 1), (4, 2)]",4
31,5,12,0,"[(4, 1), (4, 2)]",5
31,6,9,0,"[(4, 1), (4, 2)]",6
31,7,11,0,"[(4, 1), (4, 2)]",7
31,8,12,0,"[(4, 1), (4, 2)]",8
31,9,9,0,"[(4, 1), (4, 2)]",9
31,10,7,0,"[(4, 1), (4, 2)]",10
31,11,6,0,"[(4, 1), (4, 2)]",11
31,12,9,0,"[(4, 1), (4, 2)]",12
31,13,9,0,"[(4, 1), (4, 2)]",13
31,14,11,0,"[(4, 1), (4, 2)]",14
31,15,7,0,"[(4, 1), (4, 2)]",15
31,16,5,0,"[(4, 1), (4, 2)]",16
31,17,4,0,"[(4, 1), (4, 2)]",17
31,18,3,0,"[(4, 1), (4, 2)]",18
31,19,4,0,"[(4, 1), (4, 2)]",19
31,20,0,5,"[(4, 1), (4, 2)]",20
31,21,0,7,"[(4, 1), (4, 2)]",21
31,22,0,8,"[(4, 1), (4, 2)]",22
31,23,0,7,"[(4, 1), (4, 2)]",23
31,24,0,5,"[(4, 1), (4, 2)]",24
31,25,0,3,"[(4, 1), (4, 2)]",25
31,26,0,7,"[(4, 1), (4, 2)]",26
31,27,0,7,"[(4, 1), (4, 2)]",27
31,28,0,12,"[(4, 1), (4, 2)]",28
31,29,0,15,"[(4, 1), (4, 2)]",29
31,30,0,18,"[(4, 1), (4, 2)]",30
31,31,0,22,"[(4, 1), (4, 2)]",31
31,32,0,25,"[(4, 1), (4, 2)]",32
31,33,0,22,"[(4, 1), (4, 2)]",33
31,34,0,22,"[(4, 1), (4, 2)]",34
31,35,0,22,"[(4, 1), (4, 2)]",35
31,36,0,21,"[(4, 1), (4, 2)]",36
31,37,0,20,"[(4, 1), (4, 2)]",37
31,38,0,27,"[(4, 1), (4, 2)]",38
31,39,0,28,"[(4, 1), (4, 2)]",39
31,40,0,25,"[(4, 1), (4, 2)]",40
31,41,0,24,"[(4, 1), (4, 2)]",41
31,42,0,24,"[(4, 1), (4, 2)]",42
31,43,0,25,"[(4, 1), (4, 2)]",43
31,44,0,25,"[(4, 1), (4, 2)]",44
31,45,0,29,"[(4, 1), (4, 2)]",45
31,46,0,26,"[(4, 1), (4, 2)]",46
31,47,0,29,"[(4, 1), (4, 2)]",47
31,48,0,28,"[(4, 1), (4, 2)]",48
31,49,0,29,"[(4, 1), (4, 2)]",49
31,50,0,30,"[(4, 1), (4, 2)]",50
31,51,0,28,"[(4, 1), (4, 2)]",51
31,52,0,31,"[(4, 1), (4, 2)]",52
31,53,0,28,"[(4, 1), (4, 2)]",53
31,54,0,29,"[(4, 1), (4, 2)]",54
31,55,0,29,"[(4, 1), (4, 2)]",55
31,56,0,28,"[(4, 1), (4, 2)]",56
31,57,0,31,"[(4, 1), (4, 2)]",57
31,58,0,29,"[(4, 1), (4, 2)]",58
31,59,0,28,"[(4, 1), (4, 2)]",59
31,60,0,28,"[(4, 1), (4, 2)]",60
32,0,26,0,[],0
32,1,19,0,"[(4, 2)]",1
32,2,16,0,"[(4, 1), (4, 2)]",2
32,3,13,0,"[(4, 1), (4, 2)]",3
32,4,10,0,"[(4, 1), (4, 2)]",4
32,5,9,0,"[(4, 1), (4, 2)]",5
32,6,12,0,"[(4, 1), (4, 2)]",6
32,7,11,0,"[(4, 1), (4, 2)]",7
32,8,9,0,"[(4, 1), (4, 2)]",8
32,9,10,0,"[(4, 1), (4, 2)]",9
32,10,11,0,"[(4, 1), (4, 2)]",10
32,11,11,0,"[(4, 1), (4, 2)]",11
32,12,12,0,"[(4, 1), (4, 2)]",12
32,13,10,0,"[(4, 1), (4, 2)]",13
32,14,4,0,"[(4, 1), (4, 2)]",14
32,15,6,0,"[(4, 1), (4, 2)]",15
32,16,0,0,"[(4, 1), (4, 2)]",16
32,17,0,5,"[(4, 1), (4, 2)]",17
32,18,0,8,"[(4, 1), (4, 2)]",18
32,19,0,10,"[(4, 1), (4, 2)]",19
32,20,0,11,"[(4, 1), (4, 2)]",20
32,21,0,11,"[(4, 1), (4, 2)]",21
32,22,0,13,"[(4, 1), (4, 2)]",22
32,23,0,15,"[(4, 1), (4, 2)]",23
32,24,0,17,"[(4, 1), (4, 2)]",24
32,25,0,21,"[(4, 1), (4, 2)]",25
32,26,0,23,"[(4, 1), (4, 2)]",26
32,27,0,21,"[(4, 1), (4, 2)]",27
32,28,0,19,"[(4, 1), (4, 2)]",28
32,29,0,21,"[(4, 1), (4, 2)]",29
32,30,0,27,"[(4, 1), (4, 2)]",30
32,31,0,28,"[(4, 1), (4, 2)]",31
32,32,0,29,"[(4, 1), (4, 2)]",32
32,33,0,29,"[(4, 1), (4, 2)]",33
32,34,0,31,"[(4, 1), (4, 2)]",34
32,35,0,30,"[(4, 1), (4, 2)]",35
32,36,0,29,"[(4, 1), (4, 2)]",36
32,37,0,26,"[(4, 1), (4, 2)]",37
32,38,0,26,"[(4, 1), (4, 2)]",38
32,39,0,26,"[(4, 1), (4, 2)]",39
32,40,0,27,"[(4, 1), (4, 2)]",40
32,41,0,26,"[(4, 1), (4, 2)]",41
32,42,0,25,"[(4, 1), (4, 2)]",42
32,43,0,23,"[(4, 1), (4, 2)]",43
32,44,0,25,"[(4, 1), (4, 2)]",44
32,45,0,28,"[(4, 1), (4, 2)]",45
32,46,0,27,"[(4, 1), (4, 2)]",46
32,47,0,28,"[(4, 1), (4, 2)]",47
32,48,0,28,"[(4, 1), (4, 2)]",48
32,49,0,25,"[(4, 1), (4, 2)]",49
32,50,0,25,"[(4, 1), (4, 2)]",50
32,51,0,26,"[(4, 1), (4, 2)]",51
32,52,0,26,"[(4, 1), (4, 2)]",52
32,53,0,32,"[(4, 1), (4, 2)]",53
32,54,0,33,"[(4, 1), (4, 2)]",54
32,55,0,35,"[(4, 1), (4, 2)]",55
32,56,0,36,"[(4, 1), (4, 2)]",56
32,57,0,36,"[(4, 1), (4, 2)]",57
32,58,0,34,"[(4, 1), (4, 2)]",58
32,59,0,34,"[(4, 1), (4, 2)]",59
32,60,0,35,"[(4, 1), (4, 2)]",60
33,0,36,0,[],0
33,1,33,0,"[(4, 2)]",1
33,2,28,0,"[(4, 1), (4, 2)]",2
33,3,27,0,"[(4, 1), (4, 2)]",3
33,4,25,0,"[(4, 1), (4, 2)]",4
33,5,24,0,"[(4, 1), (4, 2)]",5
33,6,23,0,"[(4, 1), (4, 2)]",6
33,7,21,0,"[(4, 1), (4, 2)]",7
33,8,23,0,"[(4, 1), (4, 2)]",8
33,9,22,0,"[(4, 1), (4, 2)]",9
33,10,20,0,"[(4, 1), (4, 2)]",10
33,11,22,0,"[(4, 1), (4, 2)]",11
33,12,19,0,"[(4, 1), (4, 2)]",12
33,13,15,0,"[(4, 1), (4, 2)]",13
33,14,16,0,"[(4, 1), (4, 2)]",14
33,15,14,0,"[(4, 1), (4, 2)]",15
33,16,10,0,"[(4, 1), (4, 2)]",16
33,17,6,0,"[(4, 1), (4, 2)]",17
33,18,7,0,"[(4, 1), (4, 2)]",18
33,19,4,0,"[(4, 1), (4, 2)]",19
33,20,2,0,"[(4, 1), (4, 2)]",20
33,21,0,0,"[(4, 1), (4, 2)]",21
33,22,0,4,"[(4, 1), (4, 2)]",22
33,23,0,5,"[(4, 1), (4, 2)]",23
33,24,0,7,"[(4, 1), (4, 2)]",24
33,25,0,8,"[(4, 1), (4, 2)]",25
33,26,0,8,"[(4, 1), (4, 2)]",26
33,27,0,7,"[(4, 1), (4, 2)]",27
33,28,0,7,"[(4, 1), (4, 2)]",28
33,29,0,11,"[(4, 1), (4, 2)]",29
33,30,0,10,"[(4, 1), (4, 2)]",30
33,31,0,10,"[(4, 1), (4, 2)]",31
33,32,0,10,"[(4, 1), (4, 2)]",32
33,33,0,16,"[(4, 1), (4, 2)]",33
33,34,0,18,"[(4, 1), (4, 2)]",34
33,35,0,17,"[(4, 1), (4, 2)]",35
33,36,0,17,"[(4, 1), (4, 2)]",36
33,37,0,20,"[(4, 1), (4, 2)]",37
33,38,0,20,"[(4, 1), (4, 2)]",38
33,39,0,26,"[(4, 1), (4, 2)]",39
33,40,0,24,"[(4, 1), (4, 2)]",40
33,41,0,23,"[(4, 1), (4, 2)]",41
33,42,0,23,"[(4, 1), (4, 2)]",42
33,43,0,28,"[(4, 1), (4, 2)]",43
33,44,0,32,"[(4, 1), (4, 2)]",44
33,45,0,32,"[(4, 1), (4, 2)]",45
33,46,0,33,"[(4, 1), (4, 2)]",46
33,47,0,35,"[(4, 1), (4, 2)]",47
33,48,0,34,"[(4, 1), (4, 2)]",48
33,49,0,38,"[(4, 1), (4, 2)]",49
33,50,0,37,"[(4, 1), (4, 2)]",50
33,51,0,39,"[(4, 1), (4, 2)]",51
33,52,0,38,"[(4, 1), (4, 2)]",52
33,53,0,37,"[(4, 1), (4, 2)]",53
33,54,0,39,"[(4, 1), (4, 2)]",54
33,55,0,40,"[(4, 1), (4, 2)]",55
33,56,0,45,"[(4, 1), (4, 2)]",56
33,57,0,49,"[(4, 1), (4, 2)]",57
33,58,0,53,"[(4, 1), (4, 2)]",58
33,59,0,55,"[(4, 1), (4, 2)]",59
33,60,0,56,"[(4, 1), (4, 2)]",60
34,0,45,0,[],0
34,1,37,0,"[(4, 2)]",1
34,2,34,0,"[(4, 1), (4, 2)]",2
34,3,31,0,"[(4, 1), (4, 2)]",3
34,4,30,0,"[(4, 1), (4, 2)]",4
34,5,30,0,"[(4, 1), (4, 2)]",5
34,6,28,0,"[(4, 1), (4, 2)]",6
34,7,27,0,"[(4, 1), (4, 2)]",7
34,8,23,0,"[(4, 1), (4, 2)]",8
34,9,21,0,"[(4, 1), (4, 2)]",9
34,10,21,0,"[(4, 1), (4, 2)]",10
34,11,21,0,"[(4, 1), (4, 2)]",11
34,12,14,0,"[(4, 1), (4, 2)]",12
34,13,14,0,"[(4, 1), (4, 2)]",13
34,14,13,0,"[(4, 1), (4, 2)]",14
34,15,16,0,"[(4, 1), (4, 2)]",15
34,16,16,0,"[(4, 1), (4, 2)]",16
34,17,14,0,"[(4, 1), (4, 2)]",17
34,18,12,0,"[(4, 1), (4, 2)]",18
34,19,13,0,"[(4, 1), (4, 2)]",19
34,20,14,0,"[(4, 1), (4, 2)]",20
34,21,13,0,"[(4, 1), (4, 2)]",21
34,22,12,0,"[(4, 1), (4, 2)]",22
34,23,14,0,"[(4, 1), (4, 2)]",23
34,24,11,0,"[(4, 1), (4, 2)]",24
34,25,10,0,"[(4, 1), (4, 2)]",25
34,26,8,0,"[(4, 1), (4, 2)]",26
34,27,9,0,"[(4, 1), (4, 2)]",27
34,28,6,0,"[(4, 1), (4, 2)]",28
34,29,1,0,"[(4, 1), (4, 2)]",29
34,30,3,0,"[(4, 1), (4, 2)]",30
34,31,0,0,"[(4, 1), (4, 2)]",31
34,32,0,2,"[(4, 1), (4, 2)]",32
34,33,0,7,"[(4, 1), (4, 2)]",33
34,34,0,6,"[(4, 1), (4, 2)]",34
34,35,0,7,"[(4, 1), (4, 2)]",35
34,36,0,10,"[(4, 1), (4, 2)]",36
34,37,0,9,"[(4, 1), (4, 2)]",37
34,38,0,8,"[(4, 1), (4, 2)]",38
34,39,0,6,"[(4, 1), (4, 2)]",39
34,40,0,11,"[(4, 1), (4, 2)]",40
34,41,0,13,"[(4, 1), (4, 2)]",41
34,42,0,12,"[(4, 1), (4, 2)]",42
34,43,0,12,"[(4, 1), (4, 2)]",43
34,44,0,10,"[(4, 1), (4, 2)]",44
34,45,0,12,"[(4, 1), (4, 2)]",45
34,46,0,11,"[(4, 1), (4, 2)]",46
34,47,0,15,"[(4, 1), (4, 2)]",47
34,48,0,16,"[(4, 1), (4, 2)]",48
34,49,0,19,"[(4, 1), (4, 2)]",49
34,50,0,17,"[(4, 1), (4, 2)]",50
34,51,0,19,"[(4, 1), (4, 2)]",51
34,52,0,18,"[(4, 1), (4, 2)]",52
34,53,0,19,"[(4, 1), (4, 2)]",53
34,54,0,21,"[(4, 1), (4, 2)]",54
34,55,0,23,"[(4, 1), (4, 2)]",55
34,56,0,21,"[(4, 1), (4, 2)]",56
34,57,0,21,"[(4, 1), (4, 2)]",57
34,58,0,22,"[(4, 1), (4, 2)]",58
34,59,0,22,"[(4, 1), (4, 2)]",59
34,60,0,24,"[(4, 1), (4, 2)]",60
35,0,32,0,[],0
35,1,26,0,"[(4, 2)]",1
35,2,19,0,"[(4, 1), (4, 2)]",2
35,3,20,0,"[(4, 1), (4, 2)]",3
35,4,22,0,"[(4, 1), (4, 2)]",4
35,5,23,0,"[(4, 1), (4, 2)]",5
35,6,21,0,"[(4, 1), (4, 2)]",6
35,7,22,0,"[(4, 1), (4, 2)]",7
35,8,21,0,"[(4, 1), (4, 2)]",8
35,9,18,0,"[(4, 1), (4, 2)]",9
35,10,18,0,"[(4, 1), (4, 2)]",10
35,11,16,0,"[(4, 1), (4, 2)]",11
35,12,15,0,"[(4, 1), (4, 2)]",12
35,13,15,0,"[(4, 1), (4, 2)]",13
35,14,12,0,"[(4, 1), (4, 2)]",14
35,15,8,0,"[(4, 1), (4, 2)]",15
35,16,7,0,"[(4, 1), (4, 2)]",16
35,17,6,0,"[(4, 1), (4, 2)]",17
35,18,5,0,"[(4, 1), (4, 2)]",18
35,19,2,0,"[(4, 1), (4, 2)]",19
35,20,0,0,"[(4, 1), (4, 2)]",20
35,21,0,2,"[(4, 1), (4, 2)]",21
35,22,0,4,"[(4, 1), (4, 2)]",22
35,23,0,8,"[(4, 1), (4, 2)]",23
35,24,0,10,"[(4, 1), (4, 2)]",24
35,25,0,7,"[(4, 1), (4, 2)]",25
35,26,0,5,"[(4, 1), (4, 2)]",26
35,27,0,7,"[(4, 1), (4, 2)]",27
35,28,0,10,"[(4, 1), (4, 2)]",28
35,29,0,10,"[(4, 1), (4, 2)]",29
35,30,0,8,"[(4, 1), (4, 2)]",30
35,31,0,10,"[(4, 1), (4, 2)]",31
35,32,0,11,"[(4, 1), (4, 2)]",32
35,33,0,12,"[(4, 1), (4, 2)]",33
35,34,0,12,"[(4, 1), (4, 2)]",34
35,35,0,19,"[(4, 1), (4, 2)]",35
35,36,0,17,"[(4, 1), (4, 2)]",36
35,37,0,18,"[(4, 1), (4, 2)]",37
35,38,0,17,"[(4, 1), (4, 2)]",38
35,39,0,16,"[(4, 1), (4, 2)]",39
35,40,0,22,"[(4, 1), (4, 2)]",40
35,41,0,23,"[(4, 1), (4, 2)]",41
35,42,0,21,"[(4, 1), (4, 2)]",42
35,43,0,21,"[(4, 1), (4, 2)]",43
35,44,0,20,"[(4, 1), (4, 2)]",44
35,45,0,19,"[(4, 1), (4, 2)]",45
35,46,0,18,"[(4, 1), (4, 2)]",46
35,47,0,16,"[(4, 1), (4, 2)]",47
35,48,0,18,"[(4, 1), (4, 2)]",48
35,49,0,20,"[(4, 1), (4, 2)]",49
35,50,0,20,"[(4, 1), (4, 2)]",50
35,51,0,26,"[(4, 1), (4, 2)]",51
35,52,0,26,"[(4, 1), (4, 2)]",52
35,53,0,31,"[(4, 1), (4, 2)]",53
35,54,0,34,"[(4, 1), (4, 2)]",54
35,55,0,40,"[(4, 1), (4, 2)]",55
35,56,0,41,"[(4, 1), (4, 2)]",56
35,57,0,39,"[(4, 1), (4, 2)]",57
35,58,0,40,"[(4, 1), (4, 2)]",58
35,59,0,39,"[(4, 1), (4, 2)]",59
35,60,0,39,"[(4, 1), (4, 2)]",60
36,0,42,0,[],0
36,1,36,0,"[(4, 2)]",1
36,2,28,0,"[(4, 1), (4, 2)]",2
36,3,29,0,"[(4, 1), (4, 2)]",3
36,4,25,0,"[(4, 1), (4, 2)]",4
36,5,22,0,"[(4, 1), (4, 2)]",5
36,6,21,0,"[(4, 1), (4, 2)]",6
36,7,20,0,"[(4, 1), (4, 2)]",7
36,8,16,0,"[(4, 1), (4, 2)]",8
36,9,15,0,"[(4, 1), (4, 2)]",9
36,10,16,0,"[(4, 1), (4, 2)]",10
36,11,17,0,"[(4, 1), (4, 2)]",11
36,12,16,0,"[(4, 1), (4, 2)]",12
36,13,19,0,"[(4, 1), (4, 2)]",13
36,14,18,0,"[(4, 1), (4, 2)]",14
36,15,19,0,"[(4, 1), (4, 2)]",15
36,16,18,0,"[(4, 1), (4, 2)]",16
36,17,18,0,"[(4, 1), (4, 2)]",17
36,18,18,0,"[(4, 1), (4, 2)]",18
36,19,15,0,"[(4, 1), (4, 2)]",19
36,20,12,0,"[(4, 1), (4, 2)]",20
36,21,13,0,"[(4, 1), (4, 2)]",21
36,22,15,0,"[(4, 1), (4, 2)]",22
36,23,14,0,"[(4, 1), (4, 2)]",23
36,24,16,0,"[(4, 1), (4, 2)]",24
36,25,14,0,"[(4, 1), (4, 2)]",25
36,26,12,0,"[(4, 1), (4, 2)]",26
36,27,11,0,"[(4, 1), (4, 2)]",27
36,28,8,0,"[(4, 1), (4, 2)]",28
36,29,5,0,"[(4, 1), (4, 2)]",29
36,30,2,0,"[(4, 1), (4, 2)]",30
36,31,0,0,"[(4, 1), (4, 2)]",31
36,32,0,4,"[(4, 1), (4, 2)]",32
36,33,0,7,"[(4, 1), (4, 2)]",33
36,34,0,4,"[(4, 1), (4, 2)]",34
36,35,0,5,"[(4, 1), (4, 2)]",35
36,36,0,5,"[(4, 1), (4, 2)]",36
36,37,0,11,"[(4, 1), (4, 2)]",37
36,38,0,11,"[(4, 1), (4, 2)]",38
36,39,0,9,"[(4, 1), (4, 2)]",39
36,40,0,12,"[(4, 1), (4, 2)]",40
36,41,0,15,"[(4, 1), (4, 2)]",41
36,42,0,16,"[(4, 1), (4, 2)]",42
36,43,0,18,"[(4, 1), (4, 2)]",43
36,44,0,22,"[(4, 1), (4, 2)]",44
36,45,0,20,"[(4, 1), (4, 2)]",45
36,46,0,21,"[(4, 1), (4, 2)]",46
36,47,0,19,"[(4, 1), (4, 2)]",47
36,48,0,17,"[(4, 1), (4, 2)]",48
36,49,0,17,"[(4, 1), (4, 2)]",49
36,50,0,16,"[(4, 1), (4, 2)]",50
36,51,0,15,"[(4, 1), (4, 2)]",51
36,52,0,18,"[(4, 1), (4, 2)]",52
36,53,0,16,"[(4, 1), (4, 2)]",53
36,54,0,16,"[(4, 1), (4, 2)]",54
36,55,0,14,"[(4, 1), (4, 2)]",55
36,56,0,13,"[(4, 1), (4, 2)]",56
36,57,0,15,"[(4, 1), (4, 2)]",57
36,58,0,18,"[(4, 1), (4, 2)]",58
36,59,0,20,"[(4, 1), (4, 2)]",59
36,60,0,22,"[(4, 1), (4, 2)]",60
37,0,33,0,[],0
37,1,28,0,"[(4, 2)]",1
37,2,22,0,"[(4, 1), (4, 2)]",2
37,3,22,0,"[(4, 1), (4, 2)]",3
37,4,23,0,"[(4, 1), (4, 2)]",4
37,5,22,0,"[(4, 1), (4, 2)]",5
37,6,20,0,"[(4, 1), (4, 2)]",6
37,7,19,0,"[(4, 1), (4, 2)]",7
37,8,17,0,"[(4, 1), (4, 2)]",8
37,9,17,0,"[(4, 1), (4, 2)]",9
37,10,18,0,"[(4, 1), (4, 2)]",10
37,11,19,0,"[(4, 1), (4, 2)]",11
37,12,21,0,"[(4, 1), (4, 2)]",12
37,13,20,0,"[(4, 1), (4, 2)]",13
37,14,19,0,"[(4, 1), (4, 2)]",14
37,15,18,0,"[(4, 1), (4, 2)]",15
37,16,16,0,"[(4, 1), (4, 2)]",16
37,17,15,0,"[(4, 1), (4, 2)]",17
37,18,15,0,"[(4, 1), (4, 2)]",18
37,19,15,0,"[(4, 1), (4, 2)]",19
37,20,13,0,"[(4, 1), (4, 2)]",20
37,21,15,0,"[(4, 1), (4, 2)]",21
37,22,17,0,"[(4, 1), (4, 2)]",22
37,23,14,0,"[(4, 1), (4, 2)]",23
37,24,14,0,"[(4, 1), (4, 2)]",24
37,25,14,0,"[(4, 1), (4, 2)]",25
37,26,11,0,"[(4, 1), (4, 2)]",26
37,27,9,0,"[(4, 1), (4, 2)]",27
37,28,6,0,"[(4, 1), (4, 2)]",28
37,29,7,0,"[(4, 1), (4, 2)]",29
37,30,6,0,"[(4, 1), (4, 2)]",30
37,31,5,0,"[(4, 1), (4, 2)]",31
37,32,0,2,"[(4, 1), (4, 2)]",32
37,33,0,7,"[(4, 1), (4, 2)]",33
37,34,0,7,"[(4, 1), (4, 2)]",34
37,35,0,9,"[(4, 1), (4, 2)]",35
37,36,0,7,"[(4, 1), (4, 2)]",36
37,37,0,5,"[(4, 1), (4, 2)]",37
37,38,0,3,"[(4, 1), (4, 2)]",38
37,39,0,5,"[(4, 1), (4, 2)]",39
37,40,0,7,"[(4, 1), (4, 2)]",40
37,41,0,6,"[(4, 1), (4, 2)]",41
37,42,0,5,"[(4, 1), (4, 2)]",42
37,43,0,6,"[(4, 1), (4, 2)]",43
37,44,0,9,"[(4, 1), (4, 2)]",44
37,45,0,15,"[(4, 1), (4, 2)]",45
37,46,0,15,"[(4, 1), (4, 2)]",46
37,47,0,19,"[(4, 1), (4, 2)]",47
37,48,0,22,"[(4, 1), (4, 2)]",48
37,49,0,22,"[(4, 1), (4, 2)]",49
37,50,0,23,"[(4, 1), (4, 2)]",50
37,51,0,23,"[(4, 1), (4, 2)]",51
37,52,0,23,"[(4, 1), (4, 2)]",52
37,53,0,28,"[(4, 1), (4, 2)]",53
37,54,0,28,"[(4, 1), (4, 2)]",54
37,55,0,30,"[(4, 1), (4, 2)]",55
37,56,0,28,"[(4, 1), (4, 2)]",56
37,57,0,29,"[(4, 1), (4, 2)]",57
37,58,0,31,"[(4, 1), (4, 2)]",58
37,59,0,31,"[(4, 1), (4, 2)]",59
37,60,0,34,"[(4, 1), (4, 2)]",60
38,0,16,0,[],0
38,1,13,0,"[(4, 2)]",1
38,2,7,0,"[(4, 1), (4, 2)]",2
38,3,10,0,"[(4, 1), (4, 2)]",3
38,4,6,0,"[(4, 1), (4, 2)]",4
38,5,8,0,"[(4, 1), (4, 2)]",5
38,6,10,0,"[(4, 1), (4, 2)]",6
38,7,10,0,"[(4, 1), (4, 2)]",7
38,8,9,0,"[(4, 1), (4, 2)]",8
38,9,8,0,"[(4, 1), (4, 2)]",9
38,10,5,0,"[(4, 1), (4, 2)]",10
38,11,8,0,"[(4, 1), (4, 2)]",11
38,12,5,0,"[(4, 1), (4, 2)]",12
38,13,6,0,"[(4, 1), (4, 2)]",13
38,14,2,0,"[(4, 1), (4, 2)]",14
38,15,2,0,"[(4, 1), (4, 2)]",15
38,16,2,0,"[(4, 1), (4, 2)]",16
38,17,2,0,"[(4, 1), (4, 2)]",17
38,18,0,1,"[(4, 1), (4, 2)]",18
38,19,1,0,"[(4, 1), (4, 2)]",19
38,20,0,2,"[(4, 1), (4, 2)]",20
38,21,0,0,"[(4, 1), (4, 2)]",21
38,22,0,4,"[(4, 1), (4, 2)]",22
38,23,0,8,"[(4, 1), (4, 2)]",23
38,24,0,11,"[(4, 1), (4, 2)]",24
38,25,0,9,"[(4, 1), (4, 2)]",25
38,26,0,14,"[(4, 1), (4, 2)]",26
38,27,0,13,"[(4, 1), (4, 2)]",27
38,28,0,14,"[(4, 1), (4, 2)]",28
38,29,0,16,"[(4, 1), (4, 2)]",29
38,30,0,20,"[(4, 1), (4, 2)]",30
38,31,0,23,"[(4, 1), (4, 2)]",31
38,32,0,26,"[(4, 1), (4, 2)]",32
38,33,0,24,"[(4, 1), (4, 2)]",33
38,34,0,25,"[(4, 1), (4, 2)]",34
38,35,0,25,"[(4, 1), (4, 2)]",35
38,36,0,26,"[(4, 1), (4, 2)]",36
38,37,0,25,"[(4, 1), (4, 2)]",37
38,38,0,27,"[(4, 1), (4, 2)]",38
38,39,0,26,"[(4, 1), (4, 2)]",39
38,40,0,22,"[(4, 1), (4, 2)]",40
38,41,0,27,"[(4, 1), (4, 2)]",41
38,42,0,28,"[(4, 1), (4, 2)]",42
38,43,0,26,"[(4, 1), (4, 2)]",43
38,44,0,28,"[(4, 1), (4, 2)]",44
38,45,0,30,"[(4, 1), (4, 2)]",45
38,46,0,30,"[(4, 1), (4, 2)]",46
38,47,0,31,"[(4, 1), (4, 2)]",47
38,48,0,31,"[(4, 1), (4, 2)]",48
38,49,0,29,"[(4, 1), (4, 2)]",49
38,50,0,30,"[(4, 1), (4, 2)]",50
38,51,0,31,"[(4, 1), (4, 2)]",51
38,52,0,30,"[(4, 1), (4, 2)]",52
38,53,0,30,"[(4, 1), (4, 2)]",53
38,54,0,29,"[(4, 1), (4, 2)]",54
38,55,0,30,"[(4, 1), (4, 2)]",55
38,56,0,28,"[(4, 1), (4, 2)]",56
38,57,0,27,"[(4, 1), (4, 2)]",57
38,58,0,27,"[(4, 1), (4, 2)]",58
38,59,0,29,"[(4, 1), (4, 2)]",59
38,60,0,30,"[(4, 1), (4, 2)]",60
39,0,45,0,[],0
39,1,40,0,"[(4, 2)]",1
39,2,29,0,"[(4, 1), (4, 2)]",2
39,3,28,0,"[(4, 1), (4, 2)]",3
39,4,28,0,"[(4, 1), (4, 2)]",4
39,5,30,0,"[(4, 1), (4, 2)]",5
39,6,31,0,"[(4, 1), (4, 2)]",6
39,7,28,0,"[(4, 1), (4, 2)]",7
39,8,21,0,"[(4, 1), (4, 2)]",8
39,9,20,0,"[(4, 1), (4, 2)]",9
39,10,20,0,"[(4, 1), (4, 2)]",10
39,11,19,0,"[(4, 1), (4, 2)]",11
39,12,16,0,"[(4, 1), (4, 2)]",12
39,13,19,0,"[(4, 1), (4, 2)]",13
39,14,19,0,"[(4, 1), (4, 2)]",14
39,15,21,0,"[(4, 1), (4, 2)]",15
39,16,15,0,"[(4, 1), (4, 2)]",16
39,17,16,0,"[(4, 1), (4, 2)]",17
39,18,16,0,"[(4, 1), (4, 2)]",18
39,19,15,0,"[(4, 1), (4, 2)]",19
39,20,16,0,"[(4, 1), (4, 2)]",20
39,21,17,0,"[(4, 1), (4, 2)]",21
39,22,17,0,"[(4, 1), (4, 2)]",22
39,23,21,0,"[(4, 1), (4, 2)]",23
39,24,18,0,"[(4, 1), (4, 2)]",24
39,25,14,0,"[(4, 1), (4, 2)]",25
39,26,12,0,"[(4, 1), (4, 2)]",26
39,27,9,0,"[(4, 1), (4, 2)]",27
39,28,8,0,"[(4, 1), (4, 2)]",28
39,29,8,0,"[(4, 1), (4, 2)]",29
39,30,9,0,"[(4, 1), (4, 2)]",30
39,31,6,0,"[(4, 1), (4, 2)]",31
39,32,9,0,"[(4, 1), (4, 2)]",32
39,33,6,0,"[(4, 1), (4, 2)]",33
39,34,5,0,"[(4, 1), (4, 2)]",34
39,35,4,0,"[(4, 1), (4, 2)]",35
39,36,7,0,"[(4, 1), (4, 2)]",36
39,37,6,0,"[(4, 1), (4, 2)]",37
39,38,4,0,"[(4, 1), (4, 2)]",38
39,39,3,0,"[(4, 1), (4, 2)]",39
39,40,0,0,"[(4, 1), (4, 2)]",40
39,41,1,0,"[(4, 1), (4, 2)]",41
39,42,0,2,"[(4, 1), (4, 2)]",42
39,43,0,5,"[(4, 1), (4, 2)]",43
39,44,0,12,"[(4, 1), (4, 2)]",44
39,45,0,12,"[(4, 1), (4, 2)]",45
39,46,0,17,"[(4, 1), (4, 2)]",46
39,47,0,19,"[(4, 1), (4, 2)]",47
39,48,0,22,"[(4, 1), (4, 2)]",48
39,49,0,21,"[(4, 1), (4, 2)]",49
39,50,0,22,"[(4, 1), (4, 2)]",50
39,51,0,22,"[(4, 1), (4, 2)]",51
39,52,0,22,"[(4, 1), (4, 2)]",52
39,53,0,21,"[(4, 1), (4, 2)]",53
39,54,0,22,"[(4, 1), (4, 2)]",54
39,55,0,22,"[(4, 1), (4, 2)]",55
39,56,0,23,"[(4, 1), (4, 2)]",56
39,57,0,24,"[(4, 1), (4, 2)]",57
39,58,0,25,"[(4, 1), (4, 2)]",58
39,59,0,24,"[(4, 1), (4, 2)]",59
39,60,0,25,"[(4, 1), (4, 2)]",60
40,0,45,0,[],0
40,1,42,0,"[(4, 2)]",1
40,2,36,0,"[(4, 1), (4, 2)]",2
40,3,32,0,"[(4, 1), (4, 2)]",3
40,4,32,0,"[(4, 1), (4, 2)]",4
40,5,34,0,"[(4, 1), (4, 2)]",5
40,6,29,0,"[(4, 1), (4, 2)]",6
40,7,25,0,"[(4, 1), (4, 2)]",7
40,8,22,0,"[(4, 1), (4, 2)]",8
40,9,21,0,"[(4, 1), (4, 2)]",9
40,10,21,0,"[(4, 1), (4, 2)]",10
40,11,18,0,"[(4, 1), (4, 2)]",11
40,12,17,0,"[(4, 1), (4, 2)]",12
40,13,17,0,"[(4, 1), (4, 2)]",13
40,14,13,0,"[(4, 1), (4, 2)]",14
40,15,12,0,"[(4, 1), (4, 2)]",15
40,16,8,0,"[(4, 1), (4, 2)]",16
40,17,8,0,"[(4, 1), (4, 2)]",17
40,18,9,0,"[(4, 1), (4, 2)]",18
40,19,11,0,"[(4, 1), (4, 2)]",19
40,20,2,0,"[(4, 1), (4, 2)]",20
40,21,0,0,"[(4, 1), (4, 2)]",21
40,22,1,0,"[(4, 1), (4, 2)]",22
40,23,0,0,"[(4, 1), (4, 2)]",23
40,24,1,0,"[(4, 1), (4, 2)]",24
40,25,0,2,"[(4, 1), (4, 2)]",25
40,26,0,3,"[(4, 1), (4, 2)]",26
40,27,0,4,"[(4, 1), (4, 2)]",27
40,28,0,8,"[(4, 1), (4, 2)]",28
40,29,0,10,"[(4, 1), (4, 2)]",29
40,30,0,15,"[(4, 1), (4, 2)]",30
40,31,0,19,"[(4, 1), (4, 2)]",31
40,32,0,18,"[(4, 1), (4, 2)]",32
40,33,0,23,"[(4, 1), (4, 2)]",33
40,34,0,19,"[(4, 1), (4, 2)]",34
40,35,0,20,"[(4, 1), (4, 2)]",35
40,36,0,20,"[(4, 1), (4, 2)]",36
40,37,0,21,"[(4, 1), (4, 2)]",37
40,38,0,22,"[(4, 1), (4, 2)]",38
40,39,0,27,"[(4, 1), (4, 2)]",39
40,40,0,26,"[(4, 1), (4, 2)]",40
40,41,0,23,"[(4, 1), (4, 2)]",41
40,42,0,25,"[(4, 1), (4, 2)]",42
40,43,0,27,"[(4, 1), (4, 2)]",43
40,44,0,32,"[(4, 1), (4, 2)]",44
40,45,0,31,"[(4, 1), (4, 2)]",45
40,46,0,31,"[(4, 1), (4, 2)]",46
40,47,0,32,"[(4, 1), (4, 2)]",47
40,48,0,34,"[(4, 1), (4, 2)]",48
40,49,0,38,"[(4, 1), (4, 2)]",49
40,50,0,36,"[(4, 1), (4, 2)]",50
40,51,0,36,"[(4, 1), (4, 2)]",51
40,52,0,37,"[(4, 1), (4, 2)]",52
40,53,0,36,"[(4, 1), (4, 2)]",53
40,54,0,35,"[(4, 1), (4, 2)]",54
40,55,0,34,"[(4, 1), (4, 2)]",55
40,56,0,35,"[(4, 1), (4, 2)]",56
40,57,0,36,"[(4, 1), (4, 2)]",57
40,58,0,37,"[(4, 1), (4, 2)]",58
40,59,0,34,"[(4, 1), (4, 2)]",59
40,60,0,36,"[(4, 1), (4, 2)]",60
41,0,24,0,[],0
41,1,23,0,"[(4, 2)]",1
41,2,16,0,"[(4, 1), (4, 2)]",2
41,3,17,0,"[(4, 1), (4, 2)]",3
41,4,15,0,"[(4, 1), (4, 2)]",4
41,5,15,0,"[(4, 1), (4, 2)]",5
41,6,16,0,"[(4, 1), (4, 2)]",6
41,7,16,0,"[(4, 1), (4, 2)]",7
41,8,15,0,"[(4, 1), (4, 2)]",8
41,9,17,0,"[(4, 1), (4, 2)]",9
41,10,13,0,"[(4, 1), (4, 2)]",10
41,11,8,0,"[(4, 1), (4, 2)]",11
41,12,6,0,"[(4, 1), (4, 2)]",12
41,13,4,0,"[(4, 1), (4, 2)]",13
41,14,0,0,"[(4, 1), (4, 2)]",14
41,15,1,0,"[(4, 1), (4, 2)]",15
41,16,2,0,"[(4, 1), (4, 2)]",16
41,17,0,1,"[(4, 1), (4, 2)]",17
41,18,0,1,"[(4, 1), (4, 2)]",18
41,19,0,6,"[(4, 1), (4, 2)]",19
41,20,0,7,"[(4, 1), (4, 2)]",20
41,21,0,5,"[(4, 1), (4, 2)]",21
41,22,0,2,"[(4, 1), (4, 2)]",22
41,23,0,3,"[(4, 1), (4, 2)]",23
41,24,0,8,"[(4, 1), (4, 2)]",24
41,25,0,12,"[(4, 1), (4, 2)]",25
41,26,0,13,"[(4, 1), (4, 2)]",26
41,27,0,17,"[(4, 1), (4, 2)]",27
41,28,0,17,"[(4, 1), (4, 2)]",28
41,29,0,21,"[(4, 1), (4, 2)]",29
41,30,0,20,"[(4, 1), (4, 2)]",30
41,31,0,23,"[(4, 1), (4, 2)]",31
41,32,0,28,"[(4, 1), (4, 2)]",32
41,33,0,27,"[(4, 1), (4, 2)]",33
41,34,0,24,"[(4, 1), (4, 2)]",34
41,35,0,22,"[(4, 1), (4, 2)]",35
41,36,0,23,"[(4, 1), (4, 2)]",36
41,37,0,30,"[(4, 1), (4, 2)]",37
41,38,0,30,"[(4, 1), (4, 2)]",38
41,39,0,33,"[(4, 1), (4, 2)]",39
41,40,0,33,"[(4, 1), (4, 2)]",40
41,41,0,33,"[(4, 1), (4, 2)]",41
41,42,0,36,"[(4, 1), (4, 2)]",42
41,43,0,35,"[(4, 1), (4, 2)]",43
41,44,0,35,"[(4, 1), (4, 2)]",44
41,45,0,35,"[(4, 1), (4, 2)]",45
41,46,0,38,"[(4, 1), (4, 2)]",46
41,47,0,36,"[(4, 1), (4, 2)]",47
41,48,0,38,"[(4, 1), (4, 2)]",48
41,49,0,44,"[(4, 1), (4, 2)]",49
41,50,0,45,"[(4, 1), (4, 2)]",50
41,51,0,43,"[(4, 1), (4, 2)]",51
41,52,0,43,"[(4, 1), (4, 2)]",52
41,53,0,43,"[(4, 1), (4, 2)]",53
41,54,0,41,"[(4, 1), (4, 2)]",54
41,55,0,43,"[(4, 1), (4, 2)]",55
41,56,0,44,"[(4, 1), (4, 2)]",56
41,57,0,47,"[(4, 1), (4, 2)]",57
41,58,0,45,"[(4, 1), (4, 2)]",58
41,59,0,46,"[(4, 1), (4, 2)]",59
41,60,0,49,"[(4, 1), (4, 2)]",60
42,0,41,0,[],0
42,1,36,0,"[(4, 2)]",1
42,2,29,0,"[(4, 1), (4, 2)]",2
42,3,25,0,"[(4, 1), (4, 2)]",3
42,4,27,0,"[(4, 1), (4, 2)]",4
42,5,29,0,"[(4, 1), (4, 2)]",5
42,6,28,0,"[(4, 1), (4, 2)]",6
42,7,25,0,"[(4, 1), (4, 2)]",7
42,8,23,0,"[(4, 1), (4, 2)]",8
42,9,20,0,"[(4, 1), (4, 2)]",9
42,10,21,0,"[(4, 1), (4, 2)]",10
42,11,19,0,"[(4, 1), (4, 2)]",11
42,12,20,0,"[(4, 1), (4, 2)]",12
42,13,21,0,"[(4, 1), (4, 2)]",13
42,14,22,0,"[(4, 1), (4, 2)]",14
42,15,20,0,"[(4, 1), (4, 2)]",15
42,16,18,0,"[(4, 1), (4, 2)]",16
42,17,19,0,"[(4, 1), (4, 2)]",17
42,18,12,0,"[(4, 1), (4, 2)]",18
42,19,10,0,"[(4, 1), (4, 2)]",19
42,20,10,0,"[(4, 1), (4, 2)]",20
42,21,7,0,"[(4, 1), (4, 2)]",21
42,22,6,0,"[(4, 1), (4, 2)]",22
42,23,7,0,"[(4, 1), (4, 2)]",23
42,24,5,0,"[(4, 1), (4, 2)]",24
42,25,0,0,"[(4, 1), (4, 2)]",25
42,26,3,0,"[(4, 1), (4, 2)]",26
42,27,1,0,"[(4, 1), (4, 2)]",27
42,28,2,0,"[(4, 1), (4, 2)]",28
42,29,0,1,"[(4, 1), (4, 2)]",29
42,30,0,0,"[(4, 1), (4, 2)]",30
42,31,2,0,"[(4, 1), (4, 2)]",31
42,32,0,0,"[(4, 1), (4, 2)]",32
42,33,0,0,"[(4, 1), (4, 2)]",33
42,34,2,0,"[(4, 1), (4, 2)]",34
42,35,4,0,"[(4, 1), (4, 2)]",35
42,36,2,0,"[(4, 1), (4, 2)]",36
42,37,0,0,"[(4, 1), (4, 2)]",37
42,38,3,0,"[(4, 1), (4, 2)]",38
42,39,4,0,"[(4, 1), (4, 2)]",39
42,40,3,0,"[(4, 1), (4, 2)]",40
42,41,4,0,"[(4, 1), (4, 2)]",41
42,42,6,0,"[(4, 1), (4, 2)]",42
42,43,7,0,"[(4, 1), (4, 2)]",43
42,44,4,0,"[(4, 1), (4, 2)]",44
42,45,2,0,"[(4, 1), (4, 2)]",45
42,46,0,0,"[(4, 1), (4, 2)]",46
42,47,2,0,"[(4, 1), (4, 2)]",47
42,48,0,0,"[(4, 1), (4, 2)]",48
42,49,0,2,"[(4, 1), (4, 2)]",49
42,50,0,3,"[(4, 1), (4, 2)]",50
42,51,0,5,"[(4, 1), (4, 2)]",51
42,52,0,3,"[(4, 1), (4, 2)]",52
42,53,0,7,"[(4, 1), (4, 2)]",53
42,54,0,8,"[(4, 1), (4, 2)]",54
42,55,0,6,"[(4, 1), (4, 2)]",55
42,56,0,6,"[(4, 1), (4, 2)]",56
42,57,0,4,"[(4, 1), (4, 2)]",57
42,58,0,5,"[(4, 1), (4, 2)]",58
42,59,0,6,"[(4, 1), (4, 2)]",59
42,60,0,10,"[(4, 1), (4, 2)]",60
43,0,40,0,[],0
43,1,35,0,"[(4, 2)]",1
43,2,28,0,"[(4, 1), (4, 2)]",2
43,3,25,0,"[(4, 1), (4, 2)]",3
43,4,24,0,"[(4, 1), (4, 2)]",4
43,5,24,0,"[(4, 1), (4, 2)]",5
43,6,24,0,"[(4, 1), (4, 2)]",6
43,7,24,0,"[(4, 1), (4, 2)]",7
43,8,22,0,"[(4, 1), (4, 2)]",8
43,9,20,0,"[(4, 1), (4, 2)]",9
43,10,23,0,"[(4, 1), (4, 2)]",10
43,11,20,0,"[(4, 1), (4, 2)]",11
43,12,19,0,"[(4, 1), (4, 2)]",12
43,13,13,0,"[(4, 1), (4, 2)]",13
43,14,13,0,"[(4, 1), (4, 2)]",14
43,15,11,0,"[(4, 1), (4, 2)]",15
43,16,12,0,"[(4, 1), (4, 2)]",16
43,17,6,0,"[(4, 1), (4, 2)]",17
43,18,4,0,"[(4, 1), (4, 2)]",18
43,19,1,0,"[(4, 1), (4, 2)]",19
43,20,1,0,"[(4, 1), (4, 2)]",20
43,21,0,1,"[(4, 1), (4, 2)]",21
43,22,0,0,"[(4, 1), (4, 2)]",22
43,23,0,3,"[(4, 1), (4, 2)]",23
43,24,0,6,"[(4, 1), (4, 2)]",24
43,25,0,4,"[(4, 1), (4, 2)]",25
43,26,0,6,"[(4, 1), (4, 2)]",26
43,27,0,4,"[(4, 1), (4, 2)]",27
43,28,0,2,"[(4, 1), (4, 2)]",28
43,29,0,4,"[(4, 1), (4, 2)]",29
43,30,0,8,"[(4, 1), (4, 2)]",30
43,31,0,7,"[(4, 1), (4, 2)]",31
43,32,0,6,"[(4, 1), (4, 2)]",32
43,33,0,12,"[(4, 1), (4, 2)]",33
43,34,0,12,"[(4, 1), (4, 2)]",34
43,35,0,9,"[(4, 1), (4, 2)]",35
43,36,0,8,"[(4, 1), (4, 2)]",36
43,37,0,9,"[(4, 1), (4, 2)]",37
43,38,0,7,"[(4, 1), (4, 2)]",38
43,39,0,6,"[(4, 1), (4, 2)]",39
43,40,0,7,"[(4, 1), (4, 2)]",40
43,41,0,13,"[(4, 1), (4, 2)]",41
43,42,0,15,"[(4, 1), (4, 2)]",42
43,43,0,15,"[(4, 1), (4, 2)]",43
43,44,0,15,"[(4, 1), (4, 2)]",44
43,45,0,16,"[(4, 1), (4, 2)]",45
43,46,0,14,"[(4, 1), (4, 2)]",46
43,47,0,16,"[(4, 1), (4, 2)]",47
43,48,0,15,"[(4, 1), (4, 2)]",48
43,49,0,15,"[(4, 1), (4, 2)]",49
43,50,0,16,"[(4, 1), (4, 2)]",50
43,51,0,19,"[(4, 1), (4, 2)]",51
43,52,0,18,"[(4, 1), (4, 2)]",52
43,53,0,22,"[(4, 1), (4, 2)]",53
43,54,0,23,"[(4, 1), (4, 2)]",54
43,55,0,25,"[(4, 1), (4, 2)]",55
43,56,0,28,"[(4, 1), (4, 2)]",56
43,57,0,30,"[(4, 1), (4, 2)]",57
43,58,0,30,"[(4, 1), (4, 2)]",58
43,59,0,28,"[(4, 1), (4, 2)]",59
43,60,0,28,"[(4, 1), (4, 2)]",60
44,0,44,0,[],0
44,1,42,0,"[(4, 2)]",1
44,2,40,0,"[(4, 1), (4, 2)]",2
44,3,40,0,"[(4, 1), (4, 2)]",3
44,4,39,0,"[(4, 1), (4, 2)]",4
44,5,38,0,"[(4, 1), (4, 2)]",5
44,6,41,0,"[(4, 1), (4, 2)]",6
44,7,39,0,"[(4, 1), (4, 2)]",7
44,8,39,0,"[(4, 1), (4, 2)]",8
44,9,37,0,"[(4, 1), (4, 2)]",9
44,10,38,0,"[(4, 1), (4, 2)]",10
44,11,30,0,"[(4, 1), (4, 2)]",11
44,12,29,0,"[(4, 1), (4, 2)]",12
44,13,29,0,"[(4, 1), (4, 2)]",13
44,14,28,0,"[(4, 1), (4, 2)]",14
44,15,29,0,"[(4, 1), (4, 2)]",15
44,16,26,0,"[(4, 1), (4, 2)]",16
44,17,27,0,"[(4, 1), (4, 2)]",17
44,18,28,0,"[(4, 1), (4, 2)]",18
44,19,25,0,"[(4, 1), (4, 2)]",19
44,20,25,0,"[(4, 1), (4, 2)]",20
44,21,26,0,"[(4, 1), (4, 2)]",21
44,22,21,0,"[(4, 1), (4, 2)]",22
44,23,18,0,"[(4, 1), (4, 2)]",23
44,24,18,0,"[(4, 1), (4, 2)]",24
44,25,17,0,"[(4, 1), (4, 2)]",25
44,26,15,0,"[(4, 1), (4, 2)]",26
44,27,15,0,"[(4, 1), (4, 2)]",27
44,28,17,0,"[(4, 1), (4, 2)]",28
44,29,18,0,"[(4, 1), (4, 2)]",29
44,30,18,0,"[(4, 1), (4, 2)]",30
44,31,18,0,"[(4, 1), (4, 2)]",31
44,32,18,0,"[(4, 1), (4, 2)]",32
44,33,15,0,"[(4, 1), (4, 2)]",33
44,34,15,0,"[(4, 1), (4, 2)]",34
44,35,17,0,"[(4, 1), (4, 2)]",35
44,36,14,0,"[(4, 1), (4, 2)]",36
44,37,16,0,"[(4, 1), (4, 2)]",37
44,38,17,0,"[(4, 1), (4, 2)]",38
44,39,19,0,"[(4, 1), (4, 2)]",39
44,40,16,0,"[(4, 1), (4, 2)]",40
44,41,15,0,"[(4, 1), (4, 2)]",41
44,42,15,0,"[(4, 1), (4, 2)]",42
44,43,12,0,"[(4, 1), (4, 2)]",43
44,44,13,0,"[(4, 1), (4, 2)]",44
44,45,13,0,"[(4, 1), (4, 2)]",45
44,46,13,0,"[(4, 1), (4, 2)]",46
44,47,12,0,"[(4, 1), (4, 2)]",47
44,48,10,0,"[(4, 1), (4, 2)]",48
44,49,10,0,"[(4, 1), (4, 2)]",49
44,50,7,0,"[(4, 1), (4, 2)]",50
44,51,8,0,"[(4, 1), (4, 2)]",51
44,52,7,0,"[(4, 1), (4, 2)]",52
44,53,8,0,"[(4, 1), (4, 2)]",53
44,54,5,0,"[(4, 1), (4, 2)]",54
44,55,2,0,"[(4, 1), (4, 2)]",55
44,56,0,1,"[(4, 1), (4, 2)]",56
44,57,0,6,"[(4, 1), (4, 2)]",57
44,58,0,6,"[(4, 1), (4, 2)]",58
44,59,0,4,"[(4, 1), (4, 2)]",59
44,60,0,5,"[(4, 1), (4, 2)]",60
45,0,50,0,[],0
45,1,44,0,"[(4, 2)]",1
45,2,41,0,"[(4, 1), (4, 2)]",2
45,3,38,0,"[(4, 1), (4, 2)]",3
45,4,35,0,"[(4, 1), (4, 2)]",4
45,5,35,0,"[(4, 1), (4, 2)]",5
45,6,34,0,"[(4, 1), (4, 2)]",6
45,7,33,0,"[(4, 1), (4, 2)]",7
45,8,33,0,"[(4, 1), (4, 2)]",8
45,9,31,0,"[(4, 1), (4, 2)]",9
45,10,31,0,"[(4, 1), (4, 2)]",10
45,11,30,0,"[(4, 1), (4, 2)]",11
45,12,27,0,"[(4, 1), (4, 2)]",12
45,13,23,0,"[(4, 1), (4, 2)]",13
45,14,23,0,"[(4, 1), (4, 2)]",14
45,15,24,0,"[(4, 1), (4, 2)]",15
45,16,21,0,"[(4, 1), (4, 2)]",16
45,17,20,0,"[(4, 1), (4, 2)]",17
45,18,24,0,"[(4, 1), (4, 2)]",18
45,19,25,0,"[(4, 1), (4, 2)]",19
45,20,24,0,"[(4, 1), (4, 2)]",20
45,21,22,0,"[(4, 1), (4, 2)]",21
45,22,19,0,"[(4, 1), (4, 2)]",22
45,23,20,0,"[(4, 1), (4, 2)]",23
45,24,21,0,"[(4, 1), (4, 2)]",24
45,25,20,0,"[(4, 1), (4, 2)]",25
45,26,20,0,"[(4, 1), (4, 2)]",26
45,27,20,0,"[(4, 1), (4, 2)]",27
45,28,19,0,"[(4, 1), (4, 2)]",28
45,29,20,0,"[(4, 1), (4, 2)]",29
45,30,21,0,"[(4, 1), (4, 2)]",30
45,31,19,0,"[(4, 1), (4, 2)]",31
45,32,20,0,"[(4, 1), (4, 2)]",32
45,33,22,0,"[(4, 1), (4, 2)]",33
45,34,19,0,"[(4, 1), (4, 2)]",34
45,35,16,0,"[(4, 1), (4, 2)]",35
45,36,20,0,"[(4, 1), (4, 2)]",36
45,37,20,0,"[(4, 1), (4, 2)]",37
45,38,23,0,"[(4, 1), (4, 2)]",38
45,39,17,0,"[(4, 1), (4, 2)]",39
45,40,17,0,"[(4, 1), (4, 2)]",40
45,41,16,0,"[(4, 1), (4, 2)]",41
45,42,14,0,"[(4, 1), (4, 2)]",42
45,43,13,0,"[(4, 1), (4, 2)]",43
45,44,12,0,"[(4, 1), (4, 2)]",44
45,45,11,0,"[(4, 1), (4, 2)]",45
45,46,10,0,"[(4, 1), (4, 2)]",46
45,47,8,0,"[(4, 1), (4, 2)]",47
45,48,6,0,"[(4, 1), (4, 2)]",48
45,49,5,0,"[(4, 1), (4, 2)]",49
45,50,3,0,"[(4, 1), (4, 2)]",50
45,51,5,0,"[(4, 1), (4, 2)]",51
45,52,1,0,"[(4, 1), (4, 2)]",52
45,53,2,0,"[(4, 1), (4, 2)]",53
45,54,0,1,"[(4, 1), (4, 2)]",54
45,55,0,3,"[(4, 1), (4, 2)]",55
45,56,0,1,"[(4, 1), (4, 2)]",56
45,57,0,4,"[(4, 1), (4, 2)]",57
45,58,0,7,"[(4, 1), (4, 2)]",58
45,59,0,9,"[(4, 1), (4, 2)]",59
45,60,0,8,"[(4, 1), (4, 2)]",60
46,0,35,0,[],0
46,1,29,0,"[(4, 2)]",1
46,2,23,0,"[(4, 1), (4, 2)]",2
46,3,24,0,"[(4, 1), (4, 2)]",3
46,4,24,0,"[(4, 1), (4, 2)]",4
46,5,24,0,"[(4, 1), (4, 2)]",5
46,6,24,0,"[(4, 1), (4, 2)]",6
46,7,22,0,"[(4, 1), (4, 2)]",7
46,8,17,0,"[(4, 1), (4, 2)]",8
46,9,14,0,"[(4, 1), (4, 2)]",9
46,10,16,0,"[(4, 1), (4, 2)]",10
46,11,15,0,"[(4, 1), (4, 2)]",11
46,12,17,0,"[(4, 1), (4, 2)]",12
46,13,14,0,"[(4, 1), (4, 2)]",13
46,14,15,0,"[(4, 1), (4, 2)]",14
46,15,13,0,"[(4, 1), (4, 2)]",15
46,16,10,0,"[(4, 1), (4, 2)]",16
46,17,7,0,"[(4, 1), (4, 2)]",17
46,18,8,0,"[(4, 1), (4, 2)]",18
46,19,3,0,"[(4, 1), (4, 2)]",19
46,20,2,0,"[(4, 1), (4, 2)]",20
46,21,2,0,"[(4, 1), (4, 2)]",21
46,22,1,0,"[(4, 1), (4, 2)]",22
46,23,0,4,"[(4, 1), (4, 2)]",23
46,24,0,5,"[(4, 1), (4, 2)]",24
46,25,0,5,"[(4, 1), (4, 2)]",25
46,26,0,9,"[(4, 1), (4, 2)]",26
46,27,0,8,"[(4, 1), (4, 2)]",27
46,28,0,11,"[(4, 1), (4, 2)]",28
46,29,0,9,"[(4, 1), (4, 2)]",29
46,30,0,10,"[(4, 1), (4, 2)]",30
46,31,0,16,"[(4, 1), (4, 2)]",31
46,32,0,19,"[(4, 1), (4, 2)]",32
46,33,0,21,"[(4, 1), (4, 2)]",33
46,34,0,23,"[(4, 1), (4, 2)]",34
46,35,0,24,"[(4, 1), (4, 2)]",35
46,36,0,22,"[(4, 1), (4, 2)]",36
46,37,0,21,"[(4, 1), (4, 2)]",37
46,38,0,19,"[(4, 1), (4, 2)]",38
46,39,0,18,"[(4, 1), (4, 2)]",39
46,40,0,14,"[(4, 1), (4, 2)]",40
46,41,0,15,"[(4, 1), (4, 2)]",41
46,42,0,16,"[(4, 1), (4, 2)]",42
46,43,0,16,"[(4, 1), (4, 2)]",43
46,44,0,16,"[(4, 1), (4, 2)]",44
46,45,0,15,"[(4, 1), (4, 2)]",45
46,46,0,17,"[(4, 1), (4, 2)]",46
46,47,0,20,"[(4, 1), (4, 2)]",47
46,48,0,20,"[(4, 1), (4, 2)]",48
46,49,0,19,"[(4, 1), (4, 2)]",49
46,50,0,21,"[(4, 1), (4, 2)]",50
46,51,0,28,"[(4, 1), (4, 2)]",51
46,52,0,29,"[(4, 1), (4, 2)]",52
46,53,0,26,"[(4, 1), (4, 2)]",53
46,54,0,27,"[(4, 1), (4, 2)]",54
46,55,0,24,"[(4, 1), (4, 2)]",55
46,56,0,25,"[(4, 1), (4, 2)]",56
46,57,0,29,"[(4, 1), (4, 2)]",57
46,58,0,28,"[(4, 1), (4, 2)]",58
46,59,0,28,"[(4, 1), (4, 2)]",59
46,60,0,30,"[(4, 1), (4, 2)]",60
47,0,42,0,[],0
47,1,41,0,"[(4, 2)]",1
47,2,33,0,"[(4, 1), (4, 2)]",2
47,3,34,0,"[(4, 1), (4, 2)]",3
47,4,35,0,"[(4, 1), (4, 2)]",4
47,5,34,0,"[(4, 1), (4, 2)]",5
47,6,34,0,"[(4, 1), (4, 2)]",6
47,7,29,0,"[(4, 1), (4, 2)]",7
47,8,30,0,"[(4, 1), (4, 2)]",8
47,9,32,0,"[(4, 1), (4, 2)]",9
47,10,30,0,"[(4, 1), (4, 2)]",10
47,11,28,0,"[(4, 1), (4, 2)]",11
47,12,30,0,"[(4, 1), (4, 2)]",12
47,13,26,0,"[(4, 1), (4, 2)]",13
47,14,20,0,"[(4, 1), (4, 2)]",14
47,15,22,0,"[(4, 1), (4, 2)]",15
47,16,20,0,"[(4, 1), (4, 2)]",16
47,17,17,0,"[(4, 1), (4, 2)]",17
47,18,18,0,"[(4, 1), (4, 2)]",18
47,19,17,0,"[(4, 1), (4, 2)]",19
47,20,12,0,"[(4, 1), (4, 2)]",20
47,21,10,0,"[(4, 1), (4, 2)]",21
47,22,9,0,"[(4, 1), (4, 2)]",22
47,23,8,0,"[(4, 1), (4, 2)]",23
47,24,5,0,"[(4, 1), (4, 2)]",24
47,25,5,0,"[(4, 1), (4, 2)]",25
47,26,5,0,"[(4, 1), (4, 2)]",26
47,27,3,0,"[(4, 1), (4, 2)]",27
47,28,4,0,"[(4, 1), (4, 2)]",28
47,29,0,0,"[(4, 1), (4, 2)]",29
47,30,0,4,"[(4, 1), (4, 2)]",30
47,31,0,3,"[(4, 1), (4, 2)]",31
47,32,0,5,"[(4, 1), (4, 2)]",32
47,33,0,5,"[(4, 1), (4, 2)]",33
47,34,0,4,"[(4, 1), (4, 2)]",34
47,35,0,2,"[(4, 1), (4, 2)]",35
47,36,0,2,"[(4, 1), (4, 2)]",36
47,37,0,4,"[(4, 1), (4, 2)]",37
47,38,0,9,"[(4, 1), (4, 2)]",38
47,39,0,9,"[(4, 1), (4, 2)]",39
47,40,0,11,"[(4, 1), (4, 2)]",40
47,41,0,16,"[(4, 1), (4, 2)]",41
47,42,0,16,"[(4, 1), (4, 2)]",42
47,43,0,18,"[(4, 1), (4, 2)]",43
47,44,0,20,"[(4, 1), (4, 2)]",44
47,45,0,19,"[(4, 1), (4, 2)]",45
47,46,0,22,"[(4, 1), (4, 2)]",46
47,47,0,21,"[(4, 1), (4, 2)]",47
47,48,0,25,"[(4, 1), (4, 2)]",48
47,49,0,26,"[(4, 1), (4, 2)]",49
47,50,0,30,"[(4, 1), (4, 2)]",50
47,51,0,31,"[(4, 1), (4, 2)]",51
47,52,0,28,"[(4, 1), (4, 2)]",52
47,53,0,27,"[(4, 1), (4, 2)]",53
47,54,0,30,"[(4, 1), (4, 2)]",54
47,55,0,34,"[(4, 1), (4, 2)]",55
47,56,0,30,"[(4, 1), (4, 2)]",56
47,57,0,37,"[(4, 1), (4, 2)]",57
47,58,0,43,"[(4, 1), (4, 2)]",58
47,59,0,40,"[(4, 1), (4, 2)]",59
47,60,0,39,"[(4, 1), (4, 2)]",60
48,0,19,0,[],0
48,1,16,0,"[(4, 2)]",1
48,2,12,0,"[(4, 1), (4, 2)]",2
48,3,11,0,"[(4, 1), (4, 2)]",3
48,4,12,0,"[(4, 1), (4, 2)]",4
48,5,11,0,"[(4, 1), (4, 2)]",5
48,6,8,0,"[(4, 1), (4, 2)]",6
48,7,10,0,"[(4, 1), (4, 2)]",7
48,8,11,0,"[(4, 1), (4, 2)]",8
48,9,14,0,"[(4, 1), (4, 2)]",9
48,10,15,0,"[(4, 1), (4, 2)]",10
48,11,12,0,"[(4, 1), (4, 2)]",11
48,12,5,0,"[(4, 1), (4, 2)]",12
48,13,5,0,"[(4, 1), (4, 2)]",13
48,14,6,0,"[(4, 1), (4, 2)]",14
48,15,5,0,"[(4, 1), (4, 2)]",15
48,16,3,0,"[(4, 1), (4, 2)]",16
48,17,0,0,"[(4, 1), (4, 2)]",17
48,18,0,0,"[(4, 1), (4, 2)]",18
48,19,1,0,"[(4, 1), (4, 2)]",19
48,20,0,3,"[(4, 1), (4, 2)]",20
48,21,0,2,"[(4, 1), (4, 2)]",21
48,22,0,2,"[(4, 1), (4, 2)]",22
48,23,1,0,"[(4, 1), (4, 2)]",23
48,24,0,3,"[(4, 1), (4, 2)]",24
48,25,0,1,"[(4, 1), (4, 2)]",25
48,26,1,0,"[(4, 1), (4, 2)]",26
48,27,0,3,"[(4, 1), (4, 2)]",27
48,28,0,4,"[(4, 1), (4, 2)]",28
48,29,0,5,"[(4, 1), (4, 2)]",29
48,30,0,5,"[(4, 1), (4, 2)]",30
48,31,0,4,"[(4, 1), (4, 2)]",31
48,32,0,3,"[(4, 1), (4, 2)]",32
48,33,0,4,"[(4, 1), (4, 2)]",33
48,34,0,5,"[(4, 1), (4, 2)]",34
48,35,0,3,"[(4, 1), (4, 2)]",35
48,36,0,3,"[(4, 1), (4, 2)]",36
48,37,0,1,"[(4, 1), (4, 2)]",37
48,38,0,3,"[(4, 1), (4, 2)]",38
48,39,0,1,"[(4, 1), (4, 2)]",39
48,40,0,3,"[(4, 1), (4, 2)]",40
48,41,0,3,"[(4, 1), (4, 2)]",41
48,42,0,7,"[(4, 1), (4, 2)]",42
48,43,0,8,"[(4, 1), (4, 2)]",43
48,44,0,9,"[(4, 1), (4, 2)]",44
48,45,0,6,"[(4, 1), (4, 2)]",45
48,46,0,10,"[(4, 1), (4, 2)]",46
48,47,0,13,"[(4, 1), (4, 2)]",47
48,48,0,15,"[(4, 1), (4, 2)]",48
48,49,0,16,"[(4, 1), (4, 2)]",49
48,50,0,21,"[(4, 1), (4, 2)]",50
48,51,0,24,"[(4, 1), (4, 2)]",51
48,52,0,27,"[(4, 1), (4, 2)]",52
48,53,0,29,"[(4, 1), (4, 2)]",53
48,54,0,30,"[(4, 1), (4, 2)]",54
48,55,0,33,"[(4, 1), (4, 2)]",55
48,56,0,34,"[(4, 1), (4, 2)]",56
48,57,0,38,"[(4, 1), (4, 2)]",57
48,58,0,37,"[(4, 1), (4, 2)]",58
48,59,0,39,"[(4, 1), (4, 2)]",59
48,60,0,42,"[(4, 1), (4, 2)]",60
49,0,20,0,[],0
49,1,13,0,"[(4, 2)]",1
49,2,10,0,"[(4, 1), (4, 2)]",2
49,3,10,0,"[(4, 1), (4, 2)]",3
49,4,10,0,"[(4, 1), (4, 2)]",4
49,5,7,0,"[(4, 1), (4, 2)]",5
49,6,7,0,"[(4, 1), (4, 2)]",6
49,7,6,0,"[(4, 1), (4, 2)]",7
49,8,4,0,"[(4, 1), (4, 2)]",8
49,9,3,0,"[(4, 1), (4, 2)]",9
49,10,3,0,"[(4, 1), (4, 2)]",10
49,11,2,0,"[(4, 1), (4, 2)]",11
49,12,1,0,"[(4, 1), (4, 2)]",12
49,13,1,0,"[(4, 1), (4, 2)]",13
49,14,2,0,"[(4, 1), (4, 2)]",14
49,15,0,3,"[(4, 1), (4, 2)]",15
49,16,0,6,"[(4, 1), (4, 2)]",16
49,17,0,4,"[(4, 1), (4, 2)]",17
49,18,0,6,"[(4, 1), (4, 2)]",18
49,19,0,8,"[(4, 1), (4, 2)]",19
49,20,0,12,"[(4, 1), (4, 2)]",20
49,21,0,13,"[(4, 1), (4, 2)]",21
49,22,0,15,"[(4, 1), (4, 2)]",22
49,23,0,17,"[(4, 1), (4, 2)]",23
49,24,0,15,"[(4, 1), (4, 2)]",24
49,25,0,12,"[(4, 1), (4, 2)]",25
49,26,0,11,"[(4, 1), (4, 2)]",26
49,27,0,10,"[(4, 1), (4, 2)]",27
49,28,0,9,"[(4, 1), (4, 2)]",28
49,29,0,8,"[(4, 1), (4, 2)]",29
49,30,0,9,"[(4, 1), (4, 2)]",30
49,31,0,7,"[(4, 1), (4, 2)]",31
49,32,0,11,"[(4, 1), (4, 2)]",32
49,33,0,12,"[(4, 1), (4, 2)]",33
49,34,0,10,"[(4, 1), (4, 2)]",34
49,35,0,9,"[(4, 1), (4, 2)]",35
49,36,0,6,"[(4, 1), (4, 2)]",36
49,37,0,7,"[(4, 1), (4, 2)]",37
49,38,0,7,"[(4, 1), (4, 2)]",38
49,39,0,3,"[(4, 1), (4, 2)]",39
49,40,0,6,"[(4, 1), (4, 2)]",40
49,41,0,6,"[(4, 1), (4, 2)]",41
49,42,0,9,"[(4, 1), (4, 2)]",42
49,43,0,7,"[(4, 1), (4, 2)]",43
49,44,0,7,"[(4, 1), (4, 2)]",44
49,45,0,7,"[(4, 1), (4, 2)]",45
49,46,0,6,"[(4, 1), (4, 2)]",46
49,47,0,6,"[(4, 1), (4, 2)]",47
49,48,0,12,"[(4, 1), (4, 2)]",48
49,49,0,14,"[(4, 1), (4, 2)]",49
49,50,0,13,"[(4, 1), (4, 2)]",50
49,51,0,11,"[(4, 1), (4, 2)]",51
49,52,0,10,"[(4, 1), (4, 2)]",52
49,53,0,10,"[(4, 1), (4, 2)]",53
49,54,0,10,"[(4, 1), (4, 2)]",54
49,55,0,11,"[(4, 1), (4, 2)]",55
49,56,0,14,"[(4, 1), (4, 2)]",56
49,57,0,20,"[(4, 1), (4, 2)]",57
49,58,0,18,"[(4, 1), (4, 2)]",58
49,59,0,20,"[(4, 1), (4, 2)]",59
49,60,0,21,"[(4, 1), (4, 2)]",60
50,0,34,0,[],0
50,1,26,0,"[(4, 2)]",1
50,2,19,0,"[(4, 1), (4, 2)]",2
50,3,19,0,"[(4, 1), (4, 2)]",3
50,4,20,0,"[(4, 1), (4, 2)]",4
50,5,21,0,"[(4, 1), (4, 2)]",5
50,6,22,0,"[(4, 1), (4, 2)]",6
50,7,22,0,"[(4, 1), (4, 2)]",7
50,8,21,0,"[(4, 1), (4, 2)]",8
50,9,21,0,"[(4, 1), (4, 2)]",9
50,10,20,0,"[(4, 1), (4, 2)]",10
50,11,22,0,"[(4, 1), (4, 2)]",11
50,12,22,0,"[(4, 1), (4, 2)]",12
50,13,21,0,"[(4, 1), (4, 2)]",13
50,14,23,0,"[(4, 1), (4, 2)]",14
50,15,23,0,"[(4, 1), (4, 2)]",15
50,16,21,0,"[(4, 1), (4, 2)]",16
50,17,24,0,"[(4, 1), (4, 2)]",17
50,18,22,0,"[(4, 1), (4, 2)]",18
50,19,22,0,"[(4, 1), (4, 2)]",19
50,20,19,0,"[(4, 1), (4, 2)]",20
50,21,18,0,"[(4, 1), (4, 2)]",21
50,22,19,0,"[(4, 1), (4, 2)]",22
50,23,8,0,"[(4, 1), (4, 2)]",23
50,24,10,0,"[(4, 1), (4, 2)]",24
50,25,9,0,"[(4, 1), (4, 2)]",25
50,26,10,0,"[(4, 1), (4, 2)]",26
50,27,8,0,"[(4, 1), (4, 2)]",27
50,28,9,0,"[(4, 1), (4, 2)]",28
50,29,7,0,"[(4, 1), (4, 2)]",29
50,30,7,0,"[(4, 1), (4, 2)]",30
50,31,3,0,"[(4, 1), (4, 2)]",31
50,32,0,4,"[(4, 1), (4, 2)]",32
50,33,0,7,"[(4, 1), (4, 2)]",33
50,34,0,9,"[(4, 1), (4, 2)]",34
50,35,0,11,"[(4, 1), (4, 2)]",35
50,36,0,8,"[(4, 1), (4, 2)]",36
50,37,0,11,"[(4, 1), (4, 2)]",37
50,38,0,10,"[(4, 1), (4, 2)]",38
50,39,0,12,"[(4, 1), (4, 2)]",39
50,40,0,12,"[(4, 1), (4, 2)]",40
50,41,0,15,"[(4, 1), (4, 2)]",41
50,42,0,17,"[(4, 1), (4, 2)]",42
50,43,0,18,"[(4, 1), (4, 2)]",43
50,44,0,16,"[(4, 1), (4, 2)]",44
50,45,0,19,"[(4, 1), (4, 2)]",45
50,46,0,19,"[(4, 1), (4, 2)]",46
50,47,0,20,"[(4, 1), (4, 2)]",47
50,48,0,22,"[(4, 1), (4, 2)]",48
50,49,0,25,"[(4, 1), (4, 2)]",49
50,50,0,26,"[(4, 1), (4, 2)]",50
50,51,0,27,"[(4, 1), (4, 2)]",51
50,52,0,26,"[(4, 1), (4, 2)]",52
50,53,0,26,"[(4, 1), (4, 2)]",53
50,54,0,26,"[(4, 1), (4, 2)]",54
50,55,0,31,"[(4, 1), (4, 2)]",55
50,56,0,34,"[(4, 1), (4, 2)]",56
50,57,0,38,"[(4, 1), (4, 2)]",57
50,58,0,37,"[(4, 1), (4, 2)]",58
50,59,0,38,"[(4, 1), (4, 2)]",59
50,60,0,37,"[(4, 1), (4, 2)]",60
51,0,16,0,[],0
51,1,12,0,"[(4, 2)]",1
51,2,5,0,"[(4, 1), (4, 2)]",2
51,3,2,0,"[(4, 1), (4, 2)]",3
51,4,1,0,"[(4, 1), (4, 2)]",4
51,5,0,0,"[(4, 1), (4, 2)]",5
51,6,0,3,"[(4, 1), (4, 2)]",6
51,7,0,1,"[(4, 1), (4, 2)]",7
51,8,0,0,"[(4, 1), (4, 2)]",8
51,9,3,0,"[(4, 1), (4, 2)]",9
51,10,2,0,"[(4, 1), (4, 2)]",10
51,11,0,0,"[(4, 1), (4, 2)]",11
51,12,0,0,"[(4, 1), (4, 2)]",12
51,13,0,1,"[(4, 1), (4, 2)]",13
51,14,0,3,"[(4, 1), (4, 2)]",14
51,15,0,6,"[(4, 1), (4, 2)]",15
51,16,0,7,"[(4, 1), (4, 2)]",16
51,17,0,10,"[(4, 1), (4, 2)]",17
51,18,0,11,"[(4, 1), (4, 2)]",18
51,19,0,9,"[(4, 1), (4, 2)]",19
51,20,0,6,"[(4, 1), (4, 2)]",20
51,21,0,4,"[(4, 1), (4, 2)]",21
51,22,0,3,"[(4, 1), (4, 2)]",22
51,23,0,2,"[(4, 1), (4, 2)]",23
51,24,0,1,"[(4, 1), (4, 2)]",24
51,25,0,4,"[(4, 1), (4, 2)]",25
51,26,0,7,"[(4, 1), (4, 2)]",26
51,27,0,8,"[(4, 1), (4, 2)]",27
51,28,0,8,"[(4, 1), (4, 2)]",28
51,29,0,12,"[(4, 1), (4, 2)]",29
51,30,0,12,"[(4, 1), (4, 2)]",30
51,31,0,16,"[(4, 1), (4, 2)]",31
51,32,0,17,"[(4, 1), (4, 2)]",32
51,33,0,14,"[(4, 1), (4, 2)]",33
51,34,0,14,"[(4, 1), (4, 2)]",34
51,35,0,16,"[(4, 1), (4, 2)]",35
51,36,0,21,"[(4, 1), (4, 2)]",36
51,37,0,25,"[(4, 1), (4, 2)]",37
51,38,0,25,"[(4, 1), (4, 2)]",38
51,39,0,29,"[(4, 1), (4, 2)]",39
51,40,0,28,"[(4, 1), (4, 2)]",40
51,41,0,30,"[(4, 1), (4, 2)]",41
51,42,0,33,"[(4, 1), (4, 2)]",42
51,43,0,34,"[(4, 1), (4, 2)]",43
51,44,0,36,"[(4, 1), (4, 2)]",44
51,45,0,40,"[(4, 1), (4, 2)]",45
51,46,0,43,"[(4, 1), (4, 2)]",46
51,47,0,41,"[(4, 1), (4, 2)]",47
51,48,0,42,"[(4, 1), (4, 2)]",48
51,49,0,43,"[(4, 1), (4, 2)]",49
51,50,0,42,"[(4, 1), (4, 2)]",50
51,51,0,42,"[(4, 1), (4, 2)]",51
51,52,0,39,"[(4, 1), (4, 2)]",52
51,53,0,41,"[(4, 1), (4, 2)]",53
51,54,0,42,"[(4, 1), (4, 2)]",54
51,55,0,42,"[(4, 1), (4, 2)]",55
51,56,0,45,"[(4, 1), (4, 2)]",56
51,57,0,44,"[(4, 1), (4, 2)]",57
51,58,0,43,"[(4, 1), (4, 2)]",58
51,59,0,42,"[(4, 1), (4, 2)]",59
51,60,0,46,"[(4, 1), (4, 2)]",60
52,0,36,0,[],0
52,1,31,0,"[(4, 2)]",1
52,2,29,0,"[(4, 1), (4, 2)]",2
52,3,22,0,"[(4, 1), (4, 2)]",3
52,4,21,0,"[(4, 1), (4, 2)]",4
52,5,18,0,"[(4, 1), (4, 2)]",5
52,6,19,0,"[(4, 1), (4, 2)]",6
52,7,16,0,"[(4, 1), (4, 2)]",7
52,8,11,0,"[(4, 1), (4, 2)]",8
52,9,10,0,"[(4, 1), (4, 2)]",9
52,10,7,0,"[(4, 1), (4, 2)]",10
52,11,8,0,"[(4, 1), (4, 2)]",11
52,12,7,0,"[(4, 1), (4, 2)]",12
52,13,2,0,"[(4, 1), (4, 2)]",13
52,14,0,3,"[(4, 1), (4, 2)]",14
52,15,0,5,"[(4, 1), (4, 2)]",15
52,16,0,7,"[(4, 1), (4, 2)]",16
52,17,0,13,"[(4, 1), (4, 2)]",17
52,18,0,14,"[(4, 1), (4, 2)]",18
52,19,0,17,"[(4, 1), (4, 2)]",19
52,20,0,17,"[(4, 1), (4, 2)]",20
52,21,0,14,"[(4, 1), (4, 2)]",21
52,22,0,17,"[(4, 1), (4, 2)]",22
52,23,0,17,"[(4, 1), (4, 2)]",23
52,24,0,17,"[(4, 1), (4, 2)]",24
52,25,0,22,"[(4, 1), (4, 2)]",25
52,26,0,20,"[(4, 1), (4, 2)]",26
52,27,0,24,"[(4, 1), (4, 2)]",27
52,28,0,27,"[(4, 1), (4, 2)]",28
52,29,0,27,"[(4, 1), (4, 2)]",29
52,30,0,31,"[(4, 1), (4, 2)]",30
52,31,0,30,"[(4, 1), (4, 2)]",31
52,32,0,29,"[(4, 1), (4, 2)]",32
52,33,0,29,"[(4, 1), (4, 2)]",33
52,34,0,30,"[(4, 1), (4, 2)]",34
52,35,0,31,"[(4, 1), (4, 2)]",35
52,36,0,33,"[(4, 1), (4, 2)]",36
52,37,0,39,"[(4, 1), (4, 2)]",37
52,38,0,39,"[(4, 1), (4, 2)]",38
52,39,0,40,"[(4, 1), (4, 2)]",39
52,40,0,42,"[(4, 1), (4, 2)]",40
52,41,0,43,"[(4, 1), (4, 2)]",41
52,42,0,44,"[(4, 1), (4, 2)]",42
52,43,0,45,"[(4, 1), (4, 2)]",43
52,44,0,46,"[(4, 1), (4, 2)]",44
52,45,0,48,"[(4, 1), (4, 2)]",45
52,46,0,53,"[(4, 1), (4, 2)]",46
52,47,0,56,"[(4, 1), (4, 2)]",47
52,48,0,56,"[(4, 1), (4, 2)]",48
52,49,0,54,"[(4, 1), (4, 2)]",49
52,50,0,52,"[(4, 1), (4, 2)]",50
52,51,0,53,"[(4, 1), (4, 2)]",51
52,52,0,55,"[(4, 1), (4, 2)]",52
52,53,0,51,"[(4, 1), (4, 2)]",53
52,54,0,50,"[(4, 1), (4, 2)]",54
52,55,0,53,"[(4, 1), (4, 2)]",55
52,56,0,54,"[(4, 1), (4, 2)]",56
52,57,0,59,"[(4, 1), (4, 2)]",57
52,58,0,60,"[(4, 1), (4, 2)]",58
52,59,0,58,"[(4, 1), (4, 2)]",59
52,60,0,59,"[(4, 1), (4, 2)]",60
53,0,40,0,[],0
53,1,33,0,"[(4, 2)]",1
53,2,24,0,"[(4, 1), (4, 2)]",2
53,3,24,0,"[(4, 1), (4, 2)]",3
53,4,21,0,"[(4, 1), (4, 2)]",4
53,5,16,0,"[(4, 1), (4, 2)]",5
53,6,16,0,"[(4, 1), (4, 2)]",6
53,7,8,0,"[(4, 1), (4, 2)]",7
53,8,10,0,"[(4, 1), (4, 2)]",8
53,9,9,0,"[(4, 1), (4, 2)]",9
53,10,10,0,"[(4, 1), (4, 2)]",10
53,11,7,0,"[(4, 1), (4, 2)]",11
53,12,4,0,"[(4, 1), (4, 2)]",12
53,13,5,0,"[(4, 1), (4, 2)]",13
53,14,1,0,"[(4, 1), (4, 2)]",14
53,15,0,0,"[(4, 1), (4, 2)]",15
53,16,0,1,"[(4, 1), (4, 2)]",16
53,17,0,4,"[(4, 1), (4, 2)]",17
53,18,0,8,"[(4, 1), (4, 2)]",18
53,19,0,8,"[(4, 1), (4, 2)]",19
53,20,0,8,"[(4, 1), (4, 2)]",20
53,21,0,7,"[(4, 1), (4, 2)]",21
53,22,0,9,"[(4, 1), (4, 2)]",22
53,23,0,9,"[(4, 1), (4, 2)]",23
53,24,0,11,"[(4, 1), (4, 2)]",24
53,25,0,12,"[(4, 1), (4, 2)]",25
53,26,0,13,"[(4, 1), (4, 2)]",26
53,27,0,11,"[(4, 1), (4, 2)]",27
53,28,0,13,"[(4, 1), (4, 2)]",28
53,29,0,13,"[(4, 1), (4, 2)]",29
53,30,0,16,"[(4, 1), (4, 2)]",30
53,31,0,18,"[(4, 1), (4, 2)]",31
53,32,0,22,"[(4, 1), (4, 2)]",32
53,33,0,19,"[(4, 1), (4, 2)]",33
53,34,0,23,"[(4, 1), (4, 2)]",34
53,35,0,30,"[(4, 1), (4, 2)]",35
53,36,0,33,"[(4, 1), (4, 2)]",36
53,37,0,35,"[(4, 1), (4, 2)]",37
53,38,0,34,"[(4, 1), (4, 2)]",38
53,39,0,32,"[(4, 1), (4, 2)]",39
53,40,0,37,"[(4, 1), (4, 2)]",40
53,41,0,40,"[(4, 1), (4, 2)]",41
53,42,0,42,"[(4, 1), (4, 2)]",42
53,43,0,42,"[(4, 1), (4, 2)]",43
53,44,0,42,"[(4, 1), (4, 2)]",44
53,45,0,42,"[(4, 1), (4, 2)]",45
53,46,0,38,"[(4, 1), (4, 2)]",46
53,47,0,37,"[(4, 1), (4, 2)]",47
53,48,0,40,"[(4, 1), (4, 2)]",48
53,49,0,41,"[(4, 1), (4, 2)]",49
53,50,0,44,"[(4, 1), (4, 2)]",50
53,51,0,44,"[(4, 1), (4, 2)]",51
53,52,0,42,"[(4, 1), (4, 2)]",52
53,53,0,44,"[(4, 1), (4, 2)]",53
53,54,0,44,"[(4, 1), (4, 2)]",54
53,55,0,47,"[(4, 1), (4, 2)]",55
53,56,0,47,"[(4, 1), (4, 2)]",56
53,57,0,51,"[(4, 1), (4, 2)]",57
53,58,0,48,"[(4, 1), (4, 2)]",58
53,59,0,49,"[(4, 1), (4, 2)]",59
53,60,0,52,"[(4, 1), (4, 2)]",60
54,0,49,0,[],0
54,1,41,0,"[(4, 2)]",1
54,2,37,0,"[(4, 1), (4, 2)]",2
54,3,34,0,"[(4, 1), (4, 2)]",3
54,4,30,0,"[(4, 1), (4, 2)]",4
54,5,30,0,"[(4, 1), (4, 2)]",5
54,6,27,0,"[(4, 1), (4, 2)]",6
54,7,27,0,"[(4, 1), (4, 2)]",7
54,8,24,0,"[(4, 1), (4, 2)]",8
54,9,22,0,"[(4, 1), (4, 2)]",9
54,10,21,0,"[(4, 1), (4, 2)]",10
54,11,18,0,"[(4, 1), (4, 2)]",11
54,12,15,0,"[(4, 1), (4, 2)]",12
54,13,19,0,"[(4, 1), (4, 2)]",13
54,14,16,0,"[(4, 1), (4, 2)]",14
54,15,15,0,"[(4, 1), (4, 2)]",15
54,16,9,0,"[(4, 1), (4, 2)]",16
54,17,10,0,"[(4, 1), (4, 2)]",17
54,18,9,0,"[(4, 1), (4, 2)]",18
54,19,8,0,"[(4, 1), (4, 2)]",19
54,20,9,0,"[(4, 1), (4, 2)]",20
54,21,6,0,"[(4, 1), (4, 2)]",21
54,22,3,0,"[(4, 1), (4, 2)]",22
54,23,4,0,"[(4, 1), (4, 2)]",23
54,24,4,0,"[(4, 1), (4, 2)]",24
54,25,5,0,"[(4, 1), (4, 2)]",25
54,26,3,0,"[(4, 1), (4, 2)]",26
54,27,5,0,"[(4, 1), (4, 2)]",27
54,28,3,0,"[(4, 1), (4, 2)]",28
54,29,3,0,"[(4, 1), (4, 2)]",29
54,30,4,0,"[(4, 1), (4, 2)]",30
54,31,3,0,"[(4, 1), (4, 2)]",31
54,32,0,1,"[(4, 1), (4, 2)]",32
54,33,2,0,"[(4, 1), (4, 2)]",33
54,34,0,0,"[(4, 1), (4, 2)]",34
54,35,0,2,"[(4, 1), (4, 2)]",35
54,36,0,5,"[(4, 1), (4, 2)]",36
54,37,0,5,"[(4, 1), (4, 2)]",37
54,38,0,7,"[(4, 1), (4, 2)]",38
54,39,0,6,"[(4, 1), (4, 2)]",39
54,40,0,7,"[(4, 1), (4, 2)]",40
54,41,0,4,"[(4, 1), (4, 2)]",41
54,42,0,5,"[(4, 1), (4, 2)]",42
54,43,0,9,"[(4, 1), (4, 2)]",43
54,44,0,8,"[(4, 1), (4, 2)]",44
54,45,0,7,"[(4, 1), (4, 2)]",45
54,46,0,7,"[(4, 1), (4, 2)]",46
54,47,0,5,"[(4, 1), (4, 2)]",47
54,48,0,9,"[(4, 1), (4, 2)]",48
54,49,0,8,"[(4, 1), (4, 2)]",49
54,50,0,10,"[(4, 1), (4, 2)]",50
54,51,0,17,"[(4, 1), (4, 2)]",51
54,52,0,19,"[(4, 1), (4, 2)]",52
54,53,0,17,"[(4, 1), (4, 2)]",53
54,54,0,19,"[(4, 1), (4, 2)]",54
54,55,0,20,"[(4, 1), (4, 2)]",55
54,56,0,19,"[(4, 1), (4, 2)]",56
54,57,0,22,"[(4, 1), (4, 2)]",57
54,58,0,25,"[(4, 1), (4, 2)]",58
54,59,0,25,"[(4, 1), (4, 2)]",59
54,60,0,27,"[(4, 1), (4, 2)]",60
55,0,15,0,[],0
55,1,11,0,"[(4, 2)]",1
55,2,0,2,"[(4, 1), (4, 2)]",2
55,3,0,3,"[(4, 1), (4, 2)]",3
55,4,0,6,"[(4, 1), (4, 2)]",4
55,5,0,8,"[(4, 1), (4, 2)]",5
55,6,0,10,"[(4, 1), (4, 2)]",6
55,7,0,18,"[(4, 1), (4, 2)]",7
55,8,0,18,"[(4, 1), (4, 2)]",8
55,9,0,18,"[(4, 1), (4, 2)]",9
55,10,0,18,"[(4, 1), (4, 2)]",10
55,11,0,19,"[(4, 1), (4, 2)]",11
55,12,0,18,"[(4, 1), (4, 2)]",12
55,13,0,20,"[(4, 1), (4, 2)]",13
55,14,0,21,"[(4, 1), (4, 2)]",14
55,15,0,22,"[(4, 1), (4, 2)]",15
55,16,0,23,"[(4, 1), (4, 2)]",16
55,17,0,26,"[(4, 1), (4, 2)]",17
55,18,0,28,"[(4, 1), (4, 2)]",18
55,19,0,30,"[(4, 1), (4, 2)]",19
55,20,0,36,"[(4, 1), (4, 2)]",20
55,21,0,38,"[(4, 1), (4, 2)]",21
55,22,0,40,"[(4, 1), (4, 2)]",22
55,23,0,38,"[(4, 1), (4, 2)]",23
55,24,0,37,"[(4, 1), (4, 2)]",24
55,25,0,35,"[(4, 1), (4, 2)]",25
55,26,0,39,"[(4, 1), (4, 2)]",26
55,27,0,37,"[(4, 1), (4, 2)]",27
55,28,0,36,"[(4, 1), (4, 2)]",28
55,29,0,36,"[(4, 1), (4, 2)]",29
55,30,0,33,"[(4, 1), (4, 2)]",30
55,31,0,32,"[(4, 1), (4, 2)]",31
55,32,0,32,"[(4, 1), (4, 2)]",32
55,33,0,37,"[(4, 1), (4, 2)]",33
55,34,0,39,"[(4, 1), (4, 2)]",34
55,35,0,42,"[(4, 1), (4, 2)]",35
55,36,0,41,"[(4, 1), (4, 2)]",36
55,37,0,40,"[(4, 1), (4, 2)]",37
55,38,0,45,"[(4, 1), (4, 2)]",38
55,39,0,47,"[(4, 1), (4, 2)]",39
55,40,0,53,"[(4, 1), (4, 2)]",40
55,41,0,53,"[(4, 1), (4, 2)]",41
55,42,0,54,"[(4, 1), (4, 2)]",42
55,43,0,57,"[(4, 1), (4, 2)]",43
55,44,0,63,"[(4, 1), (4, 2)]",44
55,45,0,63,"[(4, 1), (4, 2)]",45
55,46,0,61,"[(4, 1), (4, 2)]",46
55,47,0,65,"[(4, 1), (4, 2)]",47
55,48,0,65,"[(4, 1), (4, 2)]",48
55,49,0,69,"[(4, 1), (4, 2)]",49
55,50,0,76,"[(4, 1), (4, 2)]",50
55,51,0,78,"[(4, 1), (4, 2)]",51
55,52,0,80,"[(4, 1), (4, 2)]",52
55,53,0,82,"[(4, 1), (4, 2)]",53
55,54,0,83,"[(4, 1), (4, 2)]",54
55,55,0,82,"[(4, 1), (4, 2)]",55
55,56,0,84,"[(4, 1), (4, 2)]",56
55,57,0,83,"[(4, 1), (4, 2)]",57
55,58,0,85,"[(4, 1), (4, 2)]",58
55,59,0,84,"[(4, 1), (4, 2)]",59
55,60,0,87,"[(4, 1), (4, 2)]",60
56,0,22,0,[],0
56,1,16,0,"[(4, 2)]",1
56,2,13,0,"[(4, 1), (4, 2)]",2
56,3,14,0,"[(4, 1), (4, 2)]",3
56,4,11,0,"[(4, 1), (4, 2)]",4
56,5,11,0,"[(4, 1), (4, 2)]",5
56,6,6,0,"[(4, 1), (4, 2)]",6
56,7,4,0,"[(4, 1), (4, 2)]",7
56,8,4,0,"[(4, 1), (4, 2)]",8
56,9,5,0,"[(4, 1), (4, 2)]",9
56,10,6,0,"[(4, 1), (4, 2)]",10
56,11,3,0,"[(4, 1), (4, 2)]",11
56,12,1,0,"[(4, 1), (4, 2)]",12
56,13,0,2,"[(4, 1), (4, 2)]",13
56,14,0,3,"[(4, 1), (4, 2)]",14
56,15,0,3,"[(4, 1), (4, 2)]",15
56,16,0,3,"[(4, 1), (4, 2)]",16
56,17,0,3,"[(4, 1), (4, 2)]",17
56,18,0,5,"[(4, 1), (4, 2)]",18
56,19,0,9,"[(4, 1), (4, 2)]",19
56,20,0,10,"[(4, 1), (4, 2)]",20
56,21,0,16,"[(4, 1), (4, 2)]",21
56,22,0,17,"[(4, 1), (4, 2)]",22
56,23,0,19,"[(4, 1), (4, 2)]",23
56,24,0,21,"[(4, 1), (4, 2)]",24
56,25,0,19,"[(4, 1), (4, 2)]",25
56,26,0,20,"[(4, 1), (4, 2)]",26
56,27,0,19,"[(4, 1), (4, 2)]",27
56,28,0,18,"[(4, 1), (4, 2)]",28
56,29,0,22,"[(4, 1), (4, 2)]",29
56,30,0,23,"[(4, 1), (4, 2)]",30
56,31,0,21,"[(4, 1), (4, 2)]",31
56,32,0,20,"[(4, 1), (4, 2)]",32
56,33,0,19,"[(4, 1), (4, 2)]",33
56,34,0,21,"[(4, 1), (4, 2)]",34
56,35,0,21,"[(4, 1), (4, 2)]",35
56,36,0,18,"[(4, 1), (4, 2)]",36
56,37,0,17,"[(4, 1), (4, 2)]",37
56,38,0,18,"[(4, 1), (4, 2)]",38
56,39,0,17,"[(4, 1), (4, 2)]",39
56,40,0,23,"[(4, 1), (4, 2)]",40
56,41,0,25,"[(4, 1), (4, 2)]",41
56,42,0,27,"[(4, 1), (4, 2)]",42
56,43,0,29,"[(4, 1), (4, 2)]",43
56,44,0,31,"[(4, 1), (4, 2)]",44
56,45,0,30,"[(4, 1), (4, 2)]",45
56,46,0,31,"[(4, 1), (4, 2)]",46
56,47,0,33,"[(4, 1), (4, 2)]",47
56,48,0,33,"[(4, 1), (4, 2)]",48
56,49,0,31,"[(4, 1), (4, 2)]",49
56,50,0,30,"[(4, 1), (4, 2)]",50
56,51,0,33,"[(4, 1), (4, 2)]",51
56,52,0,32,"[(4, 1), (4, 2)]",52
56,53,0,38,"[(4, 1), (4, 2)]",53
56,54,0,39,"[(4, 1), (4, 2)]",54
56,55,0,39,"[(4, 1), (4, 2)]",55
56,56,0,41,"[(4, 1), (4, 2)]",56
56,57,0,43,"[(4, 1), (4, 2)]",57
56,58,0,44,"[(4, 1), (4, 2)]",58
56,59,0,46,"[(4, 1), (4, 2)]",59
56,60,0,46,"[(4, 1), (4, 2)]",60
57,0,16,0,[],0
57,1,9,0,"[(4, 2)]",1
57,2,7,0,"[(4, 1), (4, 2)]",2
57,3,7,0,"[(4, 1), (4, 2)]",3
57,4,9,0,"[(4, 1), (4, 2)]",4
57,5,7,0,"[(4, 1), (4, 2)]",5
57,6,9,0,"[(4, 1), (4, 2)]",6
57,7,9,0,"[(4, 1), (4, 2)]",7
57,8,8,0,"[(4, 1), (4, 2)]",8
57,9,9,0,"[(4, 1), (4, 2)]",9
57,10,13,0,"[(4, 1), (4, 2)]",10
57,11,13,0,"[(4, 1), (4, 2)]",11
57,12,13,0,"[(4, 1), (4, 2)]",12
57,13,11,0,"[(4, 1), (4, 2)]",13
57,14,6,0,"[(4, 1), (4, 2)]",14
57,15,4,0,"[(4, 1), (4, 2)]",15
57,16,2,0,"[(4, 1), (4, 2)]",16
57,17,2,0,"[(4, 1), (4, 2)]",17
57,18,3,0,"[(4, 1), (4, 2)]",18
57,19,1,0,"[(4, 1), (4, 2)]",19
57,20,4,0,"[(4, 1), (4, 2)]",20
57,21,6,0,"[(4, 1), (4, 2)]",21
57,22,4,0,"[(4, 1), (4, 2)]",22
57,23,3,0,"[(4, 1), (4, 2)]",23
57,24,4,0,"[(4, 1), (4, 2)]",24
57,25,6,0,"[(4, 1), (4, 2)]",25
57,26,7,0,"[(4, 1), (4, 2)]",26
57,27,5,0,"[(4, 1), (4, 2)]",27
57,28,0,1,"[(4, 1), (4, 2)]",28
57,29,0,2,"[(4, 1), (4, 2)]",29
57,30,0,4,"[(4, 1), (4, 2)]",30
57,31,0,4,"[(4, 1), (4, 2)]",31
57,32,0,8,"[(4, 1), (4, 2)]",32
57,33,0,7,"[(4, 1), (4, 2)]",33
57,34,0,12,"[(4, 1), (4, 2)]",34
57,35,0,14,"[(4, 1), (4, 2)]",35
57,36,0,16,"[(4, 1), (4, 2)]",36
57,37,0,19,"[(4, 1), (4, 2)]",37
57,38,0,18,"[(4, 1), (4, 2)]",38
57,39,0,21,"[(4, 1), (4, 2)]",39
57,40,0,21,"[(4, 1), (4, 2)]",40
57,41,0,24,"[(4, 1), (4, 2)]",41
57,42,0,27,"[(4, 1), (4, 2)]",42
57,43,0,28,"[(4, 1), (4, 2)]",43
57,44,0,29,"[(4, 1), (4, 2)]",44
57,45,0,32,"[(4, 1), (4, 2)]",45
57,46,0,28,"[(4, 1), (4, 2)]",46
57,47,0,31,"[(4, 1), (4, 2)]",47
57,48,0,34,"[(4, 1), (4, 2)]",48
57,49,0,32,"[(4, 1), (4, 2)]",49
57,50,0,34,"[(4, 1), (4, 2)]",50
57,51,0,41,"[(4, 1), (4, 2)]",51
57,52,0,41,"[(4, 1), (4, 2)]",52
57,53,0,40,"[(4, 1), (4, 2)]",53
57,54,0,39,"[(4, 1), (4, 2)]",54
57,55,0,37,"[(4, 1), (4, 2)]",55
57,56,0,37,"[(4, 1), (4, 2)]",56
57,57,0,40,"[(4, 1), (4, 2)]",57
57,58,0,38,"[(4, 1), (4, 2)]",58
57,59,0,39,"[(4, 1), (4, 2)]",59
57,60,0,41,"[(4, 1), (4, 2)]",60
58,0,31,0,[],0
58,1,26,0,"[(4, 2)]",1
58,2,20,0,"[(4, 1), (4, 2)]",2
58,3,21,0,"[(4, 1), (4, 2)]",3
58,4,17,0,"[(4, 1), (4, 2)]",4
58,5,15,0,"[(4, 1), (4, 2)]",5
58,6,12,0,"[(4, 1), (4, 2)]",6
58,7,7,0,"[(4, 1), (4, 2)]",7
58,8,5,0,"[(4, 1), (4, 2)]",8
58,9,6,0,"[(4, 1), (4, 2)]",9
58,10,4,0,"[(4, 1), (4, 2)]",10
58,11,2,0,"[(4, 1), (4, 2)]",11
58,12,3,0,"[(4, 1), (4, 2)]",12
58,13,2,0,"[(4, 1), (4, 2)]",13
58,14,3,0,"[(4, 1), (4, 2)]",14
58,15,0,0,"[(4, 1), (4, 2)]",15
58,16,1,0,"[(4, 1), (4, 2)]",16
58,17,2,0,"[(4, 1), (4, 2)]",17
58,18,0,1,"[(4, 1), (4, 2)]",18
58,19,0,2,"[(4, 1), (4, 2)]",19
58,20,0,1,"[(4, 1), (4, 2)]",20
58,21,0,0,"[(4, 1), (4, 2)]",21
58,22,0,0,"[(4, 1), (4, 2)]",22
58,23,1,0,"[(4, 1), (4, 2)]",23
58,24,0,5,"[(4, 1), (4, 2)]",24
58,25,0,8,"[(4, 1), (4, 2)]",25
58,26,0,9,"[(4, 1), (4, 2)]",26
58,27,0,10,"[(4, 1), (4, 2)]",27
58,28,0,14,"[(4, 1), (4, 2)]",28
58,29,0,17,"[(4, 1), (4, 2)]",29
58,30,0,19,"[(4, 1), (4, 2)]",30
58,31,0,21,"[(4, 1), (4, 2)]",31
58,32,0,24,"[(4, 1), (4, 2)]",32
58,33,0,22,"[(4, 1), (4, 2)]",33
58,34,0,24,"[(4, 1), (4, 2)]",34
58,35,0,21,"[(4, 1), (4, 2)]",35
58,36,0,20,"[(4, 1), (4, 2)]",36
58,37,0,18,"[(4, 1), (4, 2)]",37
58,38,0,20,"[(4, 1), (4, 2)]",38
58,39,0,22,"[(4, 1), (4, 2)]",39
58,40,0,22,"[(4, 1), (4, 2)]",40
58,41,0,24,"[(4, 1), (4, 2)]",41
58,42,0,26,"[(4, 1), (4, 2)]",42
58,43,0,26,"[(4, 1), (4, 2)]",43
58,44,0,26,"[(4, 1), (4, 2)]",44
58,45,0,26,"[(4, 1), (4, 2)]",45
58,46,0,27,"[(4, 1), (4, 2)]",46
58,47,0,26,"[(4, 1), (4, 2)]",47
58,48,0,32,"[(4, 1), (4, 2)]",48
58,49,0,31,"[(4, 1), (4, 2)]",49
58,50,0,31,"[(4, 1), (4, 2)]",50
58,51,0,31,"[(4, 1), (4, 2)]",51
58,52,0,33,"[(4, 1), (4, 2)]",52
58,53,0,37,"[(4, 1), (4, 2)]",53
58,54,0,35,"[(4, 1), (4, 2)]",54
58,55,0,32,"[(4, 1), (4, 2)]",55
58,56,0,33,"[(4, 1), (4, 2)]",56
58,57,0,33,"[(4, 1), (4, 2)]",57
58,58,0,34,"[(4, 1), (4, 2)]",58
58,59,0,36,"[(4, 1), (4, 2)]",59
58,60,0,38,"[(4, 1), (4, 2)]",60
59,0,29,0,[],0
59,1,25,0,"[(4, 2)]",1
59,2,23,0,"[(4, 1), (4, 2)]",2
59,3,20,0,"[(4, 1), (4, 2)]",3
59,4,18,0,"[(4, 1), (4, 2)]",4
59,5,16,0,"[(4, 1), (4, 2)]",5
59,6,12,0,"[(4, 1), (4, 2)]",6
59,7,13,0,"[(4, 1), (4, 2)]",7
59,8,16,0,"[(4, 1), (4, 2)]",8
59,9,17,0,"[(4, 1), (4, 2)]",9
59,10,14,0,"[(4, 1), (4, 2)]",10
59,11,13,0,"[(4, 1), (4, 2)]",11
59,12,7,0,"[(4, 1), (4, 2)]",12
59,13,7,0,"[(4, 1), (4, 2)]",13
59,14,9,0,"[(4, 1), (4, 2)]",14
59,15,11,0,"[(4, 1), (4, 2)]",15
59,16,7,0,"[(4, 1), (4, 2)]",16
59,17,8,0,"[(4, 1), (4, 2)]",17
59,18,3,0,"[(4, 1), (4, 2)]",18
59,19,0,0,"[(4, 1), (4, 2)]",19
59,20,0,1,"[(4, 1), (4, 2)]",20
59,21,0,4,"[(4, 1), (4, 2)]",21
59,22,0,7,"[(4, 1), (4, 2)]",22
59,23,0,13,"[(4, 1), (4, 2)]",23
59,24,0,16,"[(4, 1), (4, 2)]",24
59,25,0,15,"[(4, 1), (4, 2)]",25
59,26,0,17,"[(4, 1), (4, 2)]",26
59,27,0,20,"[(4, 1), (4, 2)]",27
59,28,0,21,"[(4, 1), (4, 2)]",28
59,29,0,21,"[(4, 1), (4, 2)]",29
59,30,0,25,"[(4, 1), (4, 2)]",30
59,31,0,25,"[(4, 1), (4, 2)]",31
59,32,0,27,"[(4, 1), (4, 2)]",32
59,33,0,26,"[(4, 1), (4, 2)]",33
59,34,0,30,"[(4, 1), (4, 2)]",34
59,35,0,35,"[(4, 1), (4, 2)]",35
59,36,0,33,"[(4, 1), (4, 2)]",36
59,37,0,33,"[(4, 1), (4, 2)]",37
59,38,0,31,"[(4, 1), (4, 2)]",38
59,39,0,34,"[(4, 1), (4, 2)]",39
59,40,0,34,"[(4, 1), (4, 2)]",40
59,41,0,36,"[(4, 1), (4, 2)]",41
59,42,0,38,"[(4, 1), (4, 2)]",42
59,43,0,40,"[(4, 1), (4, 2)]",43
59,44,0,40,"[(4, 1), (4, 2)]",44
59,45,0,38,"[(4, 1), (4, 2)]",45
59,46,0,40,"[(4, 1), (4, 2)]",46
59,47,0,42,"[(4, 1), (4, 2)]",47
59,48,0,45,"[(4, 1), (4, 2)]",48
59,49,0,47,"[(4, 1), (4, 2)]",49
59,50,0,45,"[(4, 1), (4, 2)]",50
59,51,0,45,"[(4, 1), (4, 2)]",51
59,52,0,42,"[(4, 1), (4, 2)]",52
59,53,0,41,"[(4, 1), (4, 2)]",53
59,54,0,43,"[(4, 1), (4, 2)]",54
59,55,0,40,"[(4, 1), (4, 2)]",55
59,56,0,42,"[(4, 1), (4, 2)]",56
59,57,0,40,"[(4, 1), (4, 2)]",57
59,58,0,41,"[(4, 1), (4, 2)]",58
59,59,0,42,"[(4, 1), (4, 2)]",59
59,60,0,40,"[(4, 1), (4, 2)]",60
60,0,17,0,[],0
60,1,13,0,"[(4, 2)]",1
60,2,7,0,"[(4, 1), (4, 2)]",2
60,3,3,0,"[(4, 1), (4, 2)]",3
60,4,3,0,"[(4, 1), (4, 2)]",4
60,5,5,0,"[(4, 1), (4, 2)]",5
60,6,6,0,"[(4, 1), (4, 2)]",6
60,7,6,0,"[(4, 1), (4, 2)]",7
60,8,7,0,"[(4, 1), (4, 2)]",8
60,9,6,0,"[(4, 1), (4, 2)]",9
60,10,1,0,"[(4, 1), (4, 2)]",10
60,11,5,0,"[(4, 1), (4, 2)]",11
60,12,2,0,"[(4, 1), (4, 2)]",12
60,13,4,0,"[(4, 1), (4, 2)]",13
60,14,3,0,"[(4, 1), (4, 2)]",14
60,15,4,0,"[(4, 1), (4, 2)]",15
60,16,1,0,"[(4, 1), (4, 2)]",16
60,17,0,1,"[(4, 1), (4, 2)]",17
60,18,0,1,"[(4, 1), (4, 2)]",18
60,19,0,5,"[(4, 1), (4, 2)]",19
60,20,0,5,"[(4, 1), (4, 2)]",20
60,21,0,4,"[(4, 1), (4, 2)]",21
60,22,0,10,"[(4, 1), (4, 2)]",22
60,23,0,14,"[(4, 1), (4, 2)]",23
60,24,0,11,"[(4, 1), (4, 2)]",24
60,25,0,13,"[(4, 1), (4, 2)]",25
60,26,0,16,"[(4, 1), (4, 2)]",26
60,27,0,19,"[(4, 1), (4, 2)]",27
60,28,0,16,"[(4, 1), (4, 2)]",28
60,29,0,14,"[(4, 1), (4, 2)]",29
60,30,0,18,"[(4, 1), (4, 2)]",30
60,31,0,18,"[(4, 1), (4, 2)]",31
60,32,0,17,"[(4, 1), (4, 2)]",32
60,33,0,18,"[(4, 1), (4, 2)]",33
60,34,0,20,"[(4, 1), (4, 2)]",34
60,35,0,20,"[(4, 1), (4, 2)]",35
60,36,0,20,"[(4, 1), (4, 2)]",36
60,37,0,23,"[(4, 1), (4, 2)]",37
60,38,0,27,"[(4, 1), (4, 2)]",38
60,39,0,27,"[(4, 1), (4, 2)]",39
60,40,0,28,"[(4, 1), (4, 2)]",40
60,41,0,33,"[(4, 1), (4, 2)]",41
60,42,0,35,"[(4, 1), (4, 2)]",42
60,43,0,34,"[(4, 1), (4, 2)]",43
60,44,0,37,"[(4, 1), (4, 2)]",44
60,45,0,38,"[(4, 1), (4, 2)]",45
60,46,0,39,"[(4, 1), (4, 2)]",46
60,47,0,38,"[(4, 1), (4, 2)]",47
60,48,0,39,"[(4, 1), (4, 2)]",48
60,49,0,39,"[(4, 1), (4, 2)]",49
60,50,0,38,"[(4, 1), (4, 2)]",50
60,51,0,39,"[(4, 1), (4, 2)]",51
60,52,0,40,"[(4, 1), (4, 2)]",52
60,53,0,39,"[(4, 1), (4, 2)]",53
60,54,0,41,"[(4, 1), (4, 2)]",54
60,55,0,40,"[(4, 1), (4, 2)]",55
60,56,0,39,"[(4, 1), (4, 2)]",56
60,57,0,42,"[(4, 1), (4, 2)]",57
60,58,0,40,"[(4, 1), (4, 2)]",58
60,59,0,38,"[(4, 1), (4, 2)]",59
60,60,0,40,"[(4, 1), (4, 2)]",60
61,0,17,0,[],0
61,1,15,0,"[(4, 2)]",1
61,2,8,0,"[(4, 1), (4, 2)]",2
61,3,10,0,"[(4, 1), (4, 2)]",3
61,4,9,0,"[(4, 1), (4, 2)]",4
61,5,6,0,"[(4, 1), (4, 2)]",5
61,6,3,0,"[(4, 1), (4, 2)]",6
61,7,0,1,"[(4, 1), (4, 2)]",7
61,8,0,1,"[(4, 1), (4, 2)]",8
61,9,0,2,"[(4, 1), (4, 2)]",9
61,10,0,0,"[(4, 1), (4, 2)]",10
61,11,3,0,"[(4, 1), (4, 2)]",11
61,12,0,1,"[(4, 1), (4, 2)]",12
61,13,0,2,"[(4, 1), (4, 2)]",13
61,14,0,0,"[(4, 1), (4, 2)]",14
61,15,1,0,"[(4, 1), (4, 2)]",15
61,16,0,1,"[(4, 1), (4, 2)]",16
61,17,0,5,"[(4, 1), (4, 2)]",17
61,18,0,8,"[(4, 1), (4, 2)]",18
61,19,0,11,"[(4, 1), (4, 2)]",19
61,20,0,14,"[(4, 1), (4, 2)]",20
61,21,0,15,"[(4, 1), (4, 2)]",21
61,22,0,22,"[(4, 1), (4, 2)]",22
61,23,0,24,"[(4, 1), (4, 2)]",23
61,24,0,26,"[(4, 1), (4, 2)]",24
61,25,0,25,"[(4, 1), (4, 2)]",25
61,26,0,25,"[(4, 1), (4, 2)]",26
61,27,0,26,"[(4, 1), (4, 2)]",27
61,28,0,24,"[(4, 1), (4, 2)]",28
61,29,0,22,"[(4, 1), (4, 2)]",29
61,30,0,20,"[(4, 1), (4, 2)]",30
61,31,0,20,"[(4, 1), (4, 2)]",31
61,32,0,17,"[(4, 1), (4, 2)]",32
61,33,0,18,"[(4, 1), (4, 2)]",33
61,34,0,22,"[(4, 1), (4, 2)]",34
61,35,0,22,"[(4, 1), (4, 2)]",35
61,36,0,25,"[(4, 1), (4, 2)]",36
61,37,0,25,"[(4, 1), (4, 2)]",37
61,38,0,27,"[(4, 1), (4, 2)]",38
61,39,0,30,"[(4, 1), (4, 2)]",39
61,40,0,28,"[(4, 1), (4, 2)]",40
61,41,0,29,"[(4, 1), (4, 2)]",41
61,42,0,32,"[(4, 1), (4, 2)]",42
61,43,0,31,"[(4, 1), (4, 2)]",43
61,44,0,31,"[(4, 1), (4, 2)]",44
61,45,0,32,"[(4, 1), (4, 2)]",45
61,46,0,31,"[(4, 1), (4, 2)]",46
61,47,0,34,"[(4, 1), (4, 2)]",47
61,48,0,34,"[(4, 1), (4, 2)]",48
61,49,0,36,"[(4, 1), (4, 2)]",49
61,50,0,34,"[(4, 1), (4, 2)]",50
61,51,0,33,"[(4, 1), (4, 2)]",51
61,52,0,33,"[(4, 1), (4, 2)]",52
61,53,0,35,"[(4, 1), (4, 2)]",53
61,54,0,38,"[(4, 1), (4, 2)]",54
61,55,0,37,"[(4, 1), (4, 2)]",55
61,56,0,36,"[(4, 1), (4, 2)]",56
61,57,0,40,"[(4, 1), (4, 2)]",57
61,58,0,39,"[(4, 1), (4, 2)]",58
61,59,0,40,"[(4, 1), (4, 2)]",59
61,60,0,38,"[(4, 1), (4, 2)]",60
62,0,43,0,[],0
62,1,40,0,"[(4, 2)]",1
62,2,36,0,"[(4, 1), (4, 2)]",2
62,3,35,0,"[(4, 1), (4, 2)]",3
62,4,36,0,"[(4, 1), (4, 2)]",4
62,5,38,0,"[(4, 1), (4, 2)]",5
62,6,39,0,"[(4, 1), (4, 2)]",6
62,7,40,0,"[(4, 1), (4, 2)]",7
62,8,39,0,"[(4, 1), (4, 2)]",8
62,9,36,0,"[(4, 1), (4, 2)]",9
62,10,36,0,"[(4, 1), (4, 2)]",10
62,11,35,0,"[(4, 1), (4, 2)]",11
62,12,38,0,"[(4, 1), (4, 2)]",12
62,13,37,0,"[(4, 1), (4, 2)]",13
62,14,36,0,"[(4, 1), (4, 2)]",14
62,15,33,0,"[(4, 1), (4, 2)]",15
62,16,29,0,"[(4, 1), (4, 2)]",16
62,17,27,0,"[(4, 1), (4, 2)]",17
62,18,27,0,"[(4, 1), (4, 2)]",18
62,19,26,0,"[(4, 1), (4, 2)]",19
62,20,26,0,"[(4, 1), (4, 2)]",20
62,21,28,0,"[(4, 1), (4, 2)]",21
62,22,27,0,"[(4, 1), (4, 2)]",22
62,23,26,0,"[(4, 1), (4, 2)]",23
62,24,27,0,"[(4, 1), (4, 2)]",24
62,25,24,0,"[(4, 1), (4, 2)]",25
62,26,19,0,"[(4, 1), (4, 2)]",26
62,27,20,0,"[(4, 1), (4, 2)]",27
62,28,20,0,"[(4, 1), (4, 2)]",28
62,29,19,0,"[(4, 1), (4, 2)]",29
62,30,19,0,"[(4, 1), (4, 2)]",30
62,31,20,0,"[(4, 1), (4, 2)]",31
62,32,22,0,"[(4, 1), (4, 2)]",32
62,33,24,0,"[(4, 1), (4, 2)]",33
62,34,18,0,"[(4, 1), (4, 2)]",34
62,35,20,0,"[(4, 1), (4, 2)]",35
62,36,22,0,"[(4, 1), (4, 2)]",36
62,37,22,0,"[(4, 1), (4, 2)]",37
62,38,16,0,"[(4, 1), (4, 2)]",38
62,39,14,0,"[(4, 1), (4, 2)]",39
62,40,15,0,"[(4, 1), (4, 2)]",40
62,41,16,0,"[(4, 1), (4, 2)]",41
62,42,13,0,"[(4, 1), (4, 2)]",42
62,43,11,0,"[(4, 1), (4, 2)]",43
62,44,13,0,"[(4, 1), (4, 2)]",44
62,45,10,0,"[(4, 1), (4, 2)]",45
62,46,7,0,"[(4, 1), (4, 2)]",46
62,47,7,0,"[(4, 1), (4, 2)]",47
62,48,4,0,"[(4, 1), (4, 2)]",48
62,49,5,0,"[(4, 1), (4, 2)]",49
62,50,7,0,"[(4, 1), (4, 2)]",50
62,51,9,0,"[(4, 1), (4, 2)]",51
62,52,6,0,"[(4, 1), (4, 2)]",52
62,53,3,0,"[(4, 1), (4, 2)]",53
62,54,4,0,"[(4, 1), (4, 2)]",54
62,55,4,0,"[(4, 1), (4, 2)]",55
62,56,2,0,"[(4, 1), (4, 2)]",56
62,57,0,0,"[(4, 1), (4, 2)]",57
62,58,0,0,"[(4, 1), (4, 2)]",58
62,59,0,2,"[(4, 1), (4, 2)]",59
62,60,1,0,"[(4, 1), (4, 2)]",60
63,0,50,0,[],0
63,1,42,0,"[(4, 2)]",1
63,2,38,0,"[(4, 1), (4, 2)]",2
63,3,39,0,"[(4, 1), (4, 2)]",3
63,4,36,0,"[(4, 1), (4, 2)]",4
63,5,35,0,"[(4, 1), (4, 2)]",5
63,6,34,0,"[(4, 1), (4, 2)]",6
63,7,36,0,"[(4, 1), (4, 2)]",7
63,8,37,0,"[(4, 1), (4, 2)]",8
63,9,38,0,"[(4, 1), (4, 2)]",9
63,10,38,0,"[(4, 1), (4, 2)]",10
63,11,39,0,"[(4, 1), (4, 2)]",11
63,12,36,0,"[(4, 1), (4, 2)]",12
63,13,36,0,"[(4, 1), (4, 2)]",13
63,14,37,0,"[(4, 1), (4, 2)]",14
63,15,33,0,"[(4, 1), (4, 2)]",15
63,16,34,0,"[(4, 1), (4, 2)]",16
63,17,35,0,"[(4, 1), (4, 2)]",17
63,18,32,0,"[(4, 1), (4, 2)]",18
63,19,32,0,"[(4, 1), (4, 2)]",19
63,20,32,0,"[(4, 1), (4, 2)]",20
63,21,32,0,"[(4, 1), (4, 2)]",21
63,22,34,0,"[(4, 1), (4, 2)]",22
63,23,31,0,"[(4, 1), (4, 2)]",23
63,24,30,0,"[(4, 1), (4, 2)]",24
63,25,30,0,"[(4, 1), (4, 2)]",25
63,26,30,0,"[(4, 1), (4, 2)]",26
63,27,29,0,"[(4, 1), (4, 2)]",27
63,28,27,0,"[(4, 1), (4, 2)]",28
63,29,28,0,"[(4, 1), (4, 2)]",29
63,30,31,0,"[(4, 1), (4, 2)]",30
63,31,30,0,"[(4, 1), (4, 2)]",31
63,32,29,0,"[(4, 1), (4, 2)]",32
63,33,30,0,"[(4, 1), (4, 2)]",33
63,34,28,0,"[(4, 1), (4, 2)]",34
63,35,29,0,"[(4, 1), (4, 2)]",35
63,36,32,0,"[(4, 1), (4, 2)]",36
63,37,33,0,"[(4, 1), (4, 2)]",37
63,38,32,0,"[(4, 1), (4, 2)]",38
63,39,30,0,"[(4, 1), (4, 2)]",39
63,40,28,0,"[(4, 1), (4, 2)]",40
63,41,23,0,"[(4, 1), (4, 2)]",41
63,42,23,0,"[(4, 1), (4, 2)]",42
63,43,24,0,"[(4, 1), (4, 2)]",43
63,44,23,0,"[(4, 1), (4, 2)]",44
63,45,21,0,"[(4, 1), (4, 2)]",45
63,46,20,0,"[(4, 1), (4, 2)]",46
63,47,18,0,"[(4, 1), (4, 2)]",47
63,48,19,0,"[(4, 1), (4, 2)]",48
63,49,21,0,"[(4, 1), (4, 2)]",49
63,50,15,0,"[(4, 1), (4, 2)]",50
63,51,11,0,"[(4, 1), (4, 2)]",51
63,52,11,0,"[(4, 1), (4, 2)]",52
63,53,9,0,"[(4, 1), (4, 2)]",53
63,54,10,0,"[(4, 1), (4, 2)]",54
63,55,12,0,"[(4, 1), (4, 2)]",55
63,56,13,0,"[(4, 1), (4, 2)]",56
63,57,13,0,"[(4, 1), (4, 2)]",57
63,58,13,0,"[(4, 1), (4, 2)]",58
63,59,11,0,"[(4, 1), (4, 2)]",59
63,60,10,0,"[(4, 1), (4, 2)]",60
64,0,48,0,[],0
64,1,45,0,"[(4, 2)]",1
64,2,42,0,"[(4, 1), (4, 2)]",2
64,3,42,0,"[(4, 1), (4, 2)]",3
64,4,41,0,"[(4, 1), (4, 2)]",4
64,5,40,0,"[(4, 1), (4, 2)]",5
64,6,41,0,"[(4, 1), (4, 2)]",6
64,7,40,0,"[(4, 1), (4, 2)]",7
64,8,41,0,"[(4, 1), (4, 2)]",8
64,9,42,0,"[(4, 1), (4, 2)]",9
64,10,40,0,"[(4, 1), (4, 2)]",10
64,11,43,0,"[(4, 1), (4, 2)]",11
64,12,41,0,"[(4, 1), (4, 2)]",12
64,13,41,0,"[(4, 1), (4, 2)]",13
64,14,42,0,"[(4, 1), (4, 2)]",14
64,15,43,0,"[(4, 1), (4, 2)]",15
64,16,42,0,"[(4, 1), (4, 2)]",16
64,17,44,0,"[(4, 1), (4, 2)]",17
64,18,43,0,"[(4, 1), (4, 2)]",18
64,19,44,0,"[(4, 1), (4, 2)]",19
64,20,45,0,"[(4, 1), (4, 2)]",20
64,21,46,0,"[(4, 1), (4, 2)]",21
64,22,45,0,"[(4, 1), (4, 2)]",22
64,23,42,0,"[(4, 1), (4, 2)]",23
64,24,44,0,"[(4, 1), (4, 2)]",24
64,25,47,0,"[(4, 1), (4, 2)]",25
64,26,48,0,"[(4, 1), (4, 2)]",26
64,27,49,0,"[(4, 1), (4, 2)]",27
64,28,48,0,"[(4, 1), (4, 2)]",28
64,29,47,0,"[(4, 1), (4, 2)]",29
64,30,47,0,"[(4, 1), (4, 2)]",30
64,31,43,0,"[(4, 1), (4, 2)]",31
64,32,43,0,"[(4, 1), (4, 2)]",32
64,33,43,0,"[(4, 1), (4, 2)]",33
64,34,41,0,"[(4, 1), (4, 2)]",34
64,35,39,0,"[(4, 1), (4, 2)]",35
64,36,39,0,"[(4, 1), (4, 2)]",36
64,37,40,0,"[(4, 1), (4, 2)]",37
64,38,40,0,"[(4, 1), (4, 2)]",38
64,39,39,0,"[(4, 1), (4, 2)]",39
64,40,38,0,"[(4, 1), (4, 2)]",40
64,41,37,0,"[(4, 1), (4, 2)]",41
64,42,33,0,"[(4, 1), (4, 2)]",42
64,43,33,0,"[(4, 1), (4, 2)]",43
64,44,30,0,"[(4, 1), (4, 2)]",44
64,45,30,0,"[(4, 1), (4, 2)]",45
64,46,26,0,"[(4, 1), (4, 2)]",46
64,47,25,0,"[(4, 1), (4, 2)]",47
64,48,27,0,"[(4, 1), (4, 2)]",48
64,49,27,0,"[(4, 1), (4, 2)]",49
64,50,29,0,"[(4, 1), (4, 2)]",50
64,51,29,0,"[(4, 1), (4, 2)]",51
64,52,29,0,"[(4, 1), (4, 2)]",52
64,53,27,0,"[(4, 1), (4, 2)]",53
64,54,28,0,"[(4, 1), (4, 2)]",54
64,55,29,0,"[(4, 1), (4, 2)]",55
64,56,31,0,"[(4, 1), (4, 2)]",56
64,57,33,0,"[(4, 1), (4, 2)]",57
64,58,35,0,"[(4, 1), (4, 2)]",58
64,59,33,0,"[(4, 1), (4, 2)]",59
64,60,33,0,"[(4, 1), (4, 2)]",60
65,0,25,0,[],0
65,1,19,0,"[(4, 2)]",1
65,2,9,0,"[(4, 1), (4, 2)]",2
65,3,7,0,"[(4, 1), (4, 2)]",3
65,4,7,0,"[(4, 1), (4, 2)]",4
65,5,1,0,"[(4, 1), (4, 2)]",5
65,6,1,0,"[(4, 1), (4, 2)]",6
65,7,0,2,"[(4, 1), (4, 2)]",7
65,8,0,5,"[(4, 1), (4, 2)]",8
65,9,0,5,"[(4, 1), (4, 2)]",9
65,10,0,12,"[(4, 1), (4, 2)]",10
65,11,0,16,"[(4, 1), (4, 2)]",11
65,12,0,20,"[(4, 1), (4, 2)]",12
65,13,0,23,"[(4, 1), (4, 2)]",13
65,14,0,21,"[(4, 1), (4, 2)]",14
65,15,0,24,"[(4, 1), (4, 2)]",15
65,16,0,24,"[(4, 1), (4, 2)]",16
65,17,0,25,"[(4, 1), (4, 2)]",17
65,18,0,29,"[(4, 1), (4, 2)]",18
65,19,0,31,"[(4, 1), (4, 2)]",19
65,20,0,32,"[(4, 1), (4, 2)]",20
65,21,0,33,"[(4, 1), (4, 2)]",21
65,22,0,31,"[(4, 1), (4, 2)]",22
65,23,0,35,"[(4, 1), (4, 2)]",23
65,24,0,37,"[(4, 1), (4, 2)]",24
65,25,0,39,"[(4, 1), (4, 2)]",25
65,26,0,40,"[(4, 1), (4, 2)]",26
65,27,0,44,"[(4, 1), (4, 2)]",27
65,28,0,47,"[(4, 1), (4, 2)]",28
65,29,0,46,"[(4, 1), (4, 2)]",29
65,30,0,49,"[(4, 1), (4, 2)]",30
65,31,0,54,"[(4, 1), (4, 2)]",31
65,32,0,53,"[(4, 1), (4, 2)]",32
65,33,0,60,"[(4, 1), (4, 2)]",33
65,34,0,57,"[(4, 1), (4, 2)]",34
65,35,0,59,"[(4, 1), (4, 2)]",35
65,36,0,59,"[(4, 1), (4, 2)]",36
65,37,0,59,"[(4, 1), (4, 2)]",37
65,38,0,60,"[(4, 1), (4, 2)]",38
65,39,0,63,"[(4, 1), (4, 2)]",39
65,40,0,64,"[(4, 1), (4, 2)]",40
65,41,0,67,"[(4, 1), (4, 2)]",41
65,42,0,69,"[(4, 1), (4, 2)]",42
65,43,0,69,"[(4, 1), (4, 2)]",43
65,44,0,75,"[(4, 1), (4, 2)]",44
65,45,0,79,"[(4, 1), (4, 2)]",45
65,46,0,80,"[(4, 1), (4, 2)]",46
65,47,0,81,"[(4, 1), (4, 2)]",47
65,48,0,79,"[(4, 1), (4, 2)]",48
65,49,0,78,"[(4, 1), (4, 2)]",49
65,50,0,77,"[(4, 1), (4, 2)]",50
65,51,0,77,"[(4, 1), (4, 2)]",51
65,52,0,78,"[(4, 1), (4, 2)]",52
65,53,0,81,"[(4, 1), (4, 2)]",53
65,54,0,81,"[(4, 1), (4, 2)]",54
65,55,0,85,"[(4, 1), (4, 2)]",55
65,56,0,86,"[(4, 1), (4, 2)]",56
65,57,0,87,"[(4, 1), (4, 2)]",57
65,58,0,89,"[(4, 1), (4, 2)]",58
65,59,0,90,"[(4, 1), (4, 2)]",59
65,60,0,92,"[(4, 1), (4, 2)]",60
66,0,15,0,[],0
66,1,5,0,"[(4, 2)]",1
66,2,4,0,"[(4, 1), (4, 2)]",2
66,3,3,0,"[(4, 1), (4, 2)]",3
66,4,1,0,"[(4, 1), (4, 2)]",4
66,5,1,0,"[(4, 1), (4, 2)]",5
66,6,1,0,"[(4, 1), (4, 2)]",6
66,7,0,1,"[(4, 1), (4, 2)]",7
66,8,0,1,"[(4, 1), (4, 2)]",8
66,9,0,0,"[(4, 1), (4, 2)]",9
66,10,0,2,"[(4, 1), (4, 2)]",10
66,11,1,0,"[(4, 1), (4, 2)]",11
66,12,1,0,"[(4, 1), (4, 2)]",12
66,13,0,0,"[(4, 1), (4, 2)]",13
66,14,0,1,"[(4, 1), (4, 2)]",14
66,15,0,0,"[(4, 1), (4, 2)]",15
66,16,0,1,"[(4, 1), (4, 2)]",16
66,17,0,1,"[(4, 1), (4, 2)]",17
66,18,0,5,"[(4, 1), (4, 2)]",18
66,19,0,6,"[(4, 1), (4, 2)]",19
66,20,0,10,"[(4, 1), (4, 2)]",20
66,21,0,7,"[(4, 1), (4, 2)]",21
66,22,0,6,"[(4, 1), (4, 2)]",22
66,23,0,6,"[(4, 1), (4, 2)]",23
66,24,0,6,"[(4, 1), (4, 2)]",24
66,25,0,3,"[(4, 1), (4, 2)]",25
66,26,0,2,"[(4, 1), (4, 2)]",26
66,27,0,3,"[(4, 1), (4, 2)]",27
66,28,0,2,"[(4, 1), (4, 2)]",28
66,29,0,1,"[(4, 1), (4, 2)]",29
66,30,0,0,"[(4, 1), (4, 2)]",30
66,31,0,1,"[(4, 1), (4, 2)]",31
66,32,0,6,"[(4, 1), (4, 2)]",32
66,33,0,5,"[(4, 1), (4, 2)]",33
66,34,0,6,"[(4, 1), (4, 2)]",34
66,35,0,8,"[(4, 1), (4, 2)]",35
66,36,0,10,"[(4, 1), (4, 2)]",36
66,37,0,13,"[(4, 1), (4, 2)]",37
66,38,0,18,"[(4, 1), (4, 2)]",38
66,39,0,19,"[(4, 1), (4, 2)]",39
66,40,0,18,"[(4, 1), (4, 2)]",40
66,41,0,23,"[(4, 1), (4, 2)]",41
66,42,0,21,"[(4, 1), (4, 2)]",42
66,43,0,22,"[(4, 1), (4, 2)]",43
66,44,0,24,"[(4, 1), (4, 2)]",44
66,45,0,24,"[(4, 1), (4, 2)]",45
66,46,0,22,"[(4, 1), (4, 2)]",46
66,47,0,23,"[(4, 1), (4, 2)]",47
66,48,0,25,"[(4, 1), (4, 2)]",48
66,49,0,26,"[(4, 1), (4, 2)]",49
66,50,0,28,"[(4, 1), (4, 2)]",50
66,51,0,29,"[(4, 1), (4, 2)]",51
66,52,0,31,"[(4, 1), (4, 2)]",52
66,53,0,38,"[(4, 1), (4, 2)]",53
66,54,0,43,"[(4, 1), (4, 2)]",54
66,55,0,42,"[(4, 1), (4, 2)]",55
66,56,0,44,"[(4, 1), (4, 2)]",56
66,57,0,45,"[(4, 1), (4, 2)]",57
66,58,0,51,"[(4, 1), (4, 2)]",58
66,59,0,50,"[(4, 1), (4, 2)]",59
66,60,0,50,"[(4, 1), (4, 2)]",60
67,0,48,0,[],0
67,1,44,0,"[(4, 2)]",1
67,2,40,0,"[(4, 1), (4, 2)]",2
67,3,41,0,"[(4, 1), (4, 2)]",3
67,4,41,0,"[(4, 1), (4, 2)]",4
67,5,39,0,"[(4, 1), (4, 2)]",5
67,6,39,0,"[(4, 1), (4, 2)]",6
67,7,40,0,"[(4, 1), (4, 2)]",7
67,8,34,0,"[(4, 1), (4, 2)]",8
67,9,36,0,"[(4, 1), (4, 2)]",9
67,10,37,0,"[(4, 1), (4, 2)]",10
67,11,37,0,"[(4, 1), (4, 2)]",11
67,12,36,0,"[(4, 1), (4, 2)]",12
67,13,38,0,"[(4, 1), (4, 2)]",13
67,14,37,0,"[(4, 1), (4, 2)]",14
67,15,35,0,"[(4, 1), (4, 2)]",15
67,16,34,0,"[(4, 1), (4, 2)]",16
67,17,35,0,"[(4, 1), (4, 2)]",17
67,18,34,0,"[(4, 1), (4, 2)]",18
67,19,34,0,"[(4, 1), (4, 2)]",19
67,20,28,0,"[(4, 1), (4, 2)]",20
67,21,28,0,"[(4, 1), (4, 2)]",21
67,22,27,0,"[(4, 1), (4, 2)]",22
67,23,25,0,"[(4, 1), (4, 2)]",23
67,24,23,0,"[(4, 1), (4, 2)]",24
67,25,26,0,"[(4, 1), (4, 2)]",25
67,26,21,0,"[(4, 1), (4, 2)]",26
67,27,20,0,"[(4, 1), (4, 2)]",27
67,28,19,0,"[(4, 1), (4, 2)]",28
67,29,18,0,"[(4, 1), (4, 2)]",29
67,30,17,0,"[(4, 1), (4, 2)]",30
67,31,16,0,"[(4, 1), (4, 2)]",31
67,32,16,0,"[(4, 1), (4, 2)]",32
67,33,14,0,"[(4, 1), (4, 2)]",33
67,34,13,0,"[(4, 1), (4, 2)]",34
67,35,11,0,"[(4, 1), (4, 2)]",35
67,36,15,0,"[(4, 1), (4, 2)]",36
67,37,14,0,"[(4, 1), (4, 2)]",37
67,38,13,0,"[(4, 1), (4, 2)]",38
67,39,7,0,"[(4, 1), (4, 2)]",39
67,40,9,0,"[(4, 1), (4, 2)]",40
67,41,10,0,"[(4, 1), (4, 2)]",41
67,42,10,0,"[(4, 1), (4, 2)]",42
67,43,9,0,"[(4, 1), (4, 2)]",43
67,44,8,0,"[(4, 1), (4, 2)]",44
67,45,11,0,"[(4, 1), (4, 2)]",45
67,46,11,0,"[(4, 1), (4, 2)]",46
67,47,12,0,"[(4, 1), (4, 2)]",47
67,48,13,0,"[(4, 1), (4, 2)]",48
67,49,11,0,"[(4, 1), (4, 2)]",49
67,50,10,0,"[(4, 1), (4, 2)]",50
67,51,10,0,"[(4, 1), (4, 2)]",51
67,52,5,0,"[(4, 1), (4, 2)]",52
67,53,1,0,"[(4, 1), (4, 2)]",53
67,54,0,1,"[(4, 1), (4, 2)]",54
67,55,0,1,"[(4, 1), (4, 2)]",55
67,56,0,3,"[(4, 1), (4, 2)]",56
67,57,1,0,"[(4, 1), (4, 2)]",57
67,58,2,0,"[(4, 1), (4, 2)]",58
67,59,2,0,"[(4, 1), (4, 2)]",59
67,60,1,0,"[(4, 1), (4, 2)]",60
68,0,38,0,[],0
68,1,30,0,"[(4, 2)]",1
68,2,25,0,"[(4, 1), (4, 2)]",2
68,3,18,0,"[(4, 1), (4, 2)]",3
68,4,18,0,"[(4, 1), (4, 2)]",4
68,5,20,0,"[(4, 1), (4, 2)]",5
68,6,19,0,"[(4, 1), (4, 2)]",6
68,7,15,0,"[(4, 1), (4, 2)]",7
68,8,13,0,"[(4, 1), (4, 2)]",8
68,9,13,0,"[(4, 1), (4, 2)]",9
68,10,14,0,"[(4, 1), (4, 2)]",10
68,11,13,0,"[(4, 1), (4, 2)]",11
68,12,11,0,"[(4, 1), (4, 2)]",12
68,13,14,0,"[(4, 1), (4, 2)]",13
68,14,10,0,"[(4, 1), (4, 2)]",14
68,15,10,0,"[(4, 1), (4, 2)]",15
68,16,10,0,"[(4, 1), (4, 2)]",16
68,17,11,0,"[(4, 1), (4, 2)]",17
68,18,11,0,"[(4, 1), (4, 2)]",18
68,19,10,0,"[(4, 1), (4, 2)]",19
68,20,4,0,"[(4, 1), (4, 2)]",20
68,21,2,0,"[(4, 1), (4, 2)]",21
68,22,5,0,"[(4, 1), (4, 2)]",22
68,23,4,0,"[(4, 1), (4, 2)]",23
68,24,4,0,"[(4, 1), (4, 2)]",24
68,25,3,0,"[(4, 1), (4, 2)]",25
68,26,0,0,"[(4, 1), (4, 2)]",26
68,27,0,1,"[(4, 1), (4, 2)]",27
68,28,0,3,"[(4, 1), (4, 2)]",28
68,29,0,3,"[(4, 1), (4, 2)]",29
68,30,0,3,"[(4, 1), (4, 2)]",30
68,31,0,5,"[(4, 1), (4, 2)]",31
68,32,0,4,"[(4, 1), (4, 2)]",32
68,33,0,5,"[(4, 1), (4, 2)]",33
68,34,0,5,"[(4, 1), (4, 2)]",34
68,35,0,6,"[(4, 1), (4, 2)]",35
68,36,0,9,"[(4, 1), (4, 2)]",36
68,37,0,11,"[(4, 1), (4, 2)]",37
68,38,0,12,"[(4, 1), (4, 2)]",38
68,39,0,19,"[(4, 1), (4, 2)]",39
68,40,0,17,"[(4, 1), (4, 2)]",40
68,41,0,20,"[(4, 1), (4, 2)]",41
68,42,0,24,"[(4, 1), (4, 2)]",42
68,43,0,29,"[(4, 1), (4, 2)]",43
68,44,0,30,"[(4, 1), (4, 2)]",44
68,45,0,28,"[(4, 1), (4, 2)]",45
68,46,0,32,"[(4, 1), (4, 2)]",46
68,47,0,32,"[(4, 1), (4, 2)]",47
68,48,0,32,"[(4, 1), (4, 2)]",48
68,49,0,32,"[(4, 1), (4, 2)]",49
68,50,0,35,"[(4, 1), (4, 2)]",50
68,51,0,36,"[(4, 1), (4, 2)]",51
68,52,0,37,"[(4, 1), (4, 2)]",52
68,53,0,35,"[(4, 1), (4, 2)]",53
68,54,0,38,"[(4, 1), (4, 2)]",54
68,55,0,38,"[(4, 1), (4, 2)]",55
68,56,0,41,"[(4, 1), (4, 2)]",56
68,57,0,49,"[(4, 1), (4, 2)]",57
68,58,0,51,"[(4, 1), (4, 2)]",58
68,59,0,53,"[(4, 1), (4, 2)]",59
68,60,0,52,"[(4, 1), (4, 2)]",60
69,0,39,0,[],0
69,1,31,0,"[(4, 2)]",1
69,2,25,0,"[(4, 1), (4, 2)]",2
69,3,25,0,"[(4, 1), (4, 2)]",3
69,4,20,0,"[(4, 1), (4, 2)]",4
69,5,16,0,"[(4, 1), (4, 2)]",5
69,6,13,0,"[(4, 1), (4, 2)]",6
69,7,11,0,"[(4, 1), (4, 2)]",7
69,8,6,0,"[(4, 1), (4, 2)]",8
69,9,4,0,"[(4, 1), (4, 2)]",9
69,10,6,0,"[(4, 1), (4, 2)]",10
69,11,6,0,"[(4, 1), (4, 2)]",11
69,12,6,0,"[(4, 1), (4, 2)]",12
69,13,5,0,"[(4, 1), (4, 2)]",13
69,14,0,0,"[(4, 1), (4, 2)]",14
69,15,1,0,"[(4, 1), (4, 2)]",15
69,16,0,1,"[(4, 1), (4, 2)]",16
69,17,0,6,"[(4, 1), (4, 2)]",17
69,18,0,5,"[(4, 1), (4, 2)]",18
69,19,0,2,"[(4, 1), (4, 2)]",19
69,20,0,4,"[(4, 1), (4, 2)]",20
69,21,0,4,"[(4, 1), (4, 2)]",21
69,22,0,6,"[(4, 1), (4, 2)]",22
69,23,0,7,"[(4, 1), (4, 2)]",23
69,24,0,8,"[(4, 1), (4, 2)]",24
69,25,0,13,"[(4, 1), (4, 2)]",25
69,26,0,10,"[(4, 1), (4, 2)]",26
69,27,0,11,"[(4, 1), (4, 2)]",27
69,28,0,10,"[(4, 1), (4, 2)]",28
69,29,0,11,"[(4, 1), (4, 2)]",29
69,30,0,9,"[(4, 1), (4, 2)]",30
69,31,0,9,"[(4, 1), (4, 2)]",31
69,32,0,8,"[(4, 1), (4, 2)]",32
69,33,0,10,"[(4, 1), (4, 2)]",33
69,34,0,11,"[(4, 1), (4, 2)]",34
69,35,0,11,"[(4, 1), (4, 2)]",35
69,36,0,8,"[(4, 1), (4, 2)]",36
69,37,0,12,"[(4, 1), (4, 2)]",37
69,38,0,18,"[(4, 1), (4, 2)]",38
69,39,0,19,"[(4, 1), (4, 2)]",39
69,40,0,20,"[(4, 1), (4, 2)]",40
69,41,0,21,"[(4, 1), (4, 2)]",41
69,42,0,21,"[(4, 1), (4, 2)]",42
69,43,0,21,"[(4, 1), (4, 2)]",43
69,44,0,24,"[(4, 1), (4, 2)]",44
69,45,0,20,"[(4, 1), (4, 2)]",45
69,46,0,18,"[(4, 1), (4, 2)]",46
69,47,0,18,"[(4, 1), (4, 2)]",47
69,48,0,19,"[(4, 1), (4, 2)]",48
69,49,0,25,"[(4, 1), (4, 2)]",49
69,50,0,24,"[(4, 1), (4, 2)]",50
69,51,0,24,"[(4, 1), (4, 2)]",51
69,52,0,25,"[(4, 1), (4, 2)]",52
69,53,0,25,"[(4, 1), (4, 2)]",53
69,54,0,26,"[(4, 1), (4, 2)]",54
69,55,0,28,"[(4, 1), (4, 2)]",55
69,56,0,28,"[(4, 1), (4, 2)]",56
69,57,0,27,"[(4, 1), (4, 2)]",57
69,58,0,28,"[(4, 1), (4, 2)]",58
69,59,0,28,"[(4, 1), (4, 2)]",59
69,60,0,26,"[(4, 1), (4, 2)]",60
70,0,44,0,[],0
70,1,37,0,"[(4, 2)]",1
70,2,33,0,"[(4, 1), (4, 2)]",2
70,3,31,0,"[(4, 1), (4, 2)]",3
70,4,26,0,"[(4, 1), (4, 2)]",4
70,5,26,0,"[(4, 1), (4, 2)]",5
70,6,25,0,"[(4, 1), (4, 2)]",6
70,7,24,0,"[(4, 1), (4, 2)]",7
70,8,22,0,"[(4, 1), (4, 2)]",8
70,9,22,0,"[(4, 1), (4, 2)]",9
70,10,20,0,"[(4, 1), (4, 2)]",10
70,11,18,0,"[(4, 1), (4, 2)]",11
70,12,18,0,"[(4, 1), (4, 2)]",12
70,13,19,0,"[(4, 1), (4, 2)]",13
70,14,17,0,"[(4, 1), (4, 2)]",14
70,15,19,0,"[(4, 1), (4, 2)]",15
70,16,20,0,"[(4, 1), (4, 2)]",16
70,17,18,0,"[(4, 1), (4, 2)]",17
70,18,14,0,"[(4, 1), (4, 2)]",18
70,19,16,0,"[(4, 1), (4, 2)]",19
70,20,19,0,"[(4, 1), (4, 2)]",20
70,21,20,0,"[(4, 1), (4, 2)]",21
70,22,21,0,"[(4, 1), (4, 2)]",22
70,23,23,0,"[(4, 1), (4, 2)]",23
70,24,23,0,"[(4, 1), (4, 2)]",24
70,25,22,0,"[(4, 1), (4, 2)]",25
70,26,19,0,"[(4, 1), (4, 2)]",26
70,27,16,0,"[(4, 1), (4, 2)]",27
70,28,16,0,"[(4, 1), (4, 2)]",28
70,29,16,0,"[(4, 1), (4, 2)]",29
70,30,16,0,"[(4, 1), (4, 2)]",30
70,31,17,0,"[(4, 1), (4, 2)]",31
70,32,18,0,"[(4, 1), (4, 2)]",32
70,33,17,0,"[(4, 1), (4, 2)]",33
70,34,17,0,"[(4, 1), (4, 2)]",34
70,35,12,0,"[(4, 1), (4, 2)]",35
70,36,12,0,"[(4, 1), (4, 2)]",36
70,37,9,0,"[(4, 1), (4, 2)]",37
70,38,3,0,"[(4, 1), (4, 2)]",38
70,39,3,0,"[(4, 1), (4, 2)]",39
70,40,5,0,"[(4, 1), (4, 2)]",40
70,41,6,0,"[(4, 1), (4, 2)]",41
70,42,4,0,"[(4, 1), (4, 2)]",42
70,43,1,0,"[(4, 1), (4, 2)]",43
70,44,2,0,"[(4, 1), (4, 2)]",44
70,45,2,0,"[(4, 1), (4, 2)]",45
70,46,3,0,"[(4, 1), (4, 2)]",46
70,47,0,0,"[(4, 1), (4, 2)]",47
70,48,1,0,"[(4, 1), (4, 2)]",48
70,49,4,0,"[(4, 1), (4, 2)]",49
70,50,5,0,"[(4, 1), (4, 2)]",50
70,51,4,0,"[(4, 1), (4, 2)]",51
70,52,5,0,"[(4, 1), (4, 2)]",52
70,53,5,0,"[(4, 1), (4, 2)]",53
70,54,4,0,"[(4, 1), (4, 2)]",54
70,55,4,0,"[(4, 1), (4, 2)]",55
70,56,0,1,"[(4, 1), (4, 2)]",56
70,57,0,0,"[(4, 1), (4, 2)]",57
70,58,0,1,"[(4, 1), (4, 2)]",58
70,59,0,3,"[(4, 1), (4, 2)]",59
70,60,0,3,"[(4, 1), (4, 2)]",60
71,0,26,0,[],0
71,1,22,0,"[(4, 2)]",1
71,2,15,0,"[(4, 1), (4, 2)]",2
71,3,9,0,"[(4, 1), (4, 2)]",3
71,4,7,0,"[(4, 1), (4, 2)]",4
71,5,8,0,"[(4, 1), (4, 2)]",5
71,6,8,0,"[(4, 1), (4, 2)]",6
71,7,10,0,"[(4, 1), (4, 2)]",7
71,8,8,0,"[(4, 1), (4, 2)]",8
71,9,8,0,"[(4, 1), (4, 2)]",9
71,10,10,0,"[(4, 1), (4, 2)]",10
71,11,11,0,"[(4, 1), (4, 2)]",11
71,12,10,0,"[(4, 1), (4, 2)]",12
71,13,10,0,"[(4, 1), (4, 2)]",13
71,14,11,0,"[(4, 1), (4, 2)]",14
71,15,11,0,"[(4, 1), (4, 2)]",15
71,16,9,0,"[(4, 1), (4, 2)]",16
71,17,9,0,"[(4, 1), (4, 2)]",17
71,18,10,0,"[(4, 1), (4, 2)]",18
71,19,9,0,"[(4, 1), (4, 2)]",19
71,20,8,0,"[(4, 1), (4, 2)]",20
71,21,6,0,"[(4, 1), (4, 2)]",21
71,22,4,0,"[(4, 1), (4, 2)]",22
71,23,5,0,"[(4, 1), (4, 2)]",23
71,24,7,0,"[(4, 1), (4, 2)]",24
71,25,4,0,"[(4, 1), (4, 2)]",25
71,26,1,0,"[(4, 1), (4, 2)]",26
71,27,1,0,"[(4, 1), (4, 2)]",27
71,28,0,0,"[(4, 1), (4, 2)]",28
71,29,0,3,"[(4, 1), (4, 2)]",29
71,30,0,3,"[(4, 1), (4, 2)]",30
71,31,0,4,"[(4, 1), (4, 2)]",31
71,32,0,5,"[(4, 1), (4, 2)]",32
71,33,0,7,"[(4, 1), (4, 2)]",33
71,34,0,6,"[(4, 1), (4, 2)]",34
71,35,0,6,"[(4, 1), (4, 2)]",35
71,36,0,7,"[(4, 1), (4, 2)]",36
71,37,0,8,"[(4, 1), (4, 2)]",37
71,38,0,11,"[(4, 1), (4, 2)]",38
71,39,0,11,"[(4, 1), (4, 2)]",39
71,40,0,11,"[(4, 1), (4, 2)]",40
71,41,0,11,"[(4, 1), (4, 2)]",41
71,42,0,11,"[(4, 1), (4, 2)]",42
71,43,0,12,"[(4, 1), (4, 2)]",43
71,44,0,10,"[(4, 1), (4, 2)]",44
71,45,0,10,"[(4, 1), (4, 2)]",45
71,46,0,16,"[(4, 1), (4, 2)]",46
71,47,0,14,"[(4, 1), (4, 2)]",47
71,48,0,13,"[(4, 1), (4, 2)]",48
71,49,0,16,"[(4, 1), (4, 2)]",49
71,50,0,18,"[(4, 1), (4, 2)]",50
71,51,0,18,"[(4, 1), (4, 2)]",51
71,52,0,19,"[(4, 1), (4, 2)]",52
71,53,0,26,"[(4, 1), (4, 2)]",53
71,54,0,25,"[(4, 1), (4, 2)]",54
71,55,0,26,"[(4, 1), (4, 2)]",55
71,56,0,24,"[(4, 1), (4, 2)]",56
71,57,0,24,"[(4, 1), (4, 2)]",57
71,58,0,27,"[(4, 1), (4, 2)]",58
71,59,0,25,"[(4, 1), (4, 2)]",59
71,60,0,29,"[(4, 1), (4, 2)]",60
72,0,29,0,[],0
72,1,25,0,"[(4, 2)]",1
72,2,20,0,"[(4, 1), (4, 2)]",2
72,3,20,0,"[(4, 1), (4, 2)]",3
72,4,22,0,"[(4, 1), (4, 2)]",4
72,5,22,0,"[(4, 1), (4, 2)]",5
72,6,21,0,"[(4, 1), (4, 2)]",6
72,7,20,0,"[(4, 1), (4, 2)]",7
72,8,16,0,"[(4, 1), (4, 2)]",8
72,9,17,0,"[(4, 1), (4, 2)]",9
72,10,17,0,"[(4, 1), (4, 2)]",10
72,11,13,0,"[(4, 1), (4, 2)]",11
72,12,10,0,"[(4, 1), (4, 2)]",12
72,13,13,0,"[(4, 1), (4, 2)]",13
72,14,10,0,"[(4, 1), (4, 2)]",14
72,15,6,0,"[(4, 1), (4, 2)]",15
72,16,1,0,"[(4, 1), (4, 2)]",16
72,17,1,0,"[(4, 1), (4, 2)]",17
72,18,0,1,"[(4, 1), (4, 2)]",18
72,19,0,8,"[(4, 1), (4, 2)]",19
72,20,0,9,"[(4, 1), (4, 2)]",20
72,21,0,13,"[(4, 1), (4, 2)]",21
72,22,0,15,"[(4, 1), (4, 2)]",22
72,23,0,17,"[(4, 1), (4, 2)]",23
72,24,0,17,"[(4, 1), (4, 2)]",24
72,25,0,17,"[(4, 1), (4, 2)]",25
72,26,0,19,"[(4, 1), (4, 2)]",26
72,27,0,19,"[(4, 1), (4, 2)]",27
72,28,0,20,"[(4, 1), (4, 2)]",28
72,29,0,19,"[(4, 1), (4, 2)]",29
72,30,0,19,"[(4, 1), (4, 2)]",30
72,31,0,20,"[(4, 1), (4, 2)]",31
72,32,0,23,"[(4, 1), (4, 2)]",32
72,33,0,20,"[(4, 1), (4, 2)]",33
72,34,0,22,"[(4, 1), (4, 2)]",34
72,35,0,22,"[(4, 1), (4, 2)]",35
72,36,0,22,"[(4, 1), (4, 2)]",36
72,37,0,28,"[(4, 1), (4, 2)]",37
72,38,0,32,"[(4, 1), (4, 2)]",38
72,39,0,34,"[(4, 1), (4, 2)]",39
72,40,0,37,"[(4, 1), (4, 2)]",40
72,41,0,35,"[(4, 1), (4, 2)]",41
72,42,0,37,"[(4, 1), (4, 2)]",42
72,43,0,38,"[(4, 1), (4, 2)]",43
72,44,0,37,"[(4, 1), (4, 2)]",44
72,45,0,39,"[(4, 1), (4, 2)]",45
72,46,0,40,"[(4, 1), (4, 2)]",46
72,47,0,45,"[(4, 1), (4, 2)]",47
72,48,0,47,"[(4, 1), (4, 2)]",48
72,49,0,52,"[(4, 1), (4, 2)]",49
72,50,0,57,"[(4, 1), (4, 2)]",50
72,51,0,60,"[(4, 1), (4, 2)]",51
72,52,0,61,"[(4, 1), (4, 2)]",52
72,53,0,64,"[(4, 1), (4, 2)]",53
72,54,0,65,"[(4, 1), (4, 2)]",54
72,55,0,65,"[(4, 1), (4, 2)]",55
72,56,0,68,"[(4, 1), (4, 2)]",56
72,57,0,70,"[(4, 1), (4, 2)]",57
72,58,0,75,"[(4, 1), (4, 2)]",58
72,59,0,75,"[(4, 1), (4, 2)]",59
72,60,0,78,"[(4, 1), (4, 2)]",60
73,0,35,0,[],0
73,1,30,0,"[(4, 2)]",1
73,2,25,0,"[(4, 1), (4, 2)]",2
73,3,26,0,"[(4, 1), (4, 2)]",3
73,4,25,0,"[(4, 1), (4, 2)]",4
73,5,25,0,"[(4, 1), (4, 2)]",5
73,6,26,0,"[(4, 1), (4, 2)]",6
73,7,27,0,"[(4, 1), (4, 2)]",7
73,8,29,0,"[(4, 1), (4, 2)]",8
73,9,29,0,"[(4, 1), (4, 2)]",9
73,10,30,0,"[(4, 1), (4, 2)]",10
73,11,29,0,"[(4, 1), (4, 2)]",11
73,12,29,0,"[(4, 1), (4, 2)]",12
73,13,31,0,"[(4, 1), (4, 2)]",13
73,14,29,0,"[(4, 1), (4, 2)]",14
73,15,28,0,"[(4, 1), (4, 2)]",15
73,16,30,0,"[(4, 1), (4, 2)]",16
73,17,27,0,"[(4, 1), (4, 2)]",17
73,18,27,0,"[(4, 1), (4, 2)]",18
73,19,27,0,"[(4, 1), (4, 2)]",19
73,20,27,0,"[(4, 1), (4, 2)]",20
73,21,26,0,"[(4, 1), (4, 2)]",21
73,22,27,0,"[(4, 1), (4, 2)]",22
73,23,27,0,"[(4, 1), (4, 2)]",23
73,24,27,0,"[(4, 1), (4, 2)]",24
73,25,25,0,"[(4, 1), (4, 2)]",25
73,26,24,0,"[(4, 1), (4, 2)]",26
73,27,24,0,"[(4, 1), (4, 2)]",27
73,28,22,0,"[(4, 1), (4, 2)]",28
73,29,21,0,"[(4, 1), (4, 2)]",29
73,30,22,0,"[(4, 1), (4, 2)]",30
73,31,22,0,"[(4, 1), (4, 2)]",31
73,32,24,0,"[(4, 1), (4, 2)]",32
73,33,24,0,"[(4, 1), (4, 2)]",33
73,34,22,0,"[(4, 1), (4, 2)]",34
73,35,21,0,"[(4, 1), (4, 2)]",35
73,36,21,0,"[(4, 1), (4, 2)]",36
73,37,20,0,"[(4, 1), (4, 2)]",37
73,38,20,0,"[(4, 1), (4, 2)]",38
73,39,22,0,"[(4, 1), (4, 2)]",39
73,40,20,0,"[(4, 1), (4, 2)]",40
73,41,18,0,"[(4, 1), (4, 2)]",41
73,42,14,0,"[(4, 1), (4, 2)]",42
73,43,12,0,"[(4, 1), (4, 2)]",43
73,44,13,0,"[(4, 1), (4, 2)]",44
73,45,13,0,"[(4, 1), (4, 2)]",45
73,46,10,0,"[(4, 1), (4, 2)]",46
73,47,10,0,"[(4, 1), (4, 2)]",47
73,48,12,0,"[(4, 1), (4, 2)]",48
73,49,10,0,"[(4, 1), (4, 2)]",49
73,50,12,0,"[(4, 1), (4, 2)]",50
73,51,12,0,"[(4, 1), (4, 2)]",51
73,52,12,0,"[(4, 1), (4, 2)]",52
73,53,11,0,"[(4, 1), (4, 2)]",53
73,54,8,0,"[(4, 1), (4, 2)]",54
73,55,9,0,"[(4, 1), (4, 2)]",55
73,56,8,0,"[(4, 1), (4, 2)]",56
73,57,5,0,"[(4, 1), (4, 2)]",57
73,58,3,0,"[(4, 1), (4, 2)]",58
73,59,0,0,"[(4, 1), (4, 2)]",59
73,60,0,0,"[(4, 1), (4, 2)]",60
74,0,15,0,[],0
74,1,7,0,"[(4, 2)]",1
74,2,3,0,"[(4, 1), (4, 2)]",2
74,3,0,1,"[(4, 1), (4, 2)]",3
74,4,0,2,"[(4, 1), (4, 2)]",4
74,5,0,4,"[(4, 1), (4, 2)]",5
74,6,0,5,"[(4, 1), (4, 2)]",6
74,7,0,6,"[(4, 1), (4, 2)]",7
74,8,0,10,"[(4, 1), (4, 2)]",8
74,9,0,10,"[(4, 1), (4, 2)]",9
74,10,0,12,"[(4, 1), (4, 2)]",10
74,11,0,16,"[(4, 1), (4, 2)]",11
74,12,0,18,"[(4, 1), (4, 2)]",12
74,13,0,21,"[(4, 1), (4, 2)]",13
74,14,0,22,"[(4, 1), (4, 2)]",14
74,15,0,21,"[(4, 1), (4, 2)]",15
74,16,0,22,"[(4, 1), (4, 2)]",16
74,17,0,34,"[(4, 1), (4, 2)]",17
74,18,0,36,"[(4, 1), (4, 2)]",18
74,19,0,37,"[(4, 1), (4, 2)]",19
74,20,0,39,"[(4, 1), (4, 2)]",20
74,21,0,40,"[(4, 1), (4, 2)]",21
74,22,0,42,"[(4, 1), (4, 2)]",22
74,23,0,44,"[(4, 1), (4, 2)]",23
74,24,0,42,"[(4, 1), (4, 2)]",24
74,25,0,40,"[(4, 1), (4, 2)]",25
74,26,0,40,"[(4, 1), (4, 2)]",26
74,27,0,42,"[(4, 1), (4, 2)]",27
74,28,0,43,"[(4, 1), (4, 2)]",28
74,29,0,50,"[(4, 1), (4, 2)]",29
74,30,0,52,"[(4, 1), (4, 2)]",30
74,31,0,51,"[(4, 1), (4, 2)]",31
74,32,0,53,"[(4, 1), (4, 2)]",32
74,33,0,54,"[(4, 1), (4, 2)]",33
74,34,0,55,"[(4, 1), (4, 2)]",34
74,35,0,62,"[(4, 1), (4, 2)]",35
74,36,0,61,"[(4, 1), (4, 2)]",36
74,37,0,64,"[(4, 1), (4, 2)]",37
74,38,0,64,"[(4, 1), (4, 2)]",38
74,39,0,66,"[(4, 1), (4, 2)]",39
74,40,0,68,"[(4, 1), (4, 2)]",40
74,41,0,69,"[(4, 1), (4, 2)]",41
74,42,0,72,"[(4, 1), (4, 2)]",42
74,43,0,75,"[(4, 1), (4, 2)]",43
74,44,0,76,"[(4, 1), (4, 2)]",44
74,45,0,79,"[(4, 1), (4, 2)]",45
74,46,0,78,"[(4, 1), (4, 2)]",46
74,47,0,78,"[(4, 1), (4, 2)]",47
74,48,0,84,"[(4, 1), (4, 2)]",48
74,49,0,86,"[(4, 1), (4, 2)]",49
74,50,0,88,"[(4, 1), (4, 2)]",50
74,51,0,90,"[(4, 1), (4, 2)]",51
74,52,0,91,"[(4, 1), (4, 2)]",52
74,53,0,91,"[(4, 1), (4, 2)]",53
74,54,0,94,"[(4, 1), (4, 2)]",54
74,55,0,96,"[(4, 1), (4, 2)]",55
74,56,0,94,"[(4, 1), (4, 2)]",56
74,57,0,95,"[(4, 1), (4, 2)]",57
74,58,0,94,"[(4, 1), (4, 2)]",58
74,59,0,96,"[(4, 1), (4, 2)]",59
74,60,0,100,"[(4, 1), (4, 2)]",60
75,0,16,0,[],0
75,1,12,0,"[(4, 2)]",1
75,2,9,0,"[(4, 1), (4, 2)]",2
75,3,4,0,"[(4, 1), (4, 2)]",3
75,4,3,0,"[(4, 1), (4, 2)]",4
75,5,0,1,"[(4, 1), (4, 2)]",5
75,6,1,0,"[(4, 1), (4, 2)]",6
75,7,0,0,"[(4, 1), (4, 2)]",7
75,8,0,0,"[(4, 1), (4, 2)]",8
75,9,0,2,"[(4, 1), (4, 2)]",9
75,10,0,3,"[(4, 1), (4, 2)]",10
75,11,0,1,"[(4, 1), (4, 2)]",11
75,12,0,6,"[(4, 1), (4, 2)]",12
75,13,0,8,"[(4, 1), (4, 2)]",13
75,14,0,9,"[(4, 1), (4, 2)]",14
75,15,0,10,"[(4, 1), (4, 2)]",15
75,16,0,11,"[(4, 1), (4, 2)]",16
75,17,0,11,"[(4, 1), (4, 2)]",17
75,18,0,12,"[(4, 1), (4, 2)]",18
75,19,0,12,"[(4, 1), (4, 2)]",19
75,20,0,14,"[(4, 1), (4, 2)]",20
75,21,0,14,"[(4, 1), (4, 2)]",21
75,22,0,16,"[(4, 1), (4, 2)]",22
75,23,0,15,"[(4, 1), (4, 2)]",23
75,24,0,15,"[(4, 1), (4, 2)]",24
75,25,0,19,"[(4, 1), (4, 2)]",25
75,26,0,19,"[(4, 1), (4, 2)]",26
75,27,0,22,"[(4, 1), (4, 2)]",27
75,28,0,23,"[(4, 1), (4, 2)]",28
75,29,0,26,"[(4, 1), (4, 2)]",29
75,30,0,23,"[(4, 1), (4, 2)]",30
75,31,0,23,"[(4, 1), (4, 2)]",31
75,32,0,25,"[(4, 1), (4, 2)]",32
75,33,0,27,"[(4, 1), (4, 2)]",33
75,34,0,29,"[(4, 1), (4, 2)]",34
75,35,0,29,"[(4, 1), (4, 2)]",35
75,36,0,32,"[(4, 1), (4, 2)]",36
75,37,0,32,"[(4, 1), (4, 2)]",37
75,38,0,34,"[(4, 1), (4, 2)]",38
75,39,0,32,"[(4, 1), (4, 2)]",39
75,40,0,32,"[(4, 1), (4, 2)]",40
75,41,0,38,"[(4, 1), (4, 2)]",41
75,42,0,37,"[(4, 1), (4, 2)]",42
75,43,0,35,"[(4, 1), (4, 2)]",43
75,44,0,36,"[(4, 1), (4, 2)]",44
75,45,0,34,"[(4, 1), (4, 2)]",45
75,46,0,34,"[(4, 1), (4, 2)]",46
75,47,0,35,"[(4, 1), (4, 2)]",47
75,48,0,36,"[(4, 1), (4, 2)]",48
75,49,0,33,"[(4, 1), (4, 2)]",49
75,50,0,37,"[(4, 1), (4, 2)]",50
75,51,0,39,"[(4, 1), (4, 2)]",51
75,52,0,46,"[(4, 1), (4, 2)]",52
75,53,0,48,"[(4, 1), (4, 2)]",53
75,54,0,49,"[(4, 1), (4, 2)]",54
75,55,0,47,"[(4, 1), (4, 2)]",55
75,56,0,51,"[(4, 1), (4, 2)]",56
75,57,0,51,"[(4, 1), (4, 2)]",57
75,58,0,54,"[(4, 1), (4, 2)]",58
75,59,0,52,"[(4, 1), (4, 2)]",59
75,60,0,56,"[(4, 1), (4, 2)]",60
76,0,24,0,[],0
76,1,21,0,"[(4, 2)]",1
76,2,16,0,"[(4, 1), (4, 2)]",2
76,3,18,0,"[(4, 1), (4, 2)]",3
76,4,19,0,"[(4, 1), (4, 2)]",4
76,5,18,0,"[(4, 1), (4, 2)]",5
76,6,16,0,"[(4, 1), (4, 2)]",6
76,7,19,0,"[(4, 1), (4, 2)]",7
76,8,18,0,"[(4, 1), (4, 2)]",8
76,9,17,0,"[(4, 1), (4, 2)]",9
76,10,18,0,"[(4, 1), (4, 2)]",10
76,11,18,0,"[(4, 1), (4, 2)]",11
76,12,20,0,"[(4, 1), (4, 2)]",12
76,13,20,0,"[(4, 1), (4, 2)]",13
76,14,20,0,"[(4, 1), (4, 2)]",14
76,15,23,0,"[(4, 1), (4, 2)]",15
76,16,18,0,"[(4, 1), (4, 2)]",16
76,17,20,0,"[(4, 1), (4, 2)]",17
76,18,17,0,"[(4, 1), (4, 2)]",18
76,19,12,0,"[(4, 1), (4, 2)]",19
76,20,11,0,"[(4, 1), (4, 2)]",20
76,21,11,0,"[(4, 1), (4, 2)]",21
76,22,12,0,"[(4, 1), (4, 2)]",22
76,23,10,0,"[(4, 1), (4, 2)]",23
76,24,7,0,"[(4, 1), (4, 2)]",24
76,25,7,0,"[(4, 1), (4, 2)]",25
76,26,5,0,"[(4, 1), (4, 2)]",26
76,27,4,0,"[(4, 1), (4, 2)]",27
76,28,0,0,"[(4, 1), (4, 2)]",28
76,29,1,0,"[(4, 1), (4, 2)]",29
76,30,0,1,"[(4, 1), (4, 2)]",30
76,31,0,9,"[(4, 1), (4, 2)]",31
76,32,0,12,"[(4, 1), (4, 2)]",32
76,33,0,11,"[(4, 1), (4, 2)]",33
76,34,0,13,"[(4, 1), (4, 2)]",34
76,35,0,14,"[(4, 1), (4, 2)]",35
76,36,0,13,"[(4, 1), (4, 2)]",36
76,37,0,15,"[(4, 1), (4, 2)]",37
76,38,0,14,"[(4, 1), (4, 2)]",38
76,39,0,15,"[(4, 1), (4, 2)]",39
76,40,0,12,"[(4, 1), (4, 2)]",40
76,41,0,13,"[(4, 1), (4, 2)]",41
76,42,0,11,"[(4, 1), (4, 2)]",42
76,43,0,10,"[(4, 1), (4, 2)]",43
76,44,0,11,"[(4, 1), (4, 2)]",44
76,45,0,16,"[(4, 1), (4, 2)]",45
76,46,0,17,"[(4, 1), (4, 2)]",46
76,47,0,17,"[(4, 1), (4, 2)]",47
76,48,0,18,"[(4, 1), (4, 2)]",48
76,49,0,18,"[(4, 1), (4, 2)]",49
76,50,0,18,"[(4, 1), (4, 2)]",50
76,51,0,14,"[(4, 1), (4, 2)]",51
76,52,0,14,"[(4, 1), (4, 2)]",52
76,53,0,14,"[(4, 1), (4, 2)]",53
76,54,0,16,"[(4, 1), (4, 2)]",54
76,55,0,17,"[(4, 1), (4, 2)]",55
76,56,0,20,"[(4, 1), (4, 2)]",56
76,57,0,24,"[(4, 1), (4, 2)]",57
76,58,0,25,"[(4, 1), (4, 2)]",58
76,59,0,34,"[(4, 1), (4, 2)]",59
76,60,0,36,"[(4, 1), (4, 2)]",60
77,0,36,0,[],0
77,1,35,0,"[(4, 2)]",1
77,2,31,0,"[(4, 1), (4, 2)]",2
77,3,30,0,"[(4, 1), (4, 2)]",3
77,4,25,0,"[(4, 1), (4, 2)]",4
77,5,27,0,"[(4, 1), (4, 2)]",5
77,6,25,0,"[(4, 1), (4, 2)]",6
77,7,24,0,"[(4, 1), (4, 2)]",7
77,8,26,0,"[(4, 1), (4, 2)]",8
77,9,26,0,"[(4, 1), (4, 2)]",9
77,10,26,0,"[(4, 1), (4, 2)]",10
77,11,27,0,"[(4, 1), (4, 2)]",11
77,12,23,0,"[(4, 1), (4, 2)]",12
77,13,19,0,"[(4, 1), (4, 2)]",13
77,14,18,0,"[(4, 1), (4, 2)]",14
77,15,17,0,"[(4, 1), (4, 2)]",15
77,16,14,0,"[(4, 1), (4, 2)]",16
77,17,12,0,"[(4, 1), (4, 2)]",17
77,18,14,0,"[(4, 1), (4, 2)]",18
77,19,14,0,"[(4, 1), (4, 2)]",19
77,20,16,0,"[(4, 1), (4, 2)]",20
77,21,12,0,"[(4, 1), (4, 2)]",21
77,22,8,0,"[(4, 1), (4, 2)]",22
77,23,8,0,"[(4, 1), (4, 2)]",23
77,24,6,0,"[(4, 1), (4, 2)]",24
77,25,1,0,"[(4, 1), (4, 2)]",25
77,26,2,0,"[(4, 1), (4, 2)]",26
77,27,0,2,"[(4, 1), (4, 2)]",27
77,28,0,5,"[(4, 1), (4, 2)]",28
77,29,0,5,"[(4, 1), (4, 2)]",29
77,30,0,5,"[(4, 1), (4, 2)]",30
77,31,0,5,"[(4, 1), (4, 2)]",31
77,32,0,7,"[(4, 1), (4, 2)]",32
77,33,0,6,"[(4, 1), (4, 2)]",33
77,34,0,8,"[(4, 1), (4, 2)]",34
77,35,0,12,"[(4, 1), (4, 2)]",35
77,36,0,15,"[(4, 1), (4, 2)]",36
77,37,0,17,"[(4, 1), (4, 2)]",37
77,38,0,18,"[(4, 1), (4, 2)]",38
77,39,0,19,"[(4, 1), (4, 2)]",39
77,40,0,21,"[(4, 1), (4, 2)]",40
77,41,0,25,"[(4, 1), (4, 2)]",41
77,42,0,29,"[(4, 1), (4, 2)]",42
77,43,0,30,"[(4, 1), (4, 2)]",43
77,44,0,30,"[(4, 1), (4, 2)]",44
77,45,0,28,"[(4, 1), (4, 2)]",45
77,46,0,27,"[(4, 1), (4, 2)]",46
77,47,0,27,"[(4, 1), (4, 2)]",47
77,48,0,28,"[(4, 1), (4, 2)]",48
77,49,0,26,"[(4, 1), (4, 2)]",49
77,50,0,29,"[(4, 1), (4, 2)]",50
77,51,0,33,"[(4, 1), (4, 2)]",51
77,52,0,32,"[(4, 1), (4, 2)]",52
77,53,0,33,"[(4, 1), (4, 2)]",53
77,54,0,29,"[(4, 1), (4, 2)]",54
77,55,0,28,"[(4, 1), (4, 2)]",55
77,56,0,29,"[(4, 1), (4, 2)]",56
77,57,0,33,"[(4, 1), (4, 2)]",57
77,58,0,34,"[(4, 1), (4, 2)]",58
77,59,0,33,"[(4, 1), (4, 2)]",59
77,60,0,34,"[(4, 1), (4, 2)]",60
78,0,45,0,[],0
78,1,40,0,"[(4, 2)]",1
78,2,38,0,"[(4, 1), (4, 2)]",2
78,3,37,0,"[(4, 1), (4, 2)]",3
78,4,35,0,"[(4, 1), (4, 2)]",4
78,5,34,0,"[(4, 1), (4, 2)]",5
78,6,32,0,"[(4, 1), (4, 2)]",6
78,7,32,0,"[(4, 1), (4, 2)]",7
78,8,27,0,"[(4, 1), (4, 2)]",8
78,9,27,0,"[(4, 1), (4, 2)]",9
78,10,25,0,"[(4, 1), (4, 2)]",10
78,11,26,0,"[(4, 1), (4, 2)]",11
78,12,23,0,"[(4, 1), (4, 2)]",12
78,13,24,0,"[(4, 1), (4, 2)]",13
78,14,24,0,"[(4, 1), (4, 2)]",14
78,15,23,0,"[(4, 1), (4, 2)]",15
78,16,20,0,"[(4, 1), (4, 2)]",16
78,17,20,0,"[(4, 1), (4, 2)]",17
78,18,19,0,"[(4, 1), (4, 2)]",18
78,19,18,0,"[(4, 1), (4, 2)]",19
78,20,18,0,"[(4, 1), (4, 2)]",20
78,21,18,0,"[(4, 1), (4, 2)]",21
78,22,19,0,"[(4, 1), (4, 2)]",22
78,23,13,0,"[(4, 1), (4, 2)]",23
78,24,12,0,"[(4, 1), (4, 2)]",24
78,25,15,0,"[(4, 1), (4, 2)]",25
78,26,16,0,"[(4, 1), (4, 2)]",26
78,27,16,0,"[(4, 1), (4, 2)]",27
78,28,17,0,"[(4, 1), (4, 2)]",28
78,29,19,0,"[(4, 1), (4, 2)]",29
78,30,15,0,"[(4, 1), (4, 2)]",30
78,31,14,0,"[(4, 1), (4, 2)]",31
78,32,10,0,"[(4, 1), (4, 2)]",32
78,33,7,0,"[(4, 1), (4, 2)]",33
78,34,7,0,"[(4, 1), (4, 2)]",34
78,35,9,0,"[(4, 1), (4, 2)]",35
78,36,10,0,"[(4, 1), (4, 2)]",36
78,37,11,0,"[(4, 1), (4, 2)]",37
78,38,9,0,"[(4, 1), (4, 2)]",38
78,39,9,0,"[(4, 1), (4, 2)]",39
78,40,5,0,"[(4, 1), (4, 2)]",40
78,41,7,0,"[(4, 1), (4, 2)]",41
78,42,9,0,"[(4, 1), (4, 2)]",42
78,43,7,0,"[(4, 1), (4, 2)]",43
78,44,6,0,"[(4, 1), (4, 2)]",44
78,45,7,0,"[(4, 1), (4, 2)]",45
78,46,7,0,"[(4, 1), (4, 2)]",46
78,47,10,0,"[(4, 1), (4, 2)]",47
78,48,8,0,"[(4, 1), (4, 2)]",48
78,49,12,0,"[(4, 1), (4, 2)]",49
78,50,11,0,"[(4, 1), (4, 2)]",50
78,51,12,0,"[(4, 1), (4, 2)]",51
78,52,12,0,"[(4, 1), (4, 2)]",52
78,53,12,0,"[(4, 1), (4, 2)]",53
78,54,13,0,"[(4, 1), (4, 2)]",54
78,55,12,0,"[(4, 1), (4, 2)]",55
78,56,7,0,"[(4, 1), (4, 2)]",56
78,57,8,0,"[(4, 1), (4, 2)]",57
78,58,6,0,"[(4, 1), (4, 2)]",58
78,59,5,0,"[(4, 1), (4, 2)]",59
78,60,6,0,"[(4, 1), (4, 2)]",60
79,0,43,0,[],0
79,1,37,0,"[(4, 2)]",1
79,2,32,0,"[(4, 1), (4, 2)]",2
79,3,31,0,"[(4, 1), (4, 2)]",3
79,4,30,0,"[(4, 1), (4, 2)]",4
79,5,28,0,"[(4, 1), (4, 2)]",5
79,6,30,0,"[(4, 1), (4, 2)]",6
79,7,32,0,"[(4, 1), (4, 2)]",7
79,8,35,0,"[(4, 1), (4, 2)]",8
79,9,36,0,"[(4, 1), (4, 2)]",9
79,10,35,0,"[(4, 1), (4, 2)]",10
79,11,32,0,"[(4, 1), (4, 2)]",11
79,12,30,0,"[(4, 1), (4, 2)]",12
79,13,29,0,"[(4, 1), (4, 2)]",13
79,14,31,0,"[(4, 1), (4, 2)]",14
79,15,30,0,"[(4, 1), (4, 2)]",15
79,16,31,0,"[(4, 1), (4, 2)]",16
79,17,29,0,"[(4, 1), (4, 2)]",17
79,18,28,0,"[(4, 1), (4, 2)]",18
79,19,29,0,"[(4, 1), (4, 2)]",19
79,20,31,0,"[(4, 1), (4, 2)]",20
79,21,32,0,"[(4, 1), (4, 2)]",21
79,22,28,0,"[(4, 1), (4, 2)]",22
79,23,28,0,"[(4, 1), (4, 2)]",23
79,24,29,0,"[(4, 1), (4, 2)]",24
79,25,25,0,"[(4, 1), (4, 2)]",25
79,26,25,0,"[(4, 1), (4, 2)]",26
79,27,20,0,"[(4, 1), (4, 2)]",27
79,28,20,0,"[(4, 1), (4, 2)]",28
79,29,20,0,"[(4, 1), (4, 2)]",29
79,30,17,0,"[(4, 1), (4, 2)]",30
79,31,12,0,"[(4, 1), (4, 2)]",31
79,32,11,0,"[(4, 1), (4, 2)]",32
79,33,12,0,"[(4, 1), (4, 2)]",33
79,34,13,0,"[(4, 1), (4, 2)]",34
79,35,14,0,"[(4, 1), (4, 2)]",35
79,36,9,0,"[(4, 1), (4, 2)]",36
79,37,9,0,"[(4, 1), (4, 2)]",37
79,38,8,0,"[(4, 1), (4, 2)]",38
79,39,7,0,"[(4, 1), (4, 2)]",39
79,40,7,0,"[(4, 1), (4, 2)]",40
79,41,8,0,"[(4, 1), (4, 2)]",41
79,42,6,0,"[(4, 1), (4, 2)]",42
79,43,4,0,"[(4, 1), (4, 2)]",43
79,44,1,0,"[(4, 1), (4, 2)]",44
79,45,1,0,"[(4, 1), (4, 2)]",45
79,46,0,1,"[(4, 1), (4, 2)]",46
79,47,0,0,"[(4, 1), (4, 2)]",47
79,48,1,0,"[(4, 1), (4, 2)]",48
79,49,1,0,"[(4, 1), (4, 2)]",49
79,50,1,0,"[(4, 1), (4, 2)]",50
79,51,1,0,"[(4, 1), (4, 2)]",51
79,52,0,0,"[(4, 1), (4, 2)]",52
79,53,0,5,"[(4, 1), (4, 2)]",53
79,54,0,6,"[(4, 1), (4, 2)]",54
79,55,0,4,"[(4, 1), (4, 2)]",55
79,56,0,7,"[(4, 1), (4, 2)]",56
79,57,0,10,"[(4, 1), (4, 2)]",57
79,58,0,9,"[(4, 1), (4, 2)]",58
79,59,0,10,"[(4, 1), (4, 2)]",59
79,60,0,10,"[(4, 1), (4, 2)]",60
80,0,20,0,[],0
80,1,17,0,"[(4, 2)]",1
80,2,11,0,"[(4, 1), (4, 2)]",2
80,3,7,0,"[(4, 1), (4, 2)]",3
80,4,6,0,"[(4, 1), (4, 2)]",4
80,5,3,0,"[(4, 1), (4, 2)]",5
80,6,0,0,"[(4, 1), (4, 2)]",6
80,7,0,3,"[(4, 1), (4, 2)]",7
80,8,0,6,"[(4, 1), (4, 2)]",8
80,9,0,5,"[(4, 1), (4, 2)]",9
80,10,0,5,"[(4, 1), (4, 2)]",10
80,11,0,9,"[(4, 1), (4, 2)]",11
80,12,0,10,"[(4, 1), (4, 2)]",12
80,13,0,13,"[(4, 1), (4, 2)]",13
80,14,0,13,"[(4, 1), (4, 2)]",14
80,15,0,15,"[(4, 1), (4, 2)]",15
80,16,0,17,"[(4, 1), (4, 2)]",16
80,17,0,20,"[(4, 1), (4, 2)]",17
80,18,0,21,"[(4, 1), (4, 2)]",18
80,19,0,22,"[(4, 1), (4, 2)]",19
80,20,0,22,"[(4, 1), (4, 2)]",20
80,21,0,20,"[(4, 1), (4, 2)]",21
80,22,0,21,"[(4, 1), (4, 2)]",22
80,23,0,22,"[(4, 1), (4, 2)]",23
80,24,0,24,"[(4, 1), (4, 2)]",24
80,25,0,26,"[(4, 1), (4, 2)]",25
80,26,0,28,"[(4, 1), (4, 2)]",26
80,27,0,27,"[(4, 1), (4, 2)]",27
80,28,0,25,"[(4, 1), (4, 2)]",28
80,29,0,22,"[(4, 1), (4, 2)]",29
80,30,0,24,"[(4, 1), (4, 2)]",30
80,31,0,28,"[(4, 1), (4, 2)]",31
80,32,0,28,"[(4, 1), (4, 2)]",32
80,33,0,29,"[(4, 1), (4, 2)]",33
80,34,0,29,"[(4, 1), (4, 2)]",34
80,35,0,31,"[(4, 1), (4, 2)]",35
80,36,0,31,"[(4, 1), (4, 2)]",36
80,37,0,31,"[(4, 1), (4, 2)]",37
80,38,0,31,"[(4, 1), (4, 2)]",38
80,39,0,32,"[(4, 1), (4, 2)]",39
80,40,0,30,"[(4, 1), (4, 2)]",40
80,41,0,32,"[(4, 1), (4, 2)]",41
80,42,0,35,"[(4, 1), (4, 2)]",42
80,43,0,40,"[(4, 1), (4, 2)]",43
80,44,0,43,"[(4, 1), (4, 2)]",44
80,45,0,44,"[(4, 1), (4, 2)]",45
80,46,0,42,"[(4, 1), (4, 2)]",46
80,47,0,44,"[(4, 1), (4, 2)]",47
80,48,0,46,"[(4, 1), (4, 2)]",48
80,49,0,45,"[(4, 1), (4, 2)]",49
80,50,0,47,"[(4, 1), (4, 2)]",50
80,51,0,50,"[(4, 1), (4, 2)]",51
80,52,0,52,"[(4, 1), (4, 2)]",52
80,53,0,50,"[(4, 1), (4, 2)]",53
80,54,0,51,"[(4, 1), (4, 2)]",54
80,55,0,50,"[(4, 1), (4, 2)]",55
80,56,0,53,"[(4, 1), (4, 2)]",56
80,57,0,54,"[(4, 1), (4, 2)]",57
80,58,0,57,"[(4, 1), (4, 2)]",58
80,59,0,55,"[(4, 1), (4, 2)]",59
80,60,0,58,"[(4, 1), (4, 2)]",60
81,0,50,0,[],0
81,1,42,0,"[(4, 2)]",1
81,2,36,0,"[(4, 1), (4, 2)]",2
81,3,33,0,"[(4, 1), (4, 2)]",3
81,4,31,0,"[(4, 1), (4, 2)]",4
81,5,32,0,"[(4, 1), (4, 2)]",5
81,6,32,0,"[(4, 1), (4, 2)]",6
81,7,31,0,"[(4, 1), (4, 2)]",7
81,8,31,0,"[(4, 1), (4, 2)]",8
81,9,29,0,"[(4, 1), (4, 2)]",9
81,10,31,0,"[(4, 1), (4, 2)]",10
81,11,32,0,"[(4, 1), (4, 2)]",11
81,12,30,0,"[(4, 1), (4, 2)]",12
81,13,32,0,"[(4, 1), (4, 2)]",13
81,14,34,0,"[(4, 1), (4, 2)]",14
81,15,33,0,"[(4, 1), (4, 2)]",15
81,16,30,0,"[(4, 1), (4, 2)]",16
81,17,27,0,"[(4, 1), (4, 2)]",17
81,18,27,0,"[(4, 1), (4, 2)]",18
81,19,25,0,"[(4, 1), (4, 2)]",19
81,20,21,0,"[(4, 1), (4, 2)]",20
81,21,22,0,"[(4, 1), (4, 2)]",21
81,22,24,0,"[(4, 1), (4, 2)]",22
81,23,25,0,"[(4, 1), (4, 2)]",23
81,24,26,0,"[(4, 1), (4, 2)]",24
81,25,28,0,"[(4, 1), (4, 2)]",25
81,26,20,0,"[(4, 1), (4, 2)]",26
81,27,13,0,"[(4, 1), (4, 2)]",27
81,28,12,0,"[(4, 1), (4, 2)]",28
81,29,9,0,"[(4, 1), (4, 2)]",29
81,30,7,0,"[(4, 1), (4, 2)]",30
81,31,4,0,"[(4, 1), (4, 2)]",31
81,32,3,0,"[(4, 1), (4, 2)]",32
81,33,3,0,"[(4, 1), (4, 2)]",33
81,34,1,0,"[(4, 1), (4, 2)]",34
81,35,4,0,"[(4, 1), (4, 2)]",35
81,36,0,0,"[(4, 1), (4, 2)]",36
81,37,0,2,"[(4, 1), (4, 2)]",37
81,38,0,0,"[(4, 1), (4, 2)]",38
81,39,0,0,"[(4, 1), (4, 2)]",39
81,40,0,5,"[(4, 1), (4, 2)]",40
81,41,0,5,"[(4, 1), (4, 2)]",41
81,42,0,3,"[(4, 1), (4, 2)]",42
81,43,0,2,"[(4, 1), (4, 2)]",43
81,44,1,0,"[(4, 1), (4, 2)]",44
81,45,2,0,"[(4, 1), (4, 2)]",45
81,46,2,0,"[(4, 1), (4, 2)]",46
81,47,1,0,"[(4, 1), (4, 2)]",47
81,48,1,0,"[(4, 1), (4, 2)]",48
81,49,0,2,"[(4, 1), (4, 2)]",49
81,50,0,5,"[(4, 1), (4, 2)]",50
81,51,0,6,"[(4, 1), (4, 2)]",51
81,52,0,3,"[(4, 1), (4, 2)]",52
81,53,0,3,"[(4, 1), (4, 2)]",53
81,54,0,2,"[(4, 1), (4, 2)]",54
81,55,0,5,"[(4, 1), (4, 2)]",55
81,56,0,11,"[(4, 1), (4, 2)]",56
81,57,0,12,"[(4, 1), (4, 2)]",57
81,58,0,12,"[(4, 1), (4, 2)]",58
81,59,0,15,"[(4, 1), (4, 2)]",59
81,60,0,14,"[(4, 1), (4, 2)]",60
82,0,28,0,[],0
82,1,23,0,"[(4, 2)]",1
82,2,16,0,"[(4, 1), (4, 2)]",2
82,3,17,0,"[(4, 1), (4, 2)]",3
82,4,16,0,"[(4, 1), (4, 2)]",4
82,5,17,0,"[(4, 1), (4, 2)]",5
82,6,19,0,"[(4, 1), (4, 2)]",6
82,7,17,0,"[(4, 1), (4, 2)]",7
82,8,14,0,"[(4, 1), (4, 2)]",8
82,9,16,0,"[(4, 1), (4, 2)]",9
82,10,14,0,"[(4, 1), (4, 2)]",10
82,11,16,0,"[(4, 1), (4, 2)]",11
82,12,18,0,"[(4, 1), (4, 2)]",12
82,13,17,0,"[(4, 1), (4, 2)]",13
82,14,18,0,"[(4, 1), (4, 2)]",14
82,15,16,0,"[(4, 1), (4, 2)]",15
82,16,19,0,"[(4, 1), (4, 2)]",16
82,17,19,0,"[(4, 1), (4, 2)]",17
82,18,18,0,"[(4, 1), (4, 2)]",18
82,19,16,0,"[(4, 1), (4, 2)]",19
82,20,15,0,"[(4, 1), (4, 2)]",20
82,21,17,0,"[(4, 1), (4, 2)]",21
82,22,15,0,"[(4, 1), (4, 2)]",22
82,23,11,0,"[(4, 1), (4, 2)]",23
82,24,9,0,"[(4, 1), (4, 2)]",24
82,25,7,0,"[(4, 1), (4, 2)]",25
82,26,5,0,"[(4, 1), (4, 2)]",26
82,27,4,0,"[(4, 1), (4, 2)]",27
82,28,5,0,"[(4, 1), (4, 2)]",28
82,29,1,0,"[(4, 1), (4, 2)]",29
82,30,0,5,"[(4, 1), (4, 2)]",30
82,31,0,8,"[(4, 1), (4, 2)]",31
82,32,0,9,"[(4, 1), (4, 2)]",32
82,33,0,10,"[(4, 1), (4, 2)]",33
82,34,0,9,"[(4, 1), (4, 2)]",34
82,35,0,7,"[(4, 1), (4, 2)]",35
82,36,0,11,"[(4, 1), (4, 2)]",36
82,37,0,11,"[(4, 1), (4, 2)]",37
82,38,0,11,"[(4, 1), (4, 2)]",38
82,39,0,15,"[(4, 1), (4, 2)]",39
82,40,0,12,"[(4, 1), (4, 2)]",40
82,41,0,11,"[(4, 1), (4, 2)]",41
82,42,0,9,"[(4, 1), (4, 2)]",42
82,43,0,8,"[(4, 1), (4, 2)]",43
82,44,0,8,"[(4, 1), (4, 2)]",44
82,45,0,5,"[(4, 1), (4, 2)]",45
82,46,0,2,"[(4, 1), (4, 2)]",46
82,47,0,3,"[(4, 1), (4, 2)]",47
82,48,0,2,"[(4, 1), (4, 2)]",48
82,49,0,4,"[(4, 1), (4, 2)]",49
82,50,0,8,"[(4, 1), (4, 2)]",50
82,51,0,7,"[(4, 1), (4, 2)]",51
82,52,0,11,"[(4, 1), (4, 2)]",52
82,53,0,12,"[(4, 1), (4, 2)]",53
82,54,0,12,"[(4, 1), (4, 2)]",54
82,55,0,13,"[(4, 1), (4, 2)]",55
82,56,0,14,"[(4, 1), (4, 2)]",56
82,57,0,20,"[(4, 1), (4, 2)]",57
82,58,0,23,"[(4, 1), (4, 2)]",58
82,59,0,23,"[(4, 1), (4, 2)]",59
82,60,0,24,"[(4, 1), (4, 2)]",60
83,0,29,0,[],0
83,1,21,0,"[(4, 2)]",1
83,2,18,0,"[(4, 1), (4, 2)]",2
83,3,19,0,"[(4, 1), (4, 2)]",3
83,4,19,0,"[(4, 1), (4, 2)]",4
83,5,17,0,"[(4, 1), (4, 2)]",5
83,6,14,0,"[(4, 1), (4, 2)]",6
83,7,13,0,"[(4, 1), (4, 2)]",7
83,8,14,0,"[(4, 1), (4, 2)]",8
83,9,15,0,"[(4, 1), (4, 2)]",9
83,10,15,0,"[(4, 1), (4, 2)]",10
83,11,16,0,"[(4, 1), (4, 2)]",11
83,12,14,0,"[(4, 1), (4, 2)]",12
83,13,11,0,"[(4, 1), (4, 2)]",13
83,14,7,0,"[(4, 1), (4, 2)]",14
83,15,1,0,"[(4, 1), (4, 2)]",15
83,16,0,0,"[(4, 1), (4, 2)]",16
83,17,0,0,"[(4, 1), (4, 2)]",17
83,18,1,0,"[(4, 1), (4, 2)]",18
83,19,0,4,"[(4, 1), (4, 2)]",19
83,20,0,6,"[(4, 1), (4, 2)]",20
83,21,0,7,"[(4, 1), (4, 2)]",21
83,22,0,7,"[(4, 1), (4, 2)]",22
83,23,0,9,"[(4, 1), (4, 2)]",23
83,24,0,10,"[(4, 1), (4, 2)]",24
83,25,0,12,"[(4, 1), (4, 2)]",25
83,26,0,14,"[(4, 1), (4, 2)]",26
83,27,0,14,"[(4, 1), (4, 2)]",27
83,28,0,17,"[(4, 1), (4, 2)]",28
83,29,0,18,"[(4, 1), (4, 2)]",29
83,30,0,23,"[(4, 1), (4, 2)]",30
83,31,0,23,"[(4, 1), (4, 2)]",31
83,32,0,22,"[(4, 1), (4, 2)]",32
83,33,0,21,"[(4, 1), (4, 2)]",33
83,34,0,24,"[(4, 1), (4, 2)]",34
83,35,0,21,"[(4, 1), (4, 2)]",35
83,36,0,23,"[(4, 1), (4, 2)]",36
83,37,0,20,"[(4, 1), (4, 2)]",37
83,38,0,18,"[(4, 1), (4, 2)]",38
83,39,0,18,"[(4, 1), (4, 2)]",39
83,40,0,17,"[(4, 1), (4, 2)]",40
83,41,0,21,"[(4, 1), (4, 2)]",41
83,42,0,19,"[(4, 1), (4, 2)]",42
83,43,0,25,"[(4, 1), (4, 2)]",43
83,44,0,23,"[(4, 1), (4, 2)]",44
83,45,0,27,"[(4, 1), (4, 2)]",45
83,46,0,28,"[(4, 1), (4, 2)]",46
83,47,0,28,"[(4, 1), (4, 2)]",47
83,48,0,26,"[(4, 1), (4, 2)]",48
83,49,0,29,"[(4, 1), (4, 2)]",49
83,50,0,33,"[(4, 1), (4, 2)]",50
83,51,0,34,"[(4, 1), (4, 2)]",51
83,52,0,33,"[(4, 1), (4, 2)]",52
83,53,0,35,"[(4, 1), (4, 2)]",53
83,54,0,39,"[(4, 1), (4, 2)]",54
83,55,0,42,"[(4, 1), (4, 2)]",55
83,56,0,44,"[(4, 1), (4, 2)]",56
83,57,0,42,"[(4, 1), (4, 2)]",57
83,58,0,43,"[(4, 1), (4, 2)]",58
83,59,0,40,"[(4, 1), (4, 2)]",59
83,60,0,39,"[(4, 1), (4, 2)]",60
84,0,48,0,[],0
84,1,44,0,"[(4, 2)]",1
84,2,36,0,"[(4, 1), (4, 2)]",2
84,3,36,0,"[(4, 1), (4, 2)]",3
84,4,37,0,"[(4, 1), (4, 2)]",4
84,5,36,0,"[(4, 1), (4, 2)]",5
84,6,37,0,"[(4, 1), (4, 2)]",6
84,7,39,0,"[(4, 1), (4, 2)]",7
84,8,36,0,"[(4, 1), (4, 2)]",8
84,9,34,0,"[(4, 1), (4, 2)]",9
84,10,31,0,"[(4, 1), (4, 2)]",10
84,11,26,0,"[(4, 1), (4, 2)]",11
84,12,23,0,"[(4, 1), (4, 2)]",12
84,13,22,0,"[(4, 1), (4, 2)]",13
84,14,23,0,"[(4, 1), (4, 2)]",14
84,15,22,0,"[(4, 1), (4, 2)]",15
84,16,20,0,"[(4, 1), (4, 2)]",16
84,17,23,0,"[(4, 1), (4, 2)]",17
84,18,20,0,"[(4, 1), (4, 2)]",18
84,19,20,0,"[(4, 1), (4, 2)]",19
84,20,17,0,"[(4, 1), (4, 2)]",20
84,21,15,0,"[(4, 1), (4, 2)]",21
84,22,14,0,"[(4, 1), (4, 2)]",22
84,23,15,0,"[(4, 1), (4, 2)]",23
84,24,13,0,"[(4, 1), (4, 2)]",24
84,25,11,0,"[(4, 1), (4, 2)]",25
84,26,8,0,"[(4, 1), (4, 2)]",26
84,27,8,0,"[(4, 1), (4, 2)]",27
84,28,9,0,"[(4, 1), (4, 2)]",28
84,29,7,0,"[(4, 1), (4, 2)]",29
84,30,7,0,"[(4, 1), (4, 2)]",30
84,31,8,0,"[(4, 1), (4, 2)]",31
84,32,11,0,"[(4, 1), (4, 2)]",32
84,33,11,0,"[(4, 1), (4, 2)]",33
84,34,11,0,"[(4, 1), (4, 2)]",34
84,35,6,0,"[(4, 1), (4, 2)]",35
84,36,4,0,"[(4, 1), (4, 2)]",36
84,37,0,1,"[(4, 1), (4, 2)]",37
84,38,1,0,"[(4, 1), (4, 2)]",38
84,39,2,0,"[(4, 1), (4, 2)]",39
84,40,0,1,"[(4, 1), (4, 2)]",40
84,41,0,5,"[(4, 1), (4, 2)]",41
84,42,0,6,"[(4, 1), (4, 2)]",42
84,43,0,5,"[(4, 1), (4, 2)]",43
84,44,0,7,"[(4, 1), (4, 2)]",44
84,45,0,16,"[(4, 1), (4, 2)]",45
84,46,0,17,"[(4, 1), (4, 2)]",46
84,47,0,18,"[(4, 1), (4, 2)]",47
84,48,0,17,"[(4, 1), (4, 2)]",48
84,49,0,15,"[(4, 1), (4, 2)]",49
84,50,0,13,"[(4, 1), (4, 2)]",50
84,51,0,13,"[(4, 1), (4, 2)]",51
84,52,0,16,"[(4, 1), (4, 2)]",52
84,53,0,19,"[(4, 1), (4, 2)]",53
84,54,0,20,"[(4, 1), (4, 2)]",54
84,55,0,22,"[(4, 1), (4, 2)]",55
84,56,0,22,"[(4, 1), (4, 2)]",56
84,57,0,24,"[(4, 1), (4, 2)]",57
84,58,0,24,"[(4, 1), (4, 2)]",58
84,59,0,23,"[(4, 1), (4, 2)]",59
84,60,0,23,"[(4, 1), (4, 2)]",60
85,0,38,0,[],0
85,1,32,0,"[(4, 2)]",1
85,2,29,0,"[(4, 1), (4, 2)]",2
85,3,30,0,"[(4, 1), (4, 2)]",3
85,4,25,0,"[(4, 1), (4, 2)]",4
85,5,25,0,"[(4, 1), (4, 2)]",5
85,6,22,0,"[(4, 1), (4, 2)]",6
85,7,24,0,"[(4, 1), (4, 2)]",7
85,8,22,0,"[(4, 1), (4, 2)]",8
85,9,21,0,"[(4, 1), (4, 2)]",9
85,10,19,0,"[(4, 1), (4, 2)]",10
85,11,16,0,"[(4, 1), (4, 2)]",11
85,12,16,0,"[(4, 1), (4, 2)]",12
85,13,13,0,"[(4, 1), (4, 2)]",13
85,14,11,0,"[(4, 1), (4, 2)]",14
85,15,12,0,"[(4, 1), (4, 2)]",15
85,16,10,0,"[(4, 1), (4, 2)]",16
85,17,12,0,"[(4, 1), (4, 2)]",17
85,18,9,0,"[(4, 1), (4, 2)]",18
85,19,6,0,"[(4, 1), (4, 2)]",19
85,20,3,0,"[(4, 1), (4, 2)]",20
85,21,1,0,"[(4, 1), (4, 2)]",21
85,22,1,0,"[(4, 1), (4, 2)]",22
85,23,0,6,"[(4, 1), (4, 2)]",23
85,24,0,4,"[(4, 1), (4, 2)]",24
85,25,0,3,"[(4, 1), (4, 2)]",25
85,26,0,6,"[(4, 1), (4, 2)]",26
85,27,0,4,"[(4, 1), (4, 2)]",27
85,28,0,3,"[(4, 1), (4, 2)]",28
85,29,0,2,"[(4, 1), (4, 2)]",29
85,30,0,10,"[(4, 1), (4, 2)]",30
85,31,0,16,"[(4, 1), (4, 2)]",31
85,32,0,18,"[(4, 1), (4, 2)]",32
85,33,0,19,"[(4, 1), (4, 2)]",33
85,34,0,17,"[(4, 1), (4, 2)]",34
85,35,0,19,"[(4, 1), (4, 2)]",35
85,36,0,17,"[(4, 1), (4, 2)]",36
85,37,0,19,"[(4, 1), (4, 2)]",37
85,38,0,21,"[(4, 1), (4, 2)]",38
85,39,0,24,"[(4, 1), (4, 2)]",39
85,40,0,28,"[(4, 1), (4, 2)]",40
85,41,0,27,"[(4, 1), (4, 2)]",41
85,42,0,28,"[(4, 1), (4, 2)]",42
85,43,0,28,"[(4, 1), (4, 2)]",43
85,44,0,27,"[(4, 1), (4, 2)]",44
85,45,0,26,"[(4, 1), (4, 2)]",45
85,46,0,29,"[(4, 1), (4, 2)]",46
85,47,0,36,"[(4, 1), (4, 2)]",47
85,48,0,39,"[(4, 1), (4, 2)]",48
85,49,0,41,"[(4, 1), (4, 2)]",49
85,50,0,46,"[(4, 1), (4, 2)]",50
85,51,0,49,"[(4, 1), (4, 2)]",51
85,52,0,51,"[(4, 1), (4, 2)]",52
85,53,0,53,"[(4, 1), (4, 2)]",53
85,54,0,55,"[(4, 1), (4, 2)]",54
85,55,0,60,"[(4, 1), (4, 2)]",55
85,56,0,60,"[(4, 1), (4, 2)]",56
85,57,0,60,"[(4, 1), (4, 2)]",57
85,58,0,63,"[(4, 1), (4, 2)]",58
85,59,0,64,"[(4, 1), (4, 2)]",59
85,60,0,62,"[(4, 1), (4, 2)]",60
86,0,45,0,[],0
86,1,42,0,"[(4, 2)]",1
86,2,37,0,"[(4, 1), (4, 2)]",2
86,3,36,0,"[(4, 1), (4, 2)]",3
86,4,36,0,"[(4, 1), (4, 2)]",4
86,5,35,0,"[(4, 1), (4, 2)]",5
86,6,38,0,"[(4, 1), (4, 2)]",6
86,7,39,0,"[(4, 1), (4, 2)]",7
86,8,35,0,"[(4, 1), (4, 2)]",8
86,9,31,0,"[(4, 1), (4, 2)]",9
86,10,30,0,"[(4, 1), (4, 2)]",10
86,11,30,0,"[(4, 1), (4, 2)]",11
86,12,30,0,"[(4, 1), (4, 2)]",12
86,13,32,0,"[(4, 1), (4, 2)]",13
86,14,33,0,"[(4, 1), (4, 2)]",14
86,15,32,0,"[(4, 1), (4, 2)]",15
86,16,33,0,"[(4, 1), (4, 2)]",16
86,17,31,0,"[(4, 1), (4, 2)]",17
86,18,31,0,"[(4, 1), (4, 2)]",18
86,19,33,0,"[(4, 1), (4, 2)]",19
86,20,34,0,"[(4, 1), (4, 2)]",20
86,21,38,0,"[(4, 1), (4, 2)]",21
86,22,39,0,"[(4, 1), (4, 2)]",22
86,23,40,0,"[(4, 1), (4, 2)]",23
86,24,41,0,"[(4, 1), (4, 2)]",24
86,25,38,0,"[(4, 1), (4, 2)]",25
86,26,41,0,"[(4, 1), (4, 2)]",26
86,27,39,0,"[(4, 1), (4, 2)]",27
86,28,35,0,"[(4, 1), (4, 2)]",28
86,29,35,0,"[(4, 1), (4, 2)]",29
86,30,37,0,"[(4, 1), (4, 2)]",30
86,31,39,0,"[(4, 1), (4, 2)]",31
86,32,38,0,"[(4, 1), (4, 2)]",32
86,33,36,0,"[(4, 1), (4, 2)]",33
86,34,31,0,"[(4, 1), (4, 2)]",34
86,35,32,0,"[(4, 1), (4, 2)]",35
86,36,30,0,"[(4, 1), (4, 2)]",36
86,37,28,0,"[(4, 1), (4, 2)]",37
86,38,24,0,"[(4, 1), (4, 2)]",38
86,39,23,0,"[(4, 1), (4, 2)]",39
86,40,21,0,"[(4, 1), (4, 2)]",40
86,41,22,0,"[(4, 1), (4, 2)]",41
86,42,21,0,"[(4, 1), (4, 2)]",42
86,43,18,0,"[(4, 1), (4, 2)]",43
86,44,16,0,"[(4, 1), (4, 2)]",44
86,45,12,0,"[(4, 1), (4, 2)]",45
86,46,10,0,"[(4, 1), (4, 2)]",46
86,47,10,0,"[(4, 1), (4, 2)]",47
86,48,5,0,"[(4, 1), (4, 2)]",48
86,49,5,0,"[(4, 1), (4, 2)]",49
86,50,4,0,"[(4, 1), (4, 2)]",50
86,51,3,0,"[(4, 1), (4, 2)]",51
86,52,0,0,"[(4, 1), (4, 2)]",52
86,53,0,3,"[(4, 1), (4, 2)]",53
86,54,0,3,"[(4, 1), (4, 2)]",54
86,55,0,4,"[(4, 1), (4, 2)]",55
86,56,0,6,"[(4, 1), (4, 2)]",56
86,57,0,7,"[(4, 1), (4, 2)]",57
86,58,0,11,"[(4, 1), (4, 2)]",58
86,59,0,10,"[(4, 1), (4, 2)]",59
86,60,0,11,"[(4, 1), (4, 2)]",60
87,0,39,0,[],0
87,1,36,0,"[(4, 2)]",1
87,2,30,0,"[(4, 1), (4, 2)]",2
87,3,32,0,"[(4, 1), (4, 2)]",3
87,4,30,0,"[(4, 1), (4, 2)]",4
87,5,31,0,"[(4, 1), (4, 2)]",5
87,6,33,0,"[(4, 1), (4, 2)]",6
87,7,35,0,"[(4, 1), (4, 2)]",7
87,8,34,0,"[(4, 1), (4, 2)]",8
87,9,33,0,"[(4, 1), (4, 2)]",9
87,10,33,0,"[(4, 1), (4, 2)]",10
87,11,29,0,"[(4, 1), (4, 2)]",11
87,12,31,0,"[(4, 1), (4, 2)]",12
87,13,30,0,"[(4, 1), (4, 2)]",13
87,14,30,0,"[(4, 1), (4, 2)]",14
87,15,32,0,"[(4, 1), (4, 2)]",15
87,16,34,0,"[(4, 1), (4, 2)]",16
87,17,35,0,"[(4, 1), (4, 2)]",17
87,18,37,0,"[(4, 1), (4, 2)]",18
87,19,35,0,"[(4, 1), (4, 2)]",19
87,20,33,0,"[(4, 1), (4, 2)]",20
87,21,35,0,"[(4, 1), (4, 2)]",21
87,22,37,0,"[(4, 1), (4, 2)]",22
87,23,33,0,"[(4, 1), (4, 2)]",23
87,24,32,0,"[(4, 1), (4, 2)]",24
87,25,32,0,"[(4, 1), (4, 2)]",25
87,26,29,0,"[(4, 1), (4, 2)]",26
87,27,29,0,"[(4, 1), (4, 2)]",27
87,28,25,0,"[(4, 1), (4, 2)]",28
87,29,22,0,"[(4, 1), (4, 2)]",29
87,30,21,0,"[(4, 1), (4, 2)]",30
87,31,21,0,"[(4, 1), (4, 2)]",31
87,32,21,0,"[(4, 1), (4, 2)]",32
87,33,23,0,"[(4, 1), (4, 2)]",33
87,34,22,0,"[(4, 1), (4, 2)]",34
87,35,24,0,"[(4, 1), (4, 2)]",35
87,36,25,0,"[(4, 1), (4, 2)]",36
87,37,22,0,"[(4, 1), (4, 2)]",37
87,38,22,0,"[(4, 1), (4, 2)]",38
87,39,18,0,"[(4, 1), (4, 2)]",39
87,40,12,0,"[(4, 1), (4, 2)]",40
87,41,10,0,"[(4, 1), (4, 2)]",41
87,42,8,0,"[(4, 1), (4, 2)]",42
87,43,8,0,"[(4, 1), (4, 2)]",43
87,44,10,0,"[(4, 1), (4, 2)]",44
87,45,7,0,"[(4, 1), (4, 2)]",45
87,46,8,0,"[(4, 1), (4, 2)]",46
87,47,8,0,"[(4, 1), (4, 2)]",47
87,48,6,0,"[(4, 1), (4, 2)]",48
87,49,3,0,"[(4, 1), (4, 2)]",49
87,50,3,0,"[(4, 1), (4, 2)]",50
87,51,1,0,"[(4, 1), (4, 2)]",51
87,52,0,2,"[(4, 1), (4, 2)]",52
87,53,0,3,"[(4, 1), (4, 2)]",53
87,54,0,7,"[(4, 1), (4, 2)]",54
87,55,0,6,"[(4, 1), (4, 2)]",55
87,56,0,6,"[(4, 1), (4, 2)]",56
87,57,0,7,"[(4, 1), (4, 2)]",57
87,58,0,9,"[(4, 1), (4, 2)]",58
87,59,0,9,"[(4, 1), (4, 2)]",59
87,60,0,11,"[(4, 1), (4, 2)]",60
88,0,41,0,[],0
88,1,36,0,"[(4, 2)]",1
88,2,30,0,"[(4, 1), (4, 2)]",2
88,3,30,0,"[(4, 1), (4, 2)]",3
88,4,26,0,"[(4, 1), (4, 2)]",4
88,5,22,0,"[(4, 1), (4, 2)]",5
88,6,19,0,"[(4, 1), (4, 2)]",6
88,7,13,0,"[(4, 1), (4, 2)]",7
88,8,11,0,"[(4, 1), (4, 2)]",8
88,9,7,0,"[(4, 1), (4, 2)]",9
88,10,7,0,"[(4, 1), (4, 2)]",10
88,11,5,0,"[(4, 1), (4, 2)]",11
88,12,1,0,"[(4, 1), (4, 2)]",12
88,13,2,0,"[(4, 1), (4, 2)]",13
88,14,0,1,"[(4, 1), (4, 2)]",14
88,15,0,1,"[(4, 1), (4, 2)]",15
88,16,2,0,"[(4, 1), (4, 2)]",16
88,17,0,3,"[(4, 1), (4, 2)]",17
88,18,0,1,"[(4, 1), (4, 2)]",18
88,19,0,0,"[(4, 1), (4, 2)]",19
88,20,0,1,"[(4, 1), (4, 2)]",20
88,21,2,0,"[(4, 1), (4, 2)]",21
88,22,5,0,"[(4, 1), (4, 2)]",22
88,23,8,0,"[(4, 1), (4, 2)]",23
88,24,6,0,"[(4, 1), (4, 2)]",24
88,25,0,2,"[(4, 1), (4, 2)]",25
88,26,0,2,"[(4, 1), (4, 2)]",26
88,27,0,2,"[(4, 1), (4, 2)]",27
88,28,0,4,"[(4, 1), (4, 2)]",28
88,29,0,3,"[(4, 1), (4, 2)]",29
88,30,0,1,"[(4, 1), (4, 2)]",30
88,31,0,3,"[(4, 1), (4, 2)]",31
88,32,0,1,"[(4, 1), (4, 2)]",32
88,33,0,9,"[(4, 1), (4, 2)]",33
88,34,0,8,"[(4, 1), (4, 2)]",34
88,35,0,12,"[(4, 1), (4, 2)]",35
88,36,0,13,"[(4, 1), (4, 2)]",36
88,37,0,15,"[(4, 1), (4, 2)]",37
88,38,0,12,"[(4, 1), (4, 2)]",38
88,39,0,11,"[(4, 1), (4, 2)]",39
88,40,0,9,"[(4, 1), (4, 2)]",40
88,41,0,9,"[(4, 1), (4, 2)]",41
88,42,0,12,"[(4, 1), (4, 2)]",42
88,43,0,16,"[(4, 1), (4, 2)]",43
88,44,0,16,"[(4, 1), (4, 2)]",44
88,45,0,16,"[(4, 1), (4, 2)]",45
88,46,0,15,"[(4, 1), (4, 2)]",46
88,47,0,20,"[(4, 1), (4, 2)]",47
88,48,0,23,"[(4, 1), (4, 2)]",48
88,49,0,27,"[(4, 1), (4, 2)]",49
88,50,0,31,"[(4, 1), (4, 2)]",50
88,51,0,31,"[(4, 1), (4, 2)]",51
88,52,0,28,"[(4, 1), (4, 2)]",52
88,53,0,29,"[(4, 1), (4, 2)]",53
88,54,0,28,"[(4, 1), (4, 2)]",54
88,55,0,30,"[(4, 1), (4, 2)]",55
88,56,0,36,"[(4, 1), (4, 2)]",56
88,57,0,35,"[(4, 1), (4, 2)]",57
88,58,0,39,"[(4, 1), (4, 2)]",58
88,59,0,40,"[(4, 1), (4, 2)]",59
88,60,0,42,"[(4, 1), (4, 2)]",60
89,0,45,0,[],0
89,1,43,0,"[(4, 2)]",1
89,2,41,0,"[(4, 1), (4, 2)]",2
89,3,40,0,"[(4, 1), (4, 2)]",3
89,4,41,0,"[(4, 1), (4, 2)]",4
89,5,42,0,"[(4, 1), (4, 2)]",5
89,6,40,0,"[(4, 1), (4, 2)]",6
89,7,37,0,"[(4, 1), (4, 2)]",7
89,8,36,0,"[(4, 1), (4, 2)]",8
89,9,34,0,"[(4, 1), (4, 2)]",9
89,10,36,0,"[(4, 1), (4, 2)]",10
89,11,35,0,"[(4, 1), (4, 2)]",11
89,12,35,0,"[(4, 1), (4, 2)]",12
89,13,37,0,"[(4, 1), (4, 2)]",13
89,14,37,0,"[(4, 1), (4, 2)]",14
89,15,35,0,"[(4, 1), (4, 2)]",15
89,16,36,0,"[(4, 1), (4, 2)]",16
89,17,35,0,"[(4, 1), (4, 2)]",17
89,18,37,0,"[(4, 1), (4, 2)]",18
89,19,35,0,"[(4, 1), (4, 2)]",19
89,20,33,0,"[(4, 1), (4, 2)]",20
89,21,33,0,"[(4, 1), (4, 2)]",21
89,22,31,0,"[(4, 1), (4, 2)]",22
89,23,27,0,"[(4, 1), (4, 2)]",23
89,24,23,0,"[(4, 1), (4, 2)]",24
89,25,25,0,"[(4, 1), (4, 2)]",25
89,26,24,0,"[(4, 1), (4, 2)]",26
89,27,25,0,"[(4, 1), (4, 2)]",27
89,28,25,0,"[(4, 1), (4, 2)]",28
89,29,24,0,"[(4, 1), (4, 2)]",29
89,30,21,0,"[(4, 1), (4, 2)]",30
89,31,17,0,"[(4, 1), (4, 2)]",31
89,32,17,0,"[(4, 1), (4, 2)]",32
89,33,15,0,"[(4, 1), (4, 2)]",33
89,34,15,0,"[(4, 1), (4, 2)]",34
89,35,13,0,"[(4, 1), (4, 2)]",35
89,36,9,0,"[(4, 1), (4, 2)]",36
89,37,6,0,"[(4, 1), (4, 2)]",37
89,38,5,0,"[(4, 1), (4, 2)]",38
89,39,6,0,"[(4, 1), (4, 2)]",39
89,40,8,0,"[(4, 1), (4, 2)]",40
89,41,4,0,"[(4, 1), (4, 2)]",41
89,42,8,0,"[(4, 1), (4, 2)]",42
89,43,10,0,"[(4, 1), (4, 2)]",43
89,44,5,0,"[(4, 1), (4, 2)]",44
89,45,3,0,"[(4, 1), (4, 2)]",45
89,46,2,0,"[(4, 1), (4, 2)]",46
89,47,1,0,"[(4, 1), (4, 2)]",47
89,48,0,3,"[(4, 1), (4, 2)]",48
89,49,0,4,"[(4, 1), (4, 2)]",49
89,50,0,6,"[(4, 1), (4, 2)]",50
89,51,0,10,"[(4, 1), (4, 2)]",51
89,52,0,12,"[(4, 1), (4, 2)]",52
89,53,0,13,"[(4, 1), (4, 2)]",53
89,54,0,16,"[(4, 1), (4, 2)]",54
89,55,0,22,"[(4, 1), (4, 2)]",55
89,56,0,23,"[(4, 1), (4, 2)]",56
89,57,0,24,"[(4, 1), (4, 2)]",57
89,58,0,23,"[(4, 1), (4, 2)]",58
89,59,0,25,"[(4, 1), (4, 2)]",59
89,60,0,25,"[(4, 1), (4, 2)]",60
90,0,18,0,[],0
90,1,13,0,"[(4, 2)]",1
90,2,5,0,"[(4, 1), (4, 2)]",2
90,3,4,0,"[(4, 1), (4, 2)]",3
90,4,4,0,"[(4, 1), (4, 2)]",4
90,5,5,0,"[(4, 1), (4, 2)]",5
90,6,6,0,"[(4, 1), (4, 2)]",6
90,7,5,0,"[(4, 1), (4, 2)]",7
90,8,3,0,"[(4, 1), (4, 2)]",8
90,9,0,0,"[(4, 1), (4, 2)]",9
90,10,0,3,"[(4, 1), (4, 2)]",10
90,11,0,8,"[(4, 1), (4, 2)]",11
90,12,0,7,"[(4, 1), (4, 2)]",12
90,13,0,9,"[(4, 1), (4, 2)]",13
90,14,0,7,"[(4, 1), (4, 2)]",14
90,15,0,7,"[(4, 1), (4, 2)]",15
90,16,0,6,"[(4, 1), (4, 2)]",16
90,17,0,5,"[(4, 1), (4, 2)]",17
90,18,0,3,"[(4, 1), (4, 2)]",18
90,19,0,2,"[(4, 1), (4, 2)]",19
90,20,0,4,"[(4, 1), (4, 2)]",20
90,21,0,3,"[(4, 1), (4, 2)]",21
90,22,0,4,"[(4, 1), (4, 2)]",22
90,23,0,6,"[(4, 1), (4, 2)]",23
90,24,0,6,"[(4, 1), (4, 2)]",24
90,25,0,10,"[(4, 1), (4, 2)]",25
90,26,0,11,"[(4, 1), (4, 2)]",26
90,27,0,15,"[(4, 1), (4, 2)]",27
90,28,0,19,"[(4, 1), (4, 2)]",28
90,29,0,27,"[(4, 1), (4, 2)]",29
90,30,0,29,"[(4, 1), (4, 2)]",30
90,31,0,30,"[(4, 1), (4, 2)]",31
90,32,0,30,"[(4, 1), (4, 2)]",32
90,33,0,31,"[(4, 1), (4, 2)]",33
90,34,0,32,"[(4, 1), (4, 2)]",34
90,35,0,33,"[(4, 1), (4, 2)]",35
90,36,0,36,"[(4, 1), (4, 2)]",36
90,37,0,36,"[(4, 1), (4, 2)]",37
90,38,0,38,"[(4, 1), (4, 2)]",38
90,39,0,35,"[(4, 1), (4, 2)]",39
90,40,0,34,"[(4, 1), (4, 2)]",40
90,41,0,35,"[(4, 1), (4, 2)]",41
90,42,0,34,"[(4, 1), (4, 2)]",42
90,43,0,36,"[(4, 1), (4, 2)]",43
90,44,0,36,"[(4, 1), (4, 2)]",44
90,45,0,36,"[(4, 1), (4, 2)]",45
90,46,0,36,"[(4, 1), (4, 2)]",46
90,47,0,43,"[(4, 1), (4, 2)]",47
90,48,0,40,"[(4, 1), (4, 2)]",48
90,49,0,38,"[(4, 1), (4, 2)]",49
90,50,0,38,"[(4, 1), (4, 2)]",50
90,51,0,44,"[(4, 1), (4, 2)]",51
90,52,0,41,"[(4, 1), (4, 2)]",52
90,53,0,42,"[(4, 1), (4, 2)]",53
90,54,0,44,"[(4, 1), (4, 2)]",54
90,55,0,42,"[(4, 1), (4, 2)]",55
90,56,0,44,"[(4, 1), (4, 2)]",56
90,57,0,47,"[(4, 1), (4, 2)]",57
90,58,0,46,"[(4, 1), (4, 2)]",58
90,59,0,45,"[(4, 1), (4, 2)]",59
90,60,0,50,"[(4, 1), (4, 2)]",60
91,0,31,0,[],0
91,1,28,0,"[(4, 2)]",1
91,2,22,0,"[(4, 1), (4, 2)]",2
91,3,20,0,"[(4, 1), (4, 2)]",3
91,4,22,0,"[(4, 1), (4, 2)]",4
91,5,23,0,"[(4, 1), (4, 2)]",5
91,6,22,0,"[(4, 1), (4, 2)]",6
91,7,20,0,"[(4, 1), (4, 2)]",7
91,8,18,0,"[(4, 1), (4, 2)]",8
91,9,17,0,"[(4, 1), (4, 2)]",9
91,10,14,0,"[(4, 1), (4, 2)]",10
91,11,12,0,"[(4, 1), (4, 2)]",11
91,12,5,0,"[(4, 1), (4, 2)]",12
91,13,2,0,"[(4, 1), (4, 2)]",13
91,14,0,2,"[(4, 1), (4, 2)]",14
91,15,0,0,"[(4, 1), (4, 2)]",15
91,16,0,3,"[(4, 1), (4, 2)]",16
91,17,0,4,"[(4, 1), (4, 2)]",17
91,18,0,6,"[(4, 1), (4, 2)]",18
91,19,0,6,"[(4, 1), (4, 2)]",19
91,20,0,9,"[(4, 1), (4, 2)]",20
91,21,0,10,"[(4, 1), (4, 2)]",21
91,22,0,11,"[(4, 1), (4, 2)]",22
91,23,0,14,"[(4, 1), (4, 2)]",23
91,24,0,17,"[(4, 1), (4, 2)]",24
91,25,0,21,"[(4, 1), (4, 2)]",25
91,26,0,19,"[(4, 1), (4, 2)]",26
91,27,0,21,"[(4, 1), (4, 2)]",27
91,28,0,20,"[(4, 1), (4, 2)]",28
91,29,0,21,"[(4, 1), (4, 2)]",29
91,30,0,22,"[(4, 1), (4, 2)]",30
91,31,0,28,"[(4, 1), (4, 2)]",31
91,32,0,29,"[(4, 1), (4, 2)]",32
91,33,0,29,"[(4, 1), (4, 2)]",33
91,34,0,28,"[(4, 1), (4, 2)]",34
91,35,0,27,"[(4, 1), (4, 2)]",35
91,36,0,29,"[(4, 1), (4, 2)]",36
91,37,0,30,"[(4, 1), (4, 2)]",37
91,38,0,31,"[(4, 1), (4, 2)]",38
91,39,0,32,"[(4, 1), (4, 2)]",39
91,40,0,31,"[(4, 1), (4, 2)]",40
91,41,0,31,"[(4, 1), (4, 2)]",41
91,42,0,34,"[(4, 1), (4, 2)]",42
91,43,0,34,"[(4, 1), (4, 2)]",43
91,44,0,34,"[(4, 1), (4, 2)]",44
91,45,0,32,"[(4, 1), (4, 2)]",45
91,46,0,34,"[(4, 1), (4, 2)]",46
91,47,0,32,"[(4, 1), (4, 2)]",47
91,48,0,32,"[(4, 1), (4, 2)]",48
91,49,0,33,"[(4, 1), (4, 2)]",49
91,50,0,31,"[(4, 1), (4, 2)]",50
91,51,0,34,"[(4, 1), (4, 2)]",51
91,52,0,33,"[(4, 1), (4, 2)]",52
91,53,0,33,"[(4, 1), (4, 2)]",53
91,54,0,40,"[(4, 1), (4, 2)]",54
91,55,0,41,"[(4, 1), (4, 2)]",55
91,56,0,41,"[(4, 1), (4, 2)]",56
91,57,0,43,"[(4, 1), (4, 2)]",57
91,58,0,43,"[(4, 1), (4, 2)]",58
91,59,0,43,"[(4, 1), (4, 2)]",59
91,60,0,45,"[(4, 1), (4, 2)]",60
92,0,50,0,[],0
92,1,47,0,"[(4, 2)]",1
92,2,42,0,"[(4, 1), (4, 2)]",2
92,3,35,0,"[(4, 1), (4, 2)]",3
92,4,32,0,"[(4, 1), (4, 2)]",4
92,5,27,0,"[(4, 1), (4, 2)]",5
92,6,27,0,"[(4, 1), (4, 2)]",6
92,7,26,0,"[(4, 1), (4, 2)]",7
92,8,24,0,"[(4, 1), (4, 2)]",8
92,9,23,0,"[(4, 1), (4, 2)]",9
92,10,22,0,"[(4, 1), (4, 2)]",10
92,11,22,0,"[(4, 1), (4, 2)]",11
92,12,22,0,"[(4, 1), (4, 2)]",12
92,13,24,0,"[(4, 1), (4, 2)]",13
92,14,28,0,"[(4, 1), (4, 2)]",14
92,15,30,0,"[(4, 1), (4, 2)]",15
92,16,27,0,"[(4, 1), (4, 2)]",16
92,17,26,0,"[(4, 1), (4, 2)]",17
92,18,26,0,"[(4, 1), (4, 2)]",18
92,19,30,0,"[(4, 1), (4, 2)]",19
92,20,31,0,"[(4, 1), (4, 2)]",20
92,21,30,0,"[(4, 1), (4, 2)]",21
92,22,29,0,"[(4, 1), (4, 2)]",22
92,23,27,0,"[(4, 1), (4, 2)]",23
92,24,28,0,"[(4, 1), (4, 2)]",24
92,25,29,0,"[(4, 1), (4, 2)]",25
92,26,24,0,"[(4, 1), (4, 2)]",26
92,27,22,0,"[(4, 1), (4, 2)]",27
92,28,24,0,"[(4, 1), (4, 2)]",28
92,29,24,0,"[(4, 1), (4, 2)]",29
92,30,23,0,"[(4, 1), (4, 2)]",30
92,31,23,0,"[(4, 1), (4, 2)]",31
92,32,23,0,"[(4, 1), (4, 2)]",32
92,33,18,0,"[(4, 1), (4, 2)]",33
92,34,17,0,"[(4, 1), (4, 2)]",34
92,35,16,0,"[(4, 1), (4, 2)]",35
92,36,18,0,"[(4, 1), (4, 2)]",36
92,37,16,0,"[(4, 1), (4, 2)]",37
92,38,19,0,"[(4, 1), (4, 2)]",38
92,39,16,0,"[(4, 1), (4, 2)]",39
92,40,14,0,"[(4, 1), (4, 2)]",40
92,41,17,0,"[(4, 1), (4, 2)]",41
92,42,12,0,"[(4, 1), (4, 2)]",42
92,43,11,0,"[(4, 1), (4, 2)]",43
92,44,9,0,"[(4, 1), (4, 2)]",44
92,45,12,0,"[(4, 1), (4, 2)]",45
92,46,11,0,"[(4, 1), (4, 2)]",46
92,47,6,0,"[(4, 1), (4, 2)]",47
92,48,6,0,"[(4, 1), (4, 2)]",48
92,49,9,0,"[(4, 1), (4, 2)]",49
92,50,9,0,"[(4, 1), (4, 2)]",50
92,51,5,0,"[(4, 1), (4, 2)]",51
92,52,5,0,"[(4, 1), (4, 2)]",52
92,53,7,0,"[(4, 1), (4, 2)]",53
92,54,8,0,"[(4, 1), (4, 2)]",54
92,55,7,0,"[(4, 1), (4, 2)]",55
92,56,7,0,"[(4, 1), (4, 2)]",56
92,57,5,0,"[(4, 1), (4, 2)]",57
92,58,6,0,"[(4, 1), (4, 2)]",58
92,59,5,0,"[(4, 1), (4, 2)]",59
92,60,4,0,"[(4, 1), (4, 2)]",60
93,0,16,0,[],0
93,1,13,0,"[(4, 2)]",1
93,2,6,0,"[(4, 1), (4, 2)]",2
93,3,8,0,"[(4, 1), (4, 2)]",3
93,4,7,0,"[(4, 1), (4, 2)]",4
93,5,6,0,"[(4, 1), (4, 2)]",5
93,6,5,0,"[(4, 1), (4, 2)]",6
93,7,6,0,"[(4, 1), (4, 2)]",7
93,8,7,0,"[(4, 1), (4, 2)]",8
93,9,9,0,"[(4, 1), (4, 2)]",9
93,10,10,0,"[(4, 1), (4, 2)]",10
93,11,9,0,"[(4, 1), (4, 2)]",11
93,12,8,0,"[(4, 1), (4, 2)]",12
93,13,7,0,"[(4, 1), (4, 2)]",13
93,14,7,0,"[(4, 1), (4, 2)]",14
93,15,9,0,"[(4, 1), (4, 2)]",15
93,16,10,0,"[(4, 1), (4, 2)]",16
93,17,5,0,"[(4, 1), (4, 2)]",17
93,18,2,0,"[(4, 1), (4, 2)]",18
93,19,1,0,"[(4, 1), (4, 2)]",19
93,20,3,0,"[(4, 1), (4, 2)]",20
93,21,1,0,"[(4, 1), (4, 2)]",21
93,22,0,0,"[(4, 1), (4, 2)]",22
93,23,2,0,"[(4, 1), (4, 2)]",23
93,24,2,0,"[(4, 1), (4, 2)]",24
93,25,3,0,"[(4, 1), (4, 2)]",25
93,26,3,0,"[(4, 1), (4, 2)]",26
93,27,1,0,"[(4, 1), (4, 2)]",27
93,28,1,0,"[(4, 1), (4, 2)]",28
93,29,0,0,"[(4, 1), (4, 2)]",29
93,30,1,0,"[(4, 1), (4, 2)]",30
93,31,2,0,"[(4, 1), (4, 2)]",31
93,32,0,0,"[(4, 1), (4, 2)]",32
93,33,0,3,"[(4, 1), (4, 2)]",33
93,34,0,4,"[(4, 1), (4, 2)]",34
93,35,0,5,"[(4, 1), (4, 2)]",35
93,36,0,7,"[(4, 1), (4, 2)]",36
93,37,0,6,"[(4, 1), (4, 2)]",37
93,38,0,7,"[(4, 1), (4, 2)]",38
93,39,0,11,"[(4, 1), (4, 2)]",39
93,40,0,13,"[(4, 1), (4, 2)]",40
93,41,0,13,"[(4, 1), (4, 2)]",41
93,42,0,15,"[(4, 1), (4, 2)]",42
93,43,0,13,"[(4, 1), (4, 2)]",43
93,44,0,16,"[(4, 1), (4, 2)]",44
93,45,0,19,"[(4, 1), (4, 2)]",45
93,46,0,17,"[(4, 1), (4, 2)]",46
93,47,0,16,"[(4, 1), (4, 2)]",47
93,48,0,16,"[(4, 1), (4, 2)]",48
93,49,0,20,"[(4, 1), (4, 2)]",49
93,50,0,23,"[(4, 1), (4, 2)]",50
93,51,0,24,"[(4, 1), (4, 2)]",51
93,52,0,22,"[(4, 1), (4, 2)]",52
93,53,0,25,"[(4, 1), (4, 2)]",53
93,54,0,27,"[(4, 1), (4, 2)]",54
93,55,0,31,"[(4, 1), (4, 2)]",55
93,56,0,31,"[(4, 1), (4, 2)]",56
93,57,0,33,"[(4, 1), (4, 2)]",57
93,58,0,38,"[(4, 1), (4, 2)]",58
93,59,0,36,"[(4, 1), (4, 2)]",59
93,60,0,35,"[(4, 1), (4, 2)]",60
94,0,37,0,[],0
94,1,27,0,"[(4, 2)]",1
94,2,20,0,"[(4, 1), (4, 2)]",2
94,3,17,0,"[(4, 1), (4, 2)]",3
94,4,18,0,"[(4, 1), (4, 2)]",4
94,5,16,0,"[(4, 1), (4, 2)]",5
94,6,18,0,"[(4, 1), (4, 2)]",6
94,7,14,0,"[(4, 1), (4, 2)]",7
94,8,14,0,"[(4, 1), (4, 2)]",8
94,9,12,0,"[(4, 1), (4, 2)]",9
94,10,11,0,"[(4, 1), (4, 2)]",10
94,11,9,0,"[(4, 1), (4, 2)]",11
94,12,9,0,"[(4, 1), (4, 2)]",12
94,13,6,0,"[(4, 1), (4, 2)]",13
94,14,5,0,"[(4, 1), (4, 2)]",14
94,15,0,2,"[(4, 1), (4, 2)]",15
94,16,0,6,"[(4, 1), (4, 2)]",16
94,17,0,7,"[(4, 1), (4, 2)]",17
94,18,0,10,"[(4, 1), (4, 2)]",18
94,19,0,15,"[(4, 1), (4, 2)]",19
94,20,0,15,"[(4, 1), (4, 2)]",20
94,21,0,14,"[(4, 1), (4, 2)]",21
94,22,0,16,"[(4, 1), (4, 2)]",22
94,23,0,15,"[(4, 1), (4, 2)]",23
94,24,0,14,"[(4, 1), (4, 2)]",24
94,25,0,15,"[(4, 1), (4, 2)]",25
94,26,0,15,"[(4, 1), (4, 2)]",26
94,27,0,17,"[(4, 1), (4, 2)]",27
94,28,0,19,"[(4, 1), (4, 2)]",28
94,29,0,21,"[(4, 1), (4, 2)]",29
94,30,0,27,"[(4, 1), (4, 2)]",30
94,31,0,28,"[(4, 1), (4, 2)]",31
94,32,0,27,"[(4, 1), (4, 2)]",32
94,33,0,27,"[(4, 1), (4, 2)]",33
94,34,0,28,"[(4, 1), (4, 2)]",34
94,35,0,31,"[(4, 1), (4, 2)]",35
94,36,0,32,"[(4, 1), (4, 2)]",36
94,37,0,32,"[(4, 1), (4, 2)]",37
94,38,0,35,"[(4, 1), (4, 2)]",38
94,39,0,37,"[(4, 1), (4, 2)]",39
94,40,0,41,"[(4, 1), (4, 2)]",40
94,41,0,47,"[(4, 1), (4, 2)]",41
94,42,0,48,"[(4, 1), (4, 2)]",42
94,43,0,47,"[(4, 1), (4, 2)]",43
94,44,0,45,"[(4, 1), (4, 2)]",44
94,45,0,49,"[(4, 1), (4, 2)]",45
94,46,0,49,"[(4, 1), (4, 2)]",46
94,47,0,49,"[(4, 1), (4, 2)]",47
94,48,0,51,"[(4, 1), (4, 2)]",48
94,49,0,52,"[(4, 1), (4, 2)]",49
94,50,0,51,"[(4, 1), (4, 2)]",50
94,51,0,53,"[(4, 1), (4, 2)]",51
94,52,0,55,"[(4, 1), (4, 2)]",52
94,53,0,55,"[(4, 1), (4, 2)]",53
94,54,0,57,"[(4, 1), (4, 2)]",54
94,55,0,61,"[(4, 1), (4, 2)]",55
94,56,0,61,"[(4, 1), (4, 2)]",56
94,57,0,63,"[(4, 1), (4, 2)]",57
94,58,0,67,"[(4, 1), (4, 2)]",58
94,59,0,69,"[(4, 1), (4, 2)]",59
94,60,0,76,"[(4, 1), (4, 2)]",60
95,0,46,0,[],0
95,1,42,0,"[(4, 2)]",1
95,2,39,0,"[(4, 1), (4, 2)]",2
95,3,34,0,"[(4, 1), (4, 2)]",3
95,4,32,0,"[(4, 1), (4, 2)]",4
95,5,32,0,"[(4, 1), (4, 2)]",5
95,6,33,0,"[(4, 1), (4, 2)]",6
95,7,32,0,"[(4, 1), (4, 2)]",7
95,8,31,0,"[(4, 1), (4, 2)]",8
95,9,24,0,"[(4, 1), (4, 2)]",9
95,10,23,0,"[(4, 1), (4, 2)]",10
95,11,18,0,"[(4, 1), (4, 2)]",11
95,12,18,0,"[(4, 1), (4, 2)]",12
95,13,19,0,"[(4, 1), (4, 2)]",13
95,14,19,0,"[(4, 1), (4, 2)]",14
95,15,18,0,"[(4, 1), (4, 2)]",15
95,16,17,0,"[(4, 1), (4, 2)]",16
95,17,16,0,"[(4, 1), (4, 2)]",17
95,18,15,0,"[(4, 1), (4, 2)]",18
95,19,10,0,"[(4, 1), (4, 2)]",19
95,20,13,0,"[(4, 1), (4, 2)]",20
95,21,9,0,"[(4, 1), (4, 2)]",21
95,22,7,0,"[(4, 1), (4, 2)]",22
95,23,8,0,"[(4, 1), (4, 2)]",23
95,24,9,0,"[(4, 1), (4, 2)]",24
95,25,9,0,"[(4, 1), (4, 2)]",25
95,26,7,0,"[(4, 1), (4, 2)]",26
95,27,5,0,"[(4, 1), (4, 2)]",27
95,28,0,0,"[(4, 1), (4, 2)]",28
95,29,0,2,"[(4, 1), (4, 2)]",29
95,30,0,1,"[(4, 1), (4, 2)]",30
95,31,0,0,"[(4, 1), (4, 2)]",31
95,32,0,0,"[(4, 1), (4, 2)]",32
95,33,2,0,"[(4, 1), (4, 2)]",33
95,34,3,0,"[(4, 1), (4, 2)]",34
95,35,5,0,"[(4, 1), (4, 2)]",35
95,36,2,0,"[(4, 1), (4, 2)]",36
95,37,5,0,"[(4, 1), (4, 2)]",37
95,38,6,0,"[(4, 1), (4, 2)]",38
95,39,5,0,"[(4, 1), (4, 2)]",39
95,40,3,0,"[(4, 1), (4, 2)]",40
95,41,2,0,"[(4, 1), (4, 2)]",41
95,42,0,3,"[(4, 1), (4, 2)]",42
95,43,0,2,"[(4, 1), (4, 2)]",43
95,44,0,6,"[(4, 1), (4, 2)]",44
95,45,0,12,"[(4, 1), (4, 2)]",45
95,46,0,11,"[(4, 1), (4, 2)]",46
95,47,0,10,"[(4, 1), (4, 2)]",47
95,48,0,10,"[(4, 1), (4, 2)]",48
95,49,0,15,"[(4, 1), (4, 2)]",49
95,50,0,17,"[(4, 1), (4, 2)]",50
95,51,0,16,"[(4, 1), (4, 2)]",51
95,52,0,18,"[(4, 1), (4, 2)]",52
95,53,0,17,"[(4, 1), (4, 2)]",53
95,54,0,17,"[(4, 1), (4, 2)]",54
95,55,0,17,"[(4, 1), (4, 2)]",55
95,56,0,17,"[(4, 1), (4, 2)]",56
95,57,0,18,"[(4, 1), (4, 2)]",57
95,58,0,18,"[(4, 1), (4, 2)]",58
95,59,0,17,"[(4, 1), (4, 2)]",59
95,60,0,17,"[(4, 1), (4, 2)]",60
96,0,18,0,[],0
96,1,10,0,"[(4, 2)]",1
96,2,6,0,"[(4, 1), (4, 2)]",2
96,3,6,0,"[(4, 1), (4, 2)]",3
96,4,6,0,"[(4, 1), (4, 2)]",4
96,5,6,0,"[(4, 1), (4, 2)]",5
96,6,6,0,"[(4, 1), (4, 2)]",6
96,7,5,0,"[(4, 1), (4, 2)]",7
96,8,8,0,"[(4, 1), (4, 2)]",8
96,9,8,0,"[(4, 1), (4, 2)]",9
96,10,7,0,"[(4, 1), (4, 2)]",10
96,11,4,0,"[(4, 1), (4, 2)]",11
96,12,3,0,"[(4, 1), (4, 2)]",12
96,13,2,0,"[(4, 1), (4, 2)]",13
96,14,0,0,"[(4, 1), (4, 2)]",14
96,15,0,4,"[(4, 1), (4, 2)]",15
96,16,0,10,"[(4, 1), (4, 2)]",16
96,17,0,9,"[(4, 1), (4, 2)]",17
96,18,0,10,"[(4, 1), (4, 2)]",18
96,19,0,8,"[(4, 1), (4, 2)]",19
96,20,0,11,"[(4, 1), (4, 2)]",20
96,21,0,13,"[(4, 1), (4, 2)]",21
96,22,0,14,"[(4, 1), (4, 2)]",22
96,23,0,15,"[(4, 1), (4, 2)]",23
96,24,0,15,"[(4, 1), (4, 2)]",24
96,25,0,14,"[(4, 1), (4, 2)]",25
96,26,0,19,"[(4, 1), (4, 2)]",26
96,27,0,19,"[(4, 1), (4, 2)]",27
96,28,0,23,"[(4, 1), (4, 2)]",28
96,29,0,24,"[(4, 1), (4, 2)]",29
96,30,0,24,"[(4, 1), (4, 2)]",30
96,31,0,28,"[(4, 1), (4, 2)]",31
96,32,0,29,"[(4, 1), (4, 2)]",32
96,33,0,27,"[(4, 1), (4, 2)]",33
96,34,0,26,"[(4, 1), (4, 2)]",34
96,35,0,26,"[(4, 1), (4, 2)]",35
96,36,0,26,"[(4, 1), (4, 2)]",36
96,37,0,25,"[(4, 1), (4, 2)]",37
96,38,0,25,"[(4, 1), (4, 2)]",38
96,39,0,25,"[(4, 1), (4, 2)]",39
96,40,0,25,"[(4, 1), (4, 2)]",40
96,41,0,24,"[(4, 1), (4, 2)]",41
96,42,0,23,"[(4, 1), (4, 2)]",42
96,43,0,20,"[(4, 1), (4, 2)]",43
96,44,0,19,"[(4, 1), (4, 2)]",44
96,45,0,22,"[(4, 1), (4, 2)]",45
96,46,0,26,"[(4, 1), (4, 2)]",46
96,47,0,30,"[(4, 1), (4, 2)]",47
96,48,0,29,"[(4, 1), (4, 2)]",48
96,49,0,30,"[(4, 1), (4, 2)]",49
96,50,0,29,"[(4, 1), (4, 2)]",50
96,51,0,29,"[(4, 1), (4, 2)]",51
96,52,0,34,"[(4, 1), (4, 2)]",52
96,53,0,35,"[(4, 1), (4, 2)]",53
96,54,0,36,"[(4, 1), (4, 2)]",54
96,55,0,38,"[(4, 1), (4, 2)]",55
96,56,0,44,"[(4, 1), (4, 2)]",56
96,57,0,46,"[(4, 1), (4, 2)]",57
96,58,0,49,"[(4, 1), (4, 2)]",58
96,59,0,51,"[(4, 1), (4, 2)]",59
96,60,0,53,"[(4, 1), (4, 2)]",60
97,0,41,0,[],0
97,1,36,0,"[(4, 2)]",1
97,2,35,0,"[(4, 1), (4, 2)]",2
97,3,32,0,"[(4, 1), (4, 2)]",3
97,4,36,0,"[(4, 1), (4, 2)]",4
97,5,35,0,"[(4, 1), (4, 2)]",5
97,6,28,0,"[(4, 1), (4, 2)]",6
97,7,24,0,"[(4, 1), (4, 2)]",7
97,8,25,0,"[(4, 1), (4, 2)]",8
97,9,23,0,"[(4, 1), (4, 2)]",9
97,10,25,0,"[(4, 1), (4, 2)]",10
97,11,28,0,"[(4, 1), (4, 2)]",11
97,12,29,0,"[(4, 1), (4, 2)]",12
97,13,31,0,"[(4, 1), (4, 2)]",13
97,14,28,0,"[(4, 1), (4, 2)]",14
97,15,29,0,"[(4, 1), (4, 2)]",15
97,16,30,0,"[(4, 1), (4, 2)]",16
97,17,26,0,"[(4, 1), (4, 2)]",17
97,18,24,0,"[(4, 1), (4, 2)]",18
97,19,22,0,"[(4, 1), (4, 2)]",19
97,20,24,0,"[(4, 1), (4, 2)]",20
97,21,25,0,"[(4, 1), (4, 2)]",21
97,22,25,0,"[(4, 1), (4, 2)]",22
97,23,25,0,"[(4, 1), (4, 2)]",23
97,24,26,0,"[(4, 1), (4, 2)]",24
97,25,24,0,"[(4, 1), (4, 2)]",25
97,26,26,0,"[(4, 1), (4, 2)]",26
97,27,24,0,"[(4, 1), (4, 2)]",27
97,28,24,0,"[(4, 1), (4, 2)]",28
97,29,21,0,"[(4, 1), (4, 2)]",29
97,30,18,0,"[(4, 1), (4, 2)]",30
97,31,18,0,"[(4, 1), (4, 2)]",31
97,32,18,0,"[(4, 1), (4, 2)]",32
97,33,13,0,"[(4, 1), (4, 2)]",33
97,34,11,0,"[(4, 1), (4, 2)]",34
97,35,11,0,"[(4, 1), (4, 2)]",35
97,36,10,0,"[(4, 1), (4, 2)]",36
97,37,11,0,"[(4, 1), (4, 2)]",37
97,38,13,0,"[(4, 1), (4, 2)]",38
97,39,13,0,"[(4, 1), (4, 2)]",39
97,40,13,0,"[(4, 1), (4, 2)]",40
97,41,13,0,"[(4, 1), (4, 2)]",41
97,42,12,0,"[(4, 1), (4, 2)]",42
97,43,13,0,"[(4, 1), (4, 2)]",43
97,44,13,0,"[(4, 1), (4, 2)]",44
97,45,12,0,"[(4, 1), (4, 2)]",45
97,46,15,0,"[(4, 1), (4, 2)]",46
97,47,16,0,"[(4, 1), (4, 2)]",47
97,48,13,0,"[(4, 1), (4, 2)]",48
97,49,13,0,"[(4, 1), (4, 2)]",49
97,50,10,0,"[(4, 1), (4, 2)]",50
97,51,8,0,"[(4, 1), (4, 2)]",51
97,52,6,0,"[(4, 1), (4, 2)]",52
97,53,7,0,"[(4, 1), (4, 2)]",53
97,54,8,0,"[(4, 1), (4, 2)]",54
97,55,3,0,"[(4, 1), (4, 2)]",55
97,56,6,0,"[(4, 1), (4, 2)]",56
97,57,1,0,"[(4, 1), (4, 2)]",57
97,58,0,1,"[(4, 1), (4, 2)]",58
97,59,1,0,"[(4, 1), (4, 2)]",59
97,60,3,0,"[(4, 1), (4, 2)]",60
98,0,20,0,[],0
98,1,14,0,"[(4, 2)]",1
98,2,10,0,"[(4, 1), (4, 2)]",2
98,3,8,0,"[(4, 1), (4, 2)]",3
98,4,7,0,"[(4, 1), (4, 2)]",4
98,5,6,0,"[(4, 1), (4, 2)]",5
98,6,6,0,"[(4, 1), (4, 2)]",6
98,7,8,0,"[(4, 1), (4, 2)]",7
98,8,3,0,"[(4, 1), (4, 2)]",8
98,9,1,0,"[(4, 1), (4, 2)]",9
98,10,2,0,"[(4, 1), (4, 2)]",10
98,11,3,0,"[(4, 1), (4, 2)]",11
98,12,5,0,"[(4, 1), (4, 2)]",12
98,13,4,0,"[(4, 1), (4, 2)]",13
98,14,7,0,"[(4, 1), (4, 2)]",14
98,15,6,0,"[(4, 1), (4, 2)]",15
98,16,7,0,"[(4, 1), (4, 2)]",16
98,17,8,0,"[(4, 1), (4, 2)]",17
98,18,8,0,"[(4, 1), (4, 2)]",18
98,19,5,0,"[(4, 1), (4, 2)]",19
98,20,7,0,"[(4, 1), (4, 2)]",20
98,21,7,0,"[(4, 1), (4, 2)]",21
98,22,7,0,"[(4, 1), (4, 2)]",22
98,23,4,0,"[(4, 1), (4, 2)]",23
98,24,2,0,"[(4, 1), (4, 2)]",24
98,25,1,0,"[(4, 1), (4, 2)]",25
98,26,3,0,"[(4, 1), (4, 2)]",26
98,27,2,0,"[(4, 1), (4, 2)]",27
98,28,0,1,"[(4, 1), (4, 2)]",28
98,29,0,1,"[(4, 1), (4, 2)]",29
98,30,0,3,"[(4, 1), (4, 2)]",30
98,31,0,6,"[(4, 1), (4, 2)]",31
98,32,0,6,"[(4, 1), (4, 2)]",32
98,33,0,5,"[(4, 1), (4, 2)]",33
98,34,0,6,"[(4, 1), (4, 2)]",34
98,35,0,12,"[(4, 1), (4, 2)]",35
98,36,0,11,"[(4, 1), (4, 2)]",36
98,37,0,14,"[(4, 1), (4, 2)]",37
98,38,0,18,"[(4, 1), (4, 2)]",38
98,39,0,17,"[(4, 1), (4, 2)]",39
98,40,0,19,"[(4, 1), (4, 2)]",40
98,41,0,17,"[(4, 1), (4, 2)]",41
98,42,0,19,"[(4, 1), (4, 2)]",42
98,43,0,17,"[(4, 1), (4, 2)]",43
98,44,0,20,"[(4, 1), (4, 2)]",44
98,45,0,18,"[(4, 1), (4, 2)]",45
98,46,0,20,"[(4, 1), (4, 2)]",46
98,47,0,21,"[(4, 1), (4, 2)]",47
98,48,0,22,"[(4, 1), (4, 2)]",48
98,49,0,22,"[(4, 1), (4, 2)]",49
98,50,0,22,"[(4, 1), (4, 2)]",50
98,51,0,24,"[(4, 1), (4, 2)]",51
98,52,0,25,"[(4, 1), (4, 2)]",52
98,53,0,26,"[(4, 1), (4, 2)]",53
98,54,0,29,"[(4, 1), (4, 2)]",54
98,55,0,28,"[(4, 1), (4, 2)]",55
98,56,0,28,"[(4, 1), (4, 2)]",56
98,57,0,30,"[(4, 1), (4, 2)]",57
98,58,0,33,"[(4, 1), (4, 2)]",58
98,59,0,32,"[(4, 1), (4, 2)]",59
98,60,0,33,"[(4, 1), (4, 2)]",60
99,0,30,0,[],0
99,1,23,0,"[(4, 2)]",1
99,2,18,0,"[(4, 1), (4, 2)]",2
99,3,18,0,"[(4, 1), (4, 2)]",3
99,4,13,0,"[(4, 1), (4, 2)]",4
99,5,14,0,"[(4, 1), (4, 2)]",5
99,6,8,0,"[(4, 1), (4, 2)]",6
99,7,11,0,"[(4, 1), (4, 2)]",7
99,8,11,0,"[(4, 1), (4, 2)]",8
99,9,12,0,"[(4, 1), (4, 2)]",9
99,10,10,0,"[(4, 1), (4, 2)]",10
99,11,7,0,"[(4, 1), (4, 2)]",11
99,12,6,0,"[(4, 1), (4, 2)]",12
99,13,4,0,"[(4, 1), (4, 2)]",13
99,14,4,0,"[(4, 1), (4, 2)]",14
99,15,2,0,"[(4, 1), (4, 2)]",15
99,16,0,0,"[(4, 1), (4, 2)]",16
99,17,0,2,"[(4, 1), (4, 2)]",17
99,18,0,0,"[(4, 1), (4, 2)]",18
99,19,1,0,"[(4, 1), (4, 2)]",19
99,20,2,0,"[(4, 1), (4, 2)]",20
99,21,3,0,"[(4, 1), (4, 2)]",21
99,22,2,0,"[(4, 1), (4, 2)]",22
99,23,2,0,"[(4, 1), (4, 2)]",23
99,24,0,0,"[(4, 1), (4, 2)]",24
99,25,0,0,"[(4, 1), (4, 2)]",25
99,26,0,1,"[(4, 1), (4, 2)]",26
99,27,0,5,"[(4, 1), (4, 2)]",27
99,28,0,1,"[(4, 1), (4, 2)]",28
99,29,0,3,"[(4, 1), (4, 2)]",29
99,30,0,4,"[(4, 1), (4, 2)]",30
99,31,0,5,"[(4, 1), (4, 2)]",31
99,32,0,5,"[(4, 1), (4, 2)]",32
99,33,0,8,"[(4, 1), (4, 2)]",33
99,34,0,16,"[(4, 1), (4, 2)]",34
99,35,0,16,"[(4, 1), (4, 2)]",35
99,36,0,17,"[(4, 1), (4, 2)]",36
99,37,0,17,"[(4, 1), (4, 2)]",37
99,38,0,16,"[(4, 1), (4, 2)]",38
99,39,0,17,"[(4, 1), (4, 2)]",39
99,40,0,20,"[(4, 1), (4, 2)]",40
99,41,0,21,"[(4, 1), (4, 2)]",41
99,42,0,25,"[(4, 1), (4, 2)]",42
99,43,0,26,"[(4, 1), (4, 2)]",43
99,44,0,28,"[(4, 1), (4, 2)]",44
99,45,0,27,"[(4, 1), (4, 2)]",45
99,46,0,31,"[(4, 1), (4, 2)]",46
99,47,0,31,"[(4, 1), (4, 2)]",47
99,48,0,30,"[(4, 1), (4, 2)]",48
99,49,0,30,"[(4, 1), (4, 2)]",49
99,50,0,30,"[(4, 1), (4, 2)]",50
99,51,0,30,"[(4, 1), (4, 2)]",51
99,52,0,28,"[(4, 1), (4, 2)]",52
99,53,0,32,"[(4, 1), (4, 2)]",53
99,54,0,31,"[(4, 1), (4, 2)]",54
99,55,0,36,"[(4, 1), (4, 2)]",55
99,56,0,38,"[(4, 1), (4, 2)]",56
99,57,0,41,"[(4, 1), (4, 2)]",57
99,58,0,39,"[(4, 1), (4, 2)]",58
99,59,0,39,"[(4, 1), (4, 2)]",59
99,60,0,39,"[(4, 1), (4, 2)]",60
