day,agent_id,mask_wearing_status,risk_perception,social_influence
30,0,False,0.3536766572335658,0
30,1,False,0.2485580660782393,0
30,2,False,0.4159590873381714,0
30,3,False,0.1599675758099919,0
30,4,False,0.5502830780616322,0
30,5,False,0.110945287593398,0
30,6,False,0.5098966417920571,0
30,7,False,0.1772703794727445,0
30,8,False,0.1982904719133444,0
30,9,False,0.3762367882135499,0
30,10,False,0.5434668040445325,0
30,11,False,0.0847637629426502,0
30,12,False,0.3579287927839609,0
30,13,False,0.2733207739503824,0
30,14,False,0.1343761410948502,0
30,15,False,0.3532548500048075,0
30,16,False,0.1327901214327579,0
30,17,False,0.326434368425168,0
30,18,False,0.1658104012585459,0
30,19,False,0.207734214505591,0
30,20,False,0.2634084880828478,0
30,21,False,0.3900143303664891,0
30,22,False,0.1536454700072753,0
30,23,False,0.3055023511983206,0
30,24,False,0.203313881265596,0
30,25,False,0.1838768760882306,0
30,26,False,0.3678240872354807,0
30,27,False,0.2020967664638769,0
30,28,False,0.1863395045288194,0
30,29,False,0.2835202997539891,0
30,30,False,0.1003993030662121,0
30,31,False,0.207729389165234,0
30,32,False,0.3096377073595142,0
30,33,False,0.0443858001226034,0
30,34,False,0.1245792134455452,0
30,35,False,0.2110033201581862,0
30,36,False,0.3581887554246956,0
30,37,False,0.6522422663601021,0
30,38,False,0.1622660260567806,0
30,39,False,0.0694242954698856,0
30,40,False,0.076848080809821,0
30,41,False,0.1744335165862888,0
30,42,False,0.5434537469656785,0
30,43,False,0.0616539134466732,0
30,44,False,0.2356865066312641,0
30,45,False,0.3132941266752032,0
30,46,False,0.1525833147039861,0
30,47,False,0.3868863360183782,0
30,48,False,0.4845897602554896,0
30,49,False,0.0959387779732849,0
30,50,False,0.3662241584833629,0
30,51,False,0.2983728426907024,0
30,52,False,0.2237663665214278,0
30,53,False,0.1642916485213648,0
30,54,False,0.4613858274628866,0
30,55,False,0.0983214607503696,0
30,56,False,0.179247512983417,0
30,57,False,0.3430187325979972,0
30,58,False,0.2746698380360602,0
30,59,False,0.4432945779277498,0
30,60,False,0.1327244318952246,0
30,61,False,0.4006430877209991,0
30,62,False,0.3225960385009868,0
30,63,False,0.2923618255131976,0
30,64,False,0.1135769732526367,0
30,65,False,0.3415589572254627,0
30,66,False,0.1699958739594175,0
30,67,True,0.8014732049023443,0
30,68,False,0.1317706240875745,0
30,69,False,0.125499659191502,0
30,70,False,0.3370138954716539,0
30,71,False,0.0343986220052017,0
30,72,False,0.159377520333094,0
30,73,False,0.2615158445906097,0
30,74,False,0.2491194021961276,0
30,75,False,0.0685869246308145,0
30,76,False,0.4595064072499054,0
30,77,False,0.5414781386117564,0
30,78,False,0.2605960618109315,0
30,79,False,0.067535907483785,0
30,80,False,0.0467688349727268,0
30,81,False,0.127131476580951,0
30,82,False,0.3265987258278122,0
30,83,False,0.1191248654111389,0
30,84,False,0.1077670455014623,0
30,85,False,0.3246010263074086,0
30,86,False,0.2193544911847561,0
30,87,False,0.3047922320216946,0
30,88,False,0.403730071467841,0
30,89,False,0.1841289216978105,0
30,90,False,0.2344736594858819,0
30,91,False,0.175068748991844,0
30,92,False,0.2673316734797696,0
30,93,False,0.238699744225137,0
30,94,False,0.3257956107307604,0
30,95,False,0.4434878606676832,0
30,96,False,0.3855671372233749,0
30,97,False,0.0961525816865667,0
30,98,False,0.2089847738799713,0
30,99,False,0.1661962342804483,0
30,100,False,0.2272148735050511,0
30,101,False,0.4759204964642726,0
30,102,False,0.1158847910316493,0
30,103,False,0.1718540724955221,0
30,104,False,0.2409358088306848,0
30,105,False,0.1965854535395116,0
30,106,False,0.1545074012420307,0
30,107,False,0.3024753876496196,0
30,108,False,0.2628503990216566,0
30,109,False,0.1783854898271363,0
30,110,False,0.0714033686941217,0
30,111,False,0.3680479351839821,0
30,112,False,0.1650023992108502,0
30,113,True,0.6463769483914986,0
30,114,False,0.5031230845032987,0
30,115,False,0.4086469850455971,0
30,116,False,0.3784719386186747,0
30,117,False,0.4808171104256128,0
30,118,False,0.4501527714550122,0
30,119,False,0.3148546559271867,0
30,120,False,0.3458306244455384,0
30,121,False,0.5386521682270735,0
30,122,False,0.3061721796943814,0
30,123,False,0.145588134244425,0
30,124,False,0.4518857472364912,0
30,125,False,0.3599374248179245,0
30,126,False,0.061906433771692,0
30,127,False,0.2328545928203029,0
30,128,False,0.1920824664494293,0
30,129,False,0.5199092769591175,0
30,130,False,0.2201943740399156,0
30,131,False,0.1377202357514125,0
30,132,False,0.471971286182723,0
30,133,False,0.1588460545173127,0
30,134,False,0.0596894752708395,0
30,135,False,0.3408156596522683,0
30,136,False,0.3066486182634088,0
30,137,False,0.2789555071166884,0
30,138,False,0.3288097857207583,0
30,139,False,0.4064901896391388,0
30,140,False,0.3234596782435212,0
30,141,False,0.1813428850517404,0
30,142,False,0.110344420804029,0
30,143,False,0.0626113417445731,0
30,144,False,0.3893738659278771,0
30,145,False,0.2208119923981546,0
30,146,False,0.1705774606874289,0
30,147,False,0.0676360338470681,0
30,148,False,0.2063693713019656,0
30,149,False,0.3587901228827754,0
30,150,False,0.316899984774653,0
30,151,False,0.1365637082251592,0
30,152,False,0.2170837430502517,0
30,153,False,0.1363792431986001,0
30,154,False,0.0637349304068678,0
30,155,True,0.5785716282335199,0
30,156,False,0.1673754331871321,0
30,157,False,0.485750585203021,0
30,158,False,0.2231288814404552,0
30,159,False,0.3734488472849538,0
30,160,False,0.3866075694193058,0
30,161,False,0.2910392925454743,0
30,162,False,0.3584957567261279,0
30,163,False,0.3688485254461,0
30,164,False,0.4338558481917234,0
30,165,False,0.0593243266171532,0
30,166,False,0.1537383027458395,0
30,167,True,0.690927168796683,0
30,168,False,0.0492709683183529,0
30,169,False,0.1859158401713941,0
30,170,False,0.2715695031402613,0
30,171,False,0.3219105263709601,0
30,172,False,0.4820942894903152,0
30,173,False,0.319706275524256,0
30,174,False,0.4916099383257625,0
30,175,False,0.1841729708671041,0
30,176,False,0.0293922497739453,0
30,177,False,0.4383244007111607,0
30,178,False,0.2201991781916555,0
30,179,False,0.1272898020531447,0
30,180,False,0.5623099425360222,0
30,181,False,0.1351692568264888,0
30,182,False,0.1892652527031718,0
30,183,False,0.2788522124309327,0
30,184,False,0.2584988688589334,0
30,185,False,0.1713624183536284,0
30,186,False,0.3902904125361203,0
30,187,False,0.1388409287646581,0
30,188,False,0.4659217194194351,0
30,189,False,0.6157519764816631,0
30,190,False,0.3073799210471541,0
30,191,False,0.3116610941567272,0
30,192,False,0.1347012643177103,0
30,193,True,0.7239031844967967,0
30,194,False,0.1191002777077864,0
30,195,False,0.2853857889201115,0
30,196,False,0.514309690041867,0
30,197,False,0.15648979507517,0
30,198,False,0.2605575260313472,0
30,199,False,0.1398135905354235,0
30,200,False,0.388093991336372,0
30,201,False,0.4641645770320866,0
30,202,False,0.1284580477416679,0
30,203,False,0.0552063959733059,0
30,204,False,0.0172791270801268,0
30,205,False,0.1592498686850636,0
30,206,False,0.2667449952728772,0
30,207,False,0.529692033598347,0
30,208,False,0.3071017670062408,0
30,209,False,0.2504805636294226,0
30,210,False,0.4035583213875158,0
30,211,False,0.3696214928596068,0
30,212,False,0.2207809777676418,0
30,213,False,0.0907414859941739,0
30,214,False,0.4262985613707276,0
30,215,False,0.3076570372812911,0
30,216,False,0.0868688695425104,0
30,217,False,0.3198826790647721,0
30,218,False,0.1724594545811701,0
30,219,False,0.5236077465948994,0
30,220,False,0.144113060499894,0
30,221,False,0.4369016405600799,0
30,222,False,0.5620366156958401,0
30,223,False,0.2038808086447868,0
30,224,False,0.2652600697023149,0
30,225,False,0.342996453032718,0
30,226,False,0.3081745146780117,0
30,227,False,0.0784764086339576,0
30,228,False,0.2041784285394985,0
30,229,False,0.4675748017124985,0
30,230,False,0.2244438821429141,0
30,231,False,0.5642742600782021,0
30,232,False,0.4583638031993273,0
30,233,False,0.2287323521569573,0
30,234,False,0.1941625323271394,0
30,235,False,0.1140487847503583,0
30,236,False,0.1188638980722389,0
30,237,False,0.224300325608497,0
30,238,False,0.1748455929095408,0
30,239,False,0.2381018443075495,0
30,240,False,0.4379433493911621,0
30,241,False,0.3050820962749862,0
30,242,False,0.4110151238583872,0
30,243,False,0.2384113862023676,0
30,244,False,0.3055585620380799,0
30,245,False,0.2243119866738172,0
30,246,False,0.2283035041843001,0
30,247,True,0.601389322500987,0
30,248,False,0.1861016376343618,0
30,249,False,0.3322376533914182,0
30,250,False,0.1535906531023021,0
30,251,True,0.5895945688191788,0
30,252,False,0.1360111358496654,0
30,253,False,0.1452923245069306,0
30,254,False,0.4696325075583425,0
30,255,False,0.3470548878739906,0
30,256,False,0.2243778179558153,0
30,257,False,0.380680807328598,0
30,258,False,0.2527384697197175,0
30,259,False,0.1918417920208668,0
30,260,False,0.217770879130423,0
30,261,False,0.5469541833338392,0
30,262,False,0.4320278193633133,0
30,263,False,0.337528941637207,0
30,264,False,0.2801225539599779,0
30,265,False,0.2046927163646063,0
30,266,False,0.1978288911575661,0
30,267,False,0.4200987516052237,0
30,268,False,0.0945684310647346,0
30,269,False,0.0683369109310005,0
30,270,False,0.3733711511916154,0
30,271,False,0.1814974593978298,0
30,272,True,0.4688203508208859,0
30,273,False,0.4418376196321603,0
30,274,False,0.2731195652421582,0
30,275,False,0.4417392325829916,0
30,276,False,0.4514994659346463,0
30,277,False,0.5143025110676812,0
30,278,False,0.1984804228376855,0
30,279,False,0.0562449592429087,0
30,280,False,0.0130969161112021,0
30,281,False,0.4422153449338335,0
30,282,False,0.2563288233480382,0
30,283,False,0.1200803715075963,0
30,284,False,0.2906548683413762,0
30,285,False,0.248426499061781,0
30,286,False,0.273114962563885,0
30,287,False,0.2310327453733966,0
30,288,False,0.3977583849607771,0
30,289,False,0.1228099507461072,0
30,290,False,0.2443124657062036,0
30,291,False,0.1690550311731764,0
30,292,False,0.3630143517577401,0
30,293,False,0.1593915793032425,0
30,294,False,0.0980124610961424,0
30,295,False,0.325874443929199,0
30,296,False,0.3065108052415546,0
30,297,False,0.0767121836501658,0
30,298,False,0.4728620841435421,0
30,299,False,0.3157011011273116,0
30,300,False,0.2063096419420389,0
30,301,False,0.0386729386542437,0
30,302,False,0.4168670056078366,0
30,303,False,0.3052640817200645,0
30,304,False,0.360409463644948,0
30,305,False,0.3196523721264053,0
30,306,False,0.0603920315480385,0
30,307,False,0.2176756192715158,0
30,308,False,0.4233910425225104,0
30,309,False,0.0857535961606485,0
30,310,False,0.241142100263168,0
30,311,False,0.1068213695009309,0
30,312,False,0.3939974320667165,0
30,313,False,0.2557226333708657,0
30,314,False,0.3840811292272226,0
30,315,False,0.3661458059524538,0
30,316,False,0.5816434885743039,0
30,317,False,0.5621775612709531,0
30,318,False,0.0884444403006964,0
30,319,False,0.3446235300029249,0
30,320,False,0.6095654722173228,0
30,321,False,0.3141309765261968,0
30,322,False,0.6479463612947148,0
30,323,False,0.2265019195492524,0
30,324,False,0.4532267059451018,0
30,325,False,0.5996218506997747,0
30,326,False,0.1362318623539835,0
30,327,False,0.2361379497655822,0
30,328,False,0.6046614565204121,0
30,329,False,0.2920487185984639,0
30,330,False,0.4004222737895427,0
30,331,False,0.4507710944195557,0
30,332,False,0.1848018664101324,0
30,333,False,0.4101929338053977,0
30,334,False,0.34973434990572,0
30,335,False,0.1756191969893639,0
30,336,False,0.2052622268743936,0
30,337,False,0.6085560017364287,0
30,338,False,0.141658770535373,0
30,339,False,0.43593946275941,0
30,340,False,0.3082365330185971,0
30,341,False,0.4550063988010734,0
30,342,False,0.4275490847618506,0
30,343,False,0.2781861683282088,0
30,344,False,0.1852405523576611,0
30,345,False,0.5553171992560851,0
30,346,False,0.5031820579410835,0
30,347,False,0.3218467203585847,0
30,348,False,0.2940375021670958,0
30,349,False,0.1254493851034331,0
30,350,False,0.4444012505601111,0
30,351,False,0.5757688148776429,0
30,352,False,0.1238108655661201,0
30,353,False,0.1417424749206275,0
30,354,False,0.1872751990226918,0
30,355,False,0.1912672864319361,0
30,356,False,0.2750086185191396,0
30,357,False,0.2594732652222252,0
30,358,False,0.1160173375309619,0
30,359,False,0.5878548997680135,0
30,360,False,0.141844276079871,0
30,361,False,0.2670940915387836,0
30,362,False,0.1693494018369503,0
30,363,False,0.5051295998717548,0
30,364,False,0.2152263011559128,0
30,365,False,0.3026792843884116,0
30,366,True,0.6043368946581595,0
30,367,False,0.2264428247113664,0
30,368,False,0.3300102349170474,0
30,369,False,0.1552676357183774,0
30,370,False,0.2640383541633144,0
30,371,False,0.3870555710169233,0
30,372,False,0.1219581579427709,0
30,373,False,0.2307343681279402,0
30,374,False,0.3374328449762505,0
30,375,False,0.0724104629791323,0
30,376,False,0.3782207354851397,0
30,377,False,0.3194343997975769,0
30,378,False,0.1972597201780969,0
30,379,False,0.287172100514021,0
30,380,False,0.6008221918617068,0
30,381,False,0.0971226057228562,0
30,382,False,0.2750073539162113,0
30,383,True,0.5045933992123101,0
30,384,False,0.1595183596132539,0
30,385,False,0.2144434659745125,0
30,386,False,0.4631573276497399,0
30,387,False,0.278102406698222,0
30,388,False,0.185040538482732,0
30,389,False,0.1145555589074245,0
30,390,False,0.4228950555098883,0
30,391,False,0.6440679634524121,0
30,392,False,0.3083255266751108,0
30,393,False,0.4105774245043222,0
30,394,False,0.1960542058844075,0
30,395,False,0.1388747735087824,0
30,396,False,0.0985267612391955,0
30,397,False,0.3672611312390035,0
30,398,False,0.5073793345737749,0
30,399,False,0.2364619685412546,0
30,400,False,0.4056361401586,0
30,401,False,0.2649097709889378,0
30,402,False,0.3808117943964557,0
30,403,False,0.2253317470448952,0
30,404,False,0.0451536951706062,0
30,405,False,0.1643660328395617,0
30,406,False,0.1914306997277393,0
30,407,False,0.2616461141449531,0
30,408,False,0.3563937219389386,0
30,409,False,0.0807393667249193,0
30,410,False,0.1084574754788678,0
30,411,False,0.2455266465423252,0
30,412,False,0.5453972463065507,0
30,413,False,0.3355411391283527,0
30,414,False,0.1119325748862738,0
30,415,False,0.0786186195421999,0
30,416,False,0.2232495599779229,0
30,417,False,0.2393448930531098,0
30,418,False,0.4691650839986767,0
30,419,False,0.1093010128782776,0
30,420,False,0.350841738423868,0
30,421,False,0.1147332768168895,0
30,422,False,0.5209560844968074,0
30,423,False,0.4629191165410449,0
30,424,False,0.4458084306295856,0
30,425,False,0.4507456473585096,0
30,426,False,0.207768701685737,0
30,427,False,0.5530846398930729,0
30,428,False,0.2414057853315312,0
30,429,False,0.3521991446239845,0
30,430,False,0.5623335554103934,0
30,431,False,0.066028107172517,0
30,432,False,0.4780103627939779,0
30,433,False,0.3619557421910525,0
30,434,False,0.4016190764260652,0
30,435,False,0.1447690887902211,0
30,436,False,0.1485361833971406,0
30,437,False,0.2673122822770018,0
30,438,False,0.2665058948831771,0
30,439,False,0.2016844401116823,0
30,440,False,0.5191348577625704,0
30,441,False,0.0125769688314679,0
30,442,False,0.230059532111924,0
30,443,False,0.0891624767452996,0
30,444,False,0.5437183231209585,0
30,445,False,0.3380641675028336,0
30,446,False,0.2209937767876525,0
30,447,False,0.1223216696690601,0
30,448,False,0.327157746156919,0
30,449,False,0.0999748268202887,0
30,450,False,0.3375920398739411,0
30,451,True,0.5828544730774738,0
30,452,True,0.5490326088038333,0
30,453,False,0.1444002153105774,0
30,454,False,0.5397886850088234,0
30,455,False,0.0491039142380159,0
30,456,False,0.2269298672078842,0
30,457,False,0.1507116244682386,0
30,458,False,0.0397742668078514,0
30,459,False,0.4199586775519187,0
30,460,False,0.4703209324057288,0
30,461,False,0.4593225624256609,0
30,462,False,0.2928697416440324,0
30,463,False,0.3253208111970423,0
30,464,False,0.608299740483025,0
30,465,False,0.227995917813659,0
30,466,False,0.3285833899501695,0
30,467,False,0.188908839828141,0
30,468,True,0.4759491652842039,0
30,469,False,0.4619524675485082,0
30,470,False,0.3355219672420451,0
30,471,False,0.2913305263540643,0
30,472,False,0.3010360813901332,0
30,473,False,0.3271906689077269,0
30,474,False,0.0676409928670715,0
30,475,False,0.3328039645201829,0
30,476,True,0.5689403837780267,0
30,477,False,0.1687368232740908,0
30,478,False,0.3234785077429782,0
30,479,False,0.2595142364225923,0
30,480,False,0.2107341076181594,0
30,481,False,0.4454389315848823,0
30,482,False,0.1925251778170265,0
30,483,False,0.4215730229751968,0
30,484,False,0.3147556062634345,0
30,485,False,0.089175148068904,0
30,486,False,0.1813974974553684,0
30,487,False,0.2888520759798477,0
30,488,False,0.1912204640490106,0
30,489,False,0.254632025981011,0
30,490,False,0.2626091579593145,0
30,491,False,0.1868577020761625,0
30,492,False,0.1235656832485277,0
30,493,False,0.3590902667010948,0
30,494,False,0.0072479127321231,0
30,495,False,0.2254122917396397,0
30,496,False,0.3682584032090778,0
30,497,False,0.4700537573475749,0
30,498,False,0.2334079593854568,0
30,499,False,0.604550623924786,0
30,500,False,0.1116182558215075,0
30,501,False,0.2918006363881575,0
30,502,False,0.2436788503320043,0
30,503,False,0.0911729007382388,0
30,504,False,0.3423826121689441,0
30,505,False,0.2613583638874165,0
30,506,False,0.1054542174997974,0
30,507,False,0.3394195895177768,0
30,508,False,0.0667440465050857,0
30,509,False,0.3948447858495602,0
30,510,False,0.1701597344690188,0
30,511,True,0.6912093386389426,0
30,512,False,0.1701650430716366,0
30,513,False,0.259658072094199,0
30,514,False,0.3408592494335257,0
30,515,False,0.1936145912070428,0
30,516,False,0.4421189571746821,0
30,517,False,0.2918146343826823,0
30,518,False,0.0431616328618451,0
30,519,False,0.0852628517039114,0
30,520,False,0.4737658354893495,0
30,521,False,0.2739533039710695,0
30,522,False,0.2373952074488494,0
30,523,False,0.2670788820929144,0
30,524,False,0.1034879707346583,0
30,525,False,0.2279511321623418,0
30,526,False,0.2627333305254055,0
30,527,False,0.6891140409001313,0
30,528,False,0.2505649400674639,0
30,529,False,0.2446496929766223,0
30,530,False,0.2767384149382149,0
30,531,False,0.2722051205048573,0
30,532,False,0.2299484569093162,0
30,533,False,0.4257053209843408,0
30,534,False,0.2227111874163941,0
30,535,False,0.4773689304451496,0
30,536,False,0.2310129865169898,0
30,537,False,0.4314435361946498,0
30,538,False,0.3868797602101907,0
30,539,False,0.208678135078325,0
30,540,False,0.0900249981999672,0
30,541,False,0.6038569167009646,0
30,542,False,0.2265233252301209,0
30,543,False,0.3042970610133372,0
30,544,False,0.1646258613749868,0
30,545,False,0.1823972362349482,0
30,546,False,0.4766491048877699,0
30,547,False,0.5264086385938195,0
30,548,False,0.3609203123415569,0
30,549,False,0.2509553296201303,0
30,550,False,0.3835316726535463,0
30,551,False,0.1959117186620537,0
30,552,False,0.2976150813463317,0
30,553,False,0.1323735027451481,0
30,554,False,0.126311680440905,0
30,555,False,0.3547665226580853,0
30,556,False,0.3219807096428471,0
30,557,False,0.310809260614259,0
30,558,False,0.2266135263526242,0
30,559,False,0.3116613226660596,0
30,560,False,0.1721735905143979,0
30,561,False,0.0414669752128248,0
30,562,False,0.2761974130074415,0
30,563,False,0.094253560316938,0
30,564,False,0.4118445340829866,0
30,565,False,0.5157009792685964,0
30,566,False,0.6342283268293691,0
30,567,False,0.2717021731900056,0
30,568,False,0.1611555559536509,0
30,569,False,0.3019616530585536,0
30,570,False,0.2474761658633007,0
30,571,False,0.2773672197869529,0
30,572,False,0.4722249959604593,0
30,573,False,0.2190395136759253,0
30,574,False,0.2513040412624526,0
30,575,False,0.1344989142255937,0
30,576,False,0.2575375190463321,0
30,577,False,0.5758311543371692,0
30,578,False,0.1747889880746776,0
30,579,False,0.4404393990716352,0
30,580,False,0.239968723155057,0
30,581,False,0.4457504855829945,0
30,582,False,0.4181457323941839,0
30,583,False,0.1247787246488094,0
30,584,False,0.4135696874278296,0
30,585,False,0.0855221607194543,0
30,586,False,0.102384952851844,0
30,587,False,0.2285050887405005,0
30,588,False,0.5466614162505907,0
30,589,False,0.3510850322437097,0
30,590,False,0.1394105760462668,0
30,591,False,0.0536995154899485,0
30,592,False,0.3806987361056626,0
30,593,False,0.2794224044294483,0
30,594,False,0.3066911814390244,0
30,595,False,0.3430330836467324,0
30,596,True,0.476114544370721,0
30,597,False,0.2554704259647891,0
30,598,False,0.5012006017832084,0
30,599,False,0.154006662960799,0
30,600,False,0.0632323404051646,0
30,601,False,0.4483454588827538,0
30,602,False,0.1099758633977806,0
30,603,False,0.2998031027074426,0
30,604,False,0.5363077304756033,0
30,605,False,0.0670542699936395,0
30,606,False,0.3373425781481131,0
30,607,False,0.0616375155621336,0
30,608,False,0.2669105924136806,0
30,609,False,0.0146819331277921,0
30,610,False,0.0929129012701737,0
30,611,False,0.1620845901138898,0
30,612,False,0.0555877186492738,0
30,613,False,0.3628731421368042,0
30,614,False,0.326185553069642,0
30,615,False,0.5516768599767246,0
30,616,False,0.1099186560623747,0
30,617,False,0.2171848103951794,0
30,618,False,0.0782209788311515,0
30,619,False,0.1767688055025618,0
30,620,True,0.5954379734962468,0
30,621,False,0.3971726866093809,0
30,622,False,0.1055672064555032,0
30,623,False,0.0311859105555057,0
30,624,False,0.0279579619790819,0
30,625,False,0.3679765943353593,0
30,626,False,0.159129571300425,0
30,627,True,0.7380869638355531,0
30,628,False,0.2436991769678001,0
30,629,False,0.170977740591307,0
30,630,False,0.0807239819987891,0
30,631,False,0.4477791997522805,0
30,632,False,0.197351654715525,0
30,633,False,0.2614729695537015,0
30,634,False,0.2791904822094437,0
30,635,False,0.2492464228769708,0
30,636,False,0.3888004532026781,0
30,637,False,0.0898309777348184,0
30,638,False,0.2393537041475697,0
30,639,False,0.2004520499405746,0
30,640,False,0.4009969437535314,0
30,641,False,0.4674355152035755,0
30,642,False,0.1279157924541819,0
30,643,False,0.403734941984525,0
30,644,False,0.0894865576156005,0
30,645,False,0.2478156639906327,0
30,646,False,0.26449203451846,0
30,647,False,0.4549932251283338,0
30,648,False,0.3895079338725103,0
30,649,False,0.0971817728565808,0
30,650,False,0.3828986050331805,0
30,651,False,0.297838427885603,0
30,652,False,0.5903979088514874,0
30,653,False,0.1760983318750708,0
30,654,False,0.2144134952920709,0
30,655,True,0.6204682337798468,0
30,656,False,0.4872331449600042,0
30,657,False,0.0962069245149607,0
30,658,False,0.2496558034719668,0
30,659,False,0.341237799092246,0
30,660,False,0.4009150563139554,0
30,661,False,0.1179359076194324,0
30,662,True,0.5572754113921149,0
30,663,False,0.0629427880187678,0
30,664,False,0.1229522065476816,0
30,665,True,0.5302969759506505,0
30,666,False,0.2709993961105075,0
30,667,False,0.2770890275188418,0
30,668,False,0.301184192228817,0
30,669,False,0.1401494015576146,0
30,670,False,0.0737337849011167,0
30,671,False,0.3291565105170932,0
30,672,False,0.359768584824016,0
30,673,False,0.3097774732702404,0
30,674,False,0.180350414287884,0
30,675,False,0.1104932580161498,0
30,676,False,0.2268526189451653,0
30,677,True,0.6389059701703222,0
30,678,False,0.2431391535156832,0
30,679,False,0.2159680460480785,0
30,680,False,0.2485571743584797,0
30,681,False,0.2374704597128737,0
30,682,False,0.5319284493276698,0
30,683,False,0.3904389243462244,0
30,684,False,0.1697375890428857,0
30,685,False,0.204026175015018,0
30,686,False,0.2549263267105989,0
30,687,False,0.2890608269629373,0
30,688,False,0.1407896901376907,0
30,689,False,0.1884686348827569,0
30,690,False,0.5651992012277928,0
30,691,False,0.5441384134079766,0
30,692,False,0.2074958132489381,0
30,693,False,0.1937947313120766,0
30,694,False,0.3917365978571069,0
30,695,False,0.0549042835324885,0
30,696,False,0.513200034727355,0
30,697,False,0.1680138488305095,0
30,698,False,0.3498451382963249,0
30,699,False,0.0647089915680699,0
30,700,False,0.3992098512519557,0
30,701,False,0.3602074853627584,0
30,702,False,0.3368158164406375,0
30,703,False,0.1256675155755714,0
30,704,False,0.186745643052941,0
30,705,False,0.3090542956810058,0
30,706,False,0.1611047165510067,0
30,707,False,0.156019393834899,0
30,708,False,0.4891720840330514,0
30,709,False,0.0405952160464261,0
30,710,False,0.5013100171730703,0
30,711,False,0.125480123667906,0
30,712,False,0.3783262469877855,0
30,713,False,0.3222129037148611,0
30,714,False,0.1213622535720952,0
30,715,False,0.164766719941082,0
30,716,False,0.4210690230658028,0
30,717,False,0.2230656431040991,0
30,718,True,0.7475416808203147,0
30,719,False,0.1765326311521286,0
30,720,False,0.1693998756977423,0
30,721,False,0.1012367631091599,0
30,722,False,0.1552197678852778,0
30,723,False,0.2516719879928031,0
30,724,False,0.6988438963940432,0
30,725,False,0.1628761947287865,0
30,726,False,0.035861074519571,0
30,727,False,0.1868926162656133,0
30,728,False,0.2802197590789023,0
30,729,False,0.5039853388745347,0
30,730,False,0.2905356993774629,0
30,731,False,0.2137032540043945,0
30,732,False,0.1742040407701023,0
30,733,False,0.3991960073625363,0
30,734,False,0.2659319496638474,0
30,735,False,0.4020401338219225,0
30,736,False,0.1054043592980552,0
30,737,False,0.1896220786800948,0
30,738,False,0.3548328182831716,0
30,739,False,0.0785174307392475,0
30,740,False,0.123504889954708,0
30,741,False,0.2413778454503063,0
30,742,False,0.4688543103047804,0
30,743,False,0.5491671814360513,0
30,744,False,0.1320866566288173,0
30,745,False,0.2989363140201345,0
30,746,False,0.5146805029932751,0
30,747,False,0.4008971368260078,0
30,748,False,0.2842255949831302,0
30,749,False,0.317544110113382,0
30,750,False,0.1384834698703489,0
30,751,False,0.2009712364540103,0
30,752,False,0.2418896431622072,0
30,753,False,0.2295611941890383,0
30,754,False,0.2156860757163646,0
30,755,False,0.1231095801822028,0
30,756,False,0.5160624858560737,0
30,757,False,0.2623139249573352,0
30,758,False,0.2309942687514944,0
30,759,False,0.0959512859344814,0
30,760,False,0.340353357371217,0
30,761,False,0.1569467002743433,0
30,762,False,0.1620025771710848,0
30,763,False,0.1945993531314553,0
30,764,False,0.3889033363849212,0
30,765,False,0.3240072686151163,0
30,766,False,0.0569606868617727,0
30,767,False,0.5068443274386882,0
30,768,False,0.3043925052678168,0
30,769,False,0.2972452247392276,0
30,770,False,0.1367056096153261,0
30,771,False,0.4491401171221709,0
30,772,False,0.2518147960573942,0
30,773,False,0.1695139260731264,0
30,774,False,0.0801464927057364,0
30,775,False,0.2325370523553835,0
30,776,False,0.4841625365767797,0
30,777,False,0.1693257626556566,0
30,778,False,0.0747789270014016,0
30,779,False,0.1852423234921943,0
30,780,False,0.1679635137045052,0
30,781,False,0.2763354949660545,0
30,782,False,0.1309785515470798,0
30,783,False,0.1542500262093677,0
30,784,False,0.0899353835301188,0
30,785,False,0.3465590425511273,0
30,786,False,0.1649902537464189,0
30,787,False,0.1454381844637113,0
30,788,False,0.451163889216197,0
30,789,False,0.5292063498589319,0
30,790,False,0.3771771971387949,0
30,791,False,0.4977153092263308,0
30,792,False,0.4231845666292447,0
30,793,False,0.2173364748969555,0
30,794,False,0.1054974346874186,0
30,795,False,0.177115816076833,0
30,796,False,0.1560104234247701,0
30,797,False,0.3583027272484148,0
30,798,False,0.2382117203777517,0
30,799,False,0.0444376371349206,0
30,800,False,0.1774341564063493,0
30,801,False,0.0810503458688375,0
30,802,False,0.2332597297899884,0
30,803,False,0.4563029734443914,0
30,804,False,0.1109951227085874,0
30,805,False,0.524107383079782,0
30,806,False,0.2494485341513156,0
30,807,False,0.3576596696917246,0
30,808,False,0.1411241998676989,0
30,809,False,0.2562193556155805,0
30,810,False,0.5239791499617252,0
30,811,False,0.4819498063691885,0
30,812,False,0.2639644320402215,0
30,813,False,0.223514158884564,0
30,814,False,0.2764270470816738,0
30,815,False,0.321129255341407,0
30,816,False,0.557406885681536,0
30,817,False,0.1621890861748199,0
30,818,False,0.154807479392052,0
30,819,False,0.2096039228273493,0
30,820,False,0.1068665371877108,0
30,821,False,0.36441921405229,0
30,822,False,0.069854215232803,0
30,823,False,0.5752524381494896,0
30,824,False,0.2816515588456469,0
30,825,False,0.3794411536939451,0
30,826,False,0.0456596310029253,0
30,827,False,0.3907392159198113,0
30,828,False,0.3259029406210039,0
30,829,False,0.3450841502829877,0
30,830,False,0.2370136739010705,0
30,831,False,0.4243518655493258,0
30,832,False,0.1288120009908881,0
30,833,False,0.3299114686361586,0
30,834,False,0.0667555305661823,0
30,835,False,0.1057107830323264,0
30,836,False,0.5357995621053333,0
30,837,False,0.1595713437757506,0
30,838,False,0.1228798987176632,0
30,839,False,0.3099564477393267,0
30,840,False,0.5006741240171694,0
30,841,False,0.1925333812435086,0
30,842,True,0.6798139772747849,0
30,843,False,0.1658069239561412,0
30,844,False,0.445325731706341,0
30,845,False,0.2871034665903474,0
30,846,False,0.2051521024846308,0
30,847,False,0.3569482999794101,0
30,848,False,0.0872053159749631,0
30,849,False,0.23791157291652,0
30,850,False,0.2125906368597829,0
30,851,False,0.3380474712276761,0
30,852,False,0.2905275608427198,0
30,853,False,0.3479181328972756,0
30,854,False,0.4221996077051169,0
30,855,False,0.2424964231836355,0
30,856,False,0.3024763373927353,0
30,857,False,0.5685546252018754,0
30,858,False,0.2939324011203272,0
30,859,False,0.2371806947234474,0
30,860,False,0.4348483136027772,0
30,861,False,0.2476647534198212,0
30,862,False,0.5915252921662858,0
30,863,False,0.4941427378687356,0
30,864,False,0.1927509224419929,0
30,865,False,0.215708580571228,0
30,866,False,0.4548274324248505,0
30,867,False,0.432033472949111,0
30,868,False,0.4727380263938699,0
30,869,False,0.2538973946761992,0
30,870,False,0.2857213617632627,0
30,871,False,0.2317922806044498,0
30,872,False,0.2332041462800099,0
30,873,False,0.1697303259220881,0
30,874,False,0.4915121741124872,0
30,875,False,0.3319587751508012,0
30,876,False,0.3427031340245881,0
30,877,False,0.4732074603715058,0
30,878,False,0.057826174727944,0
30,879,False,0.3342823374545915,0
30,880,False,0.5055663733930453,0
30,881,False,0.1092677169367234,0
30,882,False,0.476371862104171,0
30,883,False,0.3351520189164386,0
30,884,False,0.3113112656037834,0
30,885,False,0.3156514521042243,0
30,886,False,0.1342593059642669,0
30,887,False,0.0426125165402731,0
30,888,False,0.4402492515093427,0
30,889,False,0.1195934956640864,0
30,890,False,0.2000779313230957,0
30,891,True,0.7007817975708072,0
30,892,False,0.2817555447671213,0
30,893,False,0.3492651154755515,0
30,894,False,0.183486628129589,0
30,895,True,0.5023166737897836,0
30,896,False,0.0624500784100217,0
30,897,False,0.4354437700393007,0
30,898,False,0.0920630148030118,0
30,899,False,0.6257518883853295,0
30,900,False,0.3770081169472025,0
30,901,False,0.1271719790497805,0
30,902,False,0.2743528735631583,0
30,903,False,0.3825666156869312,0
30,904,False,0.1784396198271592,0
30,905,False,0.2162905367743838,0
30,906,False,0.5209740341645329,0
30,907,False,0.279074004926693,0
30,908,False,0.4849887995749727,0
30,909,False,0.3481128642195799,0
30,910,False,0.3776973082787966,0
30,911,False,0.4552676384890686,0
30,912,False,0.564636774420852,0
30,913,False,0.1352549552408208,0
30,914,False,0.4189062970344011,0
30,915,True,0.6277239733678208,0
30,916,False,0.4233062618932802,0
30,917,False,0.3242865327317485,0
30,918,False,0.5237323534287259,0
30,919,False,0.6843643932117193,0
30,920,False,0.3592652758898438,0
30,921,False,0.3939614324212918,0
30,922,False,0.3799956547644613,0
30,923,False,0.0841743365393104,0
30,924,False,0.4372271147397712,0
30,925,False,0.0941077935758852,0
30,926,False,0.3982612864989766,0
30,927,False,0.0776550664575109,0
30,928,False,0.1282124549316295,0
30,929,False,0.2142506430565661,0
30,930,False,0.1898088523955465,0
30,931,False,0.449549690409468,0
30,932,False,0.2340831361350911,0
30,933,False,0.1004746869111375,0
30,934,False,0.1752910699720822,0
30,935,False,0.3112062459089998,0
30,936,False,0.3072581434169985,0
30,937,False,0.3162298390616307,0
30,938,False,0.4493230296578294,0
30,939,True,0.4992607592612914,0
30,940,False,0.3797328747609579,0
30,941,False,0.2587951204847887,0
30,942,False,0.217206502029108,0
30,943,False,0.6337271424536701,0
30,944,False,0.3024225452045582,0
30,945,False,0.353243831536729,0
30,946,False,0.1960088011812329,0
30,947,False,0.194604146338236,0
30,948,False,0.1201659626916901,0
30,949,False,0.2881738348704263,0
30,950,False,0.1945107684338112,0
30,951,False,0.2219017467003496,0
30,952,False,0.4924424140581507,0
30,953,False,0.0850659978225831,0
30,954,False,0.1707846803550596,0
30,955,False,0.3275299415979275,0
30,956,False,0.3146017534698956,0
30,957,False,0.5591300431761457,0
30,958,False,0.0569074657411333,0
30,959,False,0.5215862971395819,0
30,960,False,0.1109111744624726,0
30,961,False,0.2265228453079547,0
30,962,False,0.0823237952883983,0
30,963,False,0.0203376211117979,0
30,964,False,0.515099224706211,0
30,965,False,0.1524295832997067,0
30,966,False,0.401561690342304,0
30,967,False,0.1934741652155991,0
30,968,True,0.5676055160091945,0
30,969,False,0.207457529958512,0
30,970,False,0.2430327927543291,0
30,971,False,0.1686796225990403,0
30,972,False,0.1197872134843499,0
30,973,False,0.4281637369757693,0
30,974,False,0.2805328520070296,0
30,975,False,0.0255304591814648,0
30,976,True,0.5758838933798938,0
30,977,False,0.2466749134265328,0
30,978,False,0.1265914119379539,0
30,979,False,0.076905262823075,0
30,980,False,0.1317865994756037,0
30,981,False,0.3423522504030944,0
30,982,False,0.4422870444385288,0
30,983,False,0.2290208014335576,0
30,984,True,0.8133424050014515,0
30,985,False,0.2079234242657764,0
30,986,False,0.2608344425937606,0
30,987,False,0.1095262841662347,0
30,988,False,0.2508512520003949,0
30,989,False,0.4615262690501316,0
30,990,True,0.6224521206393593,0
30,991,False,0.3984798933684013,0
30,992,False,0.0587343222846886,0
30,993,False,0.0996858624336007,0
30,994,False,0.0587453867701584,0
30,995,False,0.1404948127964428,0
30,996,False,0.1813561796987826,0
30,997,False,0.1207732276954052,0
30,998,False,0.3803905055871858,0
30,999,False,0.115508747068787,0
31,0,False,0.3536766572335658,0
31,1,False,0.2485580660782393,0
31,2,False,0.4159590873381714,0
31,3,False,0.1599675758099919,0
31,4,False,0.5502830780616322,0
31,5,False,0.110945287593398,0
31,6,False,0.5098966417920571,0
31,7,False,0.1772703794727445,0
31,8,False,0.1982904719133444,0
31,9,False,0.3762367882135499,0
31,10,False,0.5434668040445325,0
31,11,False,0.0847637629426502,0
31,12,False,0.3579287927839609,0
31,13,False,0.2733207739503824,0
31,14,False,0.1343761410948502,0
31,15,False,0.3532548500048075,0
31,16,False,0.1327901214327579,0
31,17,False,0.326434368425168,0
31,18,False,0.1658104012585459,0
31,19,False,0.207734214505591,0
31,20,False,0.2634084880828478,0
31,21,False,0.3900143303664891,0
31,22,False,0.1536454700072753,0
31,23,False,0.3055023511983206,0
31,24,False,0.203313881265596,0
31,25,False,0.1838768760882306,0
31,26,False,0.3678240872354807,0
31,27,False,0.2020967664638769,0
31,28,False,0.1863395045288194,0
31,29,False,0.2835202997539891,0
31,30,False,0.1003993030662121,0
31,31,False,0.207729389165234,0
31,32,False,0.3096377073595142,0
31,33,False,0.0443858001226034,0
31,34,False,0.1245792134455452,0
31,35,False,0.2110033201581862,0
31,36,False,0.3581887554246956,0
31,37,False,0.6522422663601021,0
31,38,False,0.1622660260567806,0
31,39,False,0.0694242954698856,0
31,40,False,0.076848080809821,0
31,41,False,0.1744335165862888,0
31,42,False,0.5434537469656785,0
31,43,False,0.0616539134466732,0
31,44,False,0.2356865066312641,0
31,45,False,0.3132941266752032,0
31,46,False,0.1525833147039861,0
31,47,False,0.3868863360183782,0
31,48,False,0.4845897602554896,0
31,49,False,0.0959387779732849,0
31,50,False,0.3662241584833629,0
31,51,False,0.2983728426907024,0
31,52,False,0.2237663665214278,0
31,53,False,0.1642916485213648,0
31,54,False,0.4613858274628866,0
31,55,False,0.0983214607503696,0
31,56,False,0.179247512983417,0
31,57,False,0.3430187325979972,0
31,58,False,0.2746698380360602,0
31,59,False,0.4432945779277498,0
31,60,False,0.1327244318952246,0
31,61,False,0.4006430877209991,0
31,62,False,0.3225960385009868,0
31,63,False,0.2923618255131976,0
31,64,False,0.1135769732526367,0
31,65,False,0.3415589572254627,0
31,66,False,0.1699958739594175,0
31,67,True,0.8014732049023443,0
31,68,False,0.1317706240875745,0
31,69,False,0.125499659191502,0
31,70,False,0.3370138954716539,0
31,71,False,0.0343986220052017,0
31,72,False,0.159377520333094,0
31,73,False,0.2615158445906097,0
31,74,False,0.2491194021961276,0
31,75,False,0.0685869246308145,0
31,76,False,0.4595064072499054,0
31,77,False,0.5414781386117564,0
31,78,False,0.2605960618109315,0
31,79,False,0.067535907483785,0
31,80,False,0.0467688349727268,0
31,81,False,0.127131476580951,0
31,82,False,0.3265987258278122,0
31,83,False,0.1191248654111389,0
31,84,False,0.1077670455014623,0
31,85,False,0.3246010263074086,0
31,86,False,0.2193544911847561,0
31,87,False,0.3047922320216946,0
31,88,False,0.403730071467841,0
31,89,False,0.1841289216978105,0
31,90,False,0.2344736594858819,0
31,91,False,0.175068748991844,0
31,92,False,0.2673316734797696,0
31,93,False,0.238699744225137,0
31,94,False,0.3257956107307604,0
31,95,False,0.4434878606676832,0
31,96,False,0.3855671372233749,0
31,97,False,0.0961525816865667,0
31,98,False,0.2089847738799713,0
31,99,False,0.1661962342804483,0
31,100,False,0.2272148735050511,0
31,101,False,0.4759204964642726,0
31,102,False,0.1158847910316493,0
31,103,False,0.1718540724955221,0
31,104,False,0.2409358088306848,0
31,105,False,0.1965854535395116,0
31,106,False,0.1545074012420307,0
31,107,False,0.3024753876496196,0
31,108,False,0.2628503990216566,0
31,109,False,0.1783854898271363,0
31,110,False,0.0714033686941217,0
31,111,False,0.3680479351839821,0
31,112,False,0.1650023992108502,0
31,113,True,0.6463769483914986,0
31,114,False,0.5031230845032987,0
31,115,False,0.4086469850455971,0
31,116,False,0.3784719386186747,0
31,117,False,0.4808171104256128,0
31,118,False,0.4501527714550122,0
31,119,False,0.3148546559271867,0
31,120,False,0.3458306244455384,0
31,121,False,0.5386521682270735,0
31,122,False,0.3061721796943814,0
31,123,False,0.145588134244425,0
31,124,False,0.4518857472364912,0
31,125,False,0.3599374248179245,0
31,126,False,0.061906433771692,0
31,127,False,0.2328545928203029,0
31,128,False,0.1920824664494293,0
31,129,False,0.5199092769591175,0
31,130,False,0.2201943740399156,0
31,131,False,0.1377202357514125,0
31,132,False,0.471971286182723,0
31,133,False,0.1588460545173127,0
31,134,False,0.0596894752708395,0
31,135,False,0.3408156596522683,0
31,136,False,0.3066486182634088,0
31,137,False,0.2789555071166884,0
31,138,False,0.3288097857207583,0
31,139,False,0.4064901896391388,0
31,140,False,0.3234596782435212,0
31,141,False,0.1813428850517404,0
31,142,False,0.110344420804029,0
31,143,False,0.0626113417445731,0
31,144,False,0.3893738659278771,0
31,145,False,0.2208119923981546,0
31,146,False,0.1705774606874289,0
31,147,False,0.0676360338470681,0
31,148,False,0.2063693713019656,0
31,149,False,0.3587901228827754,0
31,150,False,0.316899984774653,0
31,151,False,0.1365637082251592,0
31,152,False,0.2170837430502517,0
31,153,False,0.1363792431986001,0
31,154,False,0.0637349304068678,0
31,155,False,0.5785716282335199,0
31,156,False,0.1673754331871321,0
31,157,False,0.485750585203021,0
31,158,False,0.2231288814404552,0
31,159,False,0.3734488472849538,0
31,160,False,0.3866075694193058,0
31,161,False,0.2910392925454743,0
31,162,False,0.3584957567261279,0
31,163,False,0.3688485254461,0
31,164,False,0.4338558481917234,0
31,165,False,0.0593243266171532,0
31,166,False,0.1537383027458395,0
31,167,True,0.690927168796683,0
31,168,False,0.0492709683183529,0
31,169,False,0.1859158401713941,0
31,170,False,0.2715695031402613,0
31,171,False,0.3219105263709601,0
31,172,False,0.4820942894903152,0
31,173,False,0.319706275524256,0
31,174,False,0.4916099383257625,0
31,175,False,0.1841729708671041,0
31,176,False,0.0293922497739453,0
31,177,False,0.4383244007111607,0
31,178,False,0.2201991781916555,0
31,179,False,0.1272898020531447,0
31,180,False,0.5623099425360222,0
31,181,False,0.1351692568264888,0
31,182,False,0.1892652527031718,0
31,183,False,0.2788522124309327,0
31,184,False,0.2584988688589334,0
31,185,False,0.1713624183536284,0
31,186,False,0.3902904125361203,0
31,187,False,0.1388409287646581,0
31,188,False,0.4659217194194351,0
31,189,False,0.6157519764816631,0
31,190,False,0.3073799210471541,0
31,191,False,0.3116610941567272,0
31,192,False,0.1347012643177103,0
31,193,True,0.7239031844967967,0
31,194,False,0.1191002777077864,0
31,195,False,0.2853857889201115,0
31,196,False,0.514309690041867,0
31,197,False,0.15648979507517,0
31,198,False,0.2605575260313472,0
31,199,False,0.1398135905354235,0
31,200,False,0.388093991336372,0
31,201,False,0.4641645770320866,0
31,202,False,0.1284580477416679,0
31,203,False,0.0552063959733059,0
31,204,False,0.0172791270801268,0
31,205,False,0.1592498686850636,0
31,206,False,0.2667449952728772,0
31,207,False,0.529692033598347,0
31,208,False,0.3071017670062408,0
31,209,False,0.2504805636294226,0
31,210,False,0.4035583213875158,0
31,211,False,0.3696214928596068,0
31,212,False,0.2207809777676418,0
31,213,False,0.0907414859941739,0
31,214,False,0.4262985613707276,0
31,215,False,0.3076570372812911,0
31,216,False,0.0868688695425104,0
31,217,False,0.3198826790647721,0
31,218,False,0.1724594545811701,0
31,219,False,0.5236077465948994,0
31,220,False,0.144113060499894,0
31,221,False,0.4369016405600799,0
31,222,False,0.5620366156958401,0
31,223,False,0.2038808086447868,0
31,224,False,0.2652600697023149,0
31,225,False,0.342996453032718,0
31,226,False,0.3081745146780117,0
31,227,False,0.0784764086339576,0
31,228,False,0.2041784285394985,0
31,229,False,0.4675748017124985,0
31,230,False,0.2244438821429141,0
31,231,False,0.5642742600782021,0
31,232,False,0.4583638031993273,0
31,233,False,0.2287323521569573,0
31,234,False,0.1941625323271394,0
31,235,False,0.1140487847503583,0
31,236,False,0.1188638980722389,0
31,237,False,0.224300325608497,0
31,238,False,0.1748455929095408,0
31,239,False,0.2381018443075495,0
31,240,False,0.4379433493911621,0
31,241,False,0.3050820962749862,0
31,242,False,0.4110151238583872,0
31,243,False,0.2384113862023676,0
31,244,False,0.3055585620380799,0
31,245,False,0.2243119866738172,0
31,246,False,0.2283035041843001,0
31,247,False,0.601389322500987,0
31,248,False,0.1861016376343618,0
31,249,False,0.3322376533914182,0
31,250,False,0.1535906531023021,0
31,251,True,0.5895945688191788,0
31,252,False,0.1360111358496654,0
31,253,False,0.1452923245069306,0
31,254,False,0.4696325075583425,0
31,255,False,0.3470548878739906,0
31,256,False,0.2243778179558153,0
31,257,False,0.380680807328598,0
31,258,False,0.2527384697197175,0
31,259,False,0.1918417920208668,0
31,260,False,0.217770879130423,0
31,261,False,0.5469541833338392,0
31,262,False,0.4320278193633133,0
31,263,False,0.337528941637207,0
31,264,False,0.2801225539599779,0
31,265,False,0.2046927163646063,0
31,266,False,0.1978288911575661,0
31,267,False,0.4200987516052237,0
31,268,False,0.0945684310647346,0
31,269,False,0.0683369109310005,0
31,270,False,0.3733711511916154,0
31,271,False,0.1814974593978298,0
31,272,False,0.4688203508208859,0
31,273,False,0.4418376196321603,0
31,274,False,0.2731195652421582,0
31,275,False,0.4417392325829916,0
31,276,False,0.4514994659346463,0
31,277,False,0.5143025110676812,0
31,278,False,0.1984804228376855,0
31,279,False,0.0562449592429087,0
31,280,False,0.0130969161112021,0
31,281,False,0.4422153449338335,0
31,282,False,0.2563288233480382,0
31,283,False,0.1200803715075963,0
31,284,False,0.2906548683413762,0
31,285,False,0.248426499061781,0
31,286,False,0.273114962563885,0
31,287,False,0.2310327453733966,0
31,288,False,0.3977583849607771,0
31,289,False,0.1228099507461072,0
31,290,False,0.2443124657062036,0
31,291,False,0.1690550311731764,0
31,292,False,0.3630143517577401,0
31,293,False,0.1593915793032425,0
31,294,False,0.0980124610961424,0
31,295,False,0.325874443929199,0
31,296,False,0.3065108052415546,0
31,297,False,0.0767121836501658,0
31,298,False,0.4728620841435421,0
31,299,False,0.3157011011273116,0
31,300,False,0.2063096419420389,0
31,301,False,0.0386729386542437,0
31,302,False,0.4168670056078366,0
31,303,False,0.3052640817200645,0
31,304,False,0.360409463644948,0
31,305,False,0.3196523721264053,0
31,306,False,0.0603920315480385,0
31,307,False,0.2176756192715158,0
31,308,False,0.4233910425225104,0
31,309,False,0.0857535961606485,0
31,310,False,0.241142100263168,0
31,311,False,0.1068213695009309,0
31,312,False,0.3939974320667165,0
31,313,False,0.2557226333708657,0
31,314,False,0.3840811292272226,0
31,315,False,0.3661458059524538,0
31,316,False,0.5816434885743039,0
31,317,False,0.5621775612709531,0
31,318,False,0.0884444403006964,0
31,319,False,0.3446235300029249,0
31,320,False,0.6095654722173228,0
31,321,False,0.3141309765261968,0
31,322,False,0.6479463612947148,0
31,323,False,0.2265019195492524,0
31,324,False,0.4532267059451018,0
31,325,False,0.5996218506997747,0
31,326,False,0.1362318623539835,0
31,327,False,0.2361379497655822,0
31,328,False,0.6046614565204121,0
31,329,False,0.2920487185984639,0
31,330,False,0.4004222737895427,0
31,331,False,0.4507710944195557,0
31,332,False,0.1848018664101324,0
31,333,False,0.4101929338053977,0
31,334,False,0.34973434990572,0
31,335,False,0.1756191969893639,0
31,336,False,0.2052622268743936,0
31,337,False,0.6085560017364287,0
31,338,False,0.141658770535373,0
31,339,False,0.43593946275941,0
31,340,False,0.3082365330185971,0
31,341,False,0.4550063988010734,0
31,342,False,0.4275490847618506,0
31,343,False,0.2781861683282088,0
31,344,False,0.1852405523576611,0
31,345,False,0.5553171992560851,0
31,346,False,0.5031820579410835,0
31,347,False,0.3218467203585847,0
31,348,False,0.2940375021670958,0
31,349,False,0.1254493851034331,0
31,350,False,0.4444012505601111,0
31,351,False,0.5757688148776429,0
31,352,False,0.1238108655661201,0
31,353,False,0.1417424749206275,0
31,354,False,0.1872751990226918,0
31,355,False,0.1912672864319361,0
31,356,False,0.2750086185191396,0
31,357,False,0.2594732652222252,0
31,358,False,0.1160173375309619,0
31,359,False,0.5878548997680135,0
31,360,False,0.141844276079871,0
31,361,False,0.2670940915387836,0
31,362,False,0.1693494018369503,0
31,363,False,0.5051295998717548,0
31,364,False,0.2152263011559128,0
31,365,False,0.3026792843884116,0
31,366,False,0.6043368946581595,0
31,367,False,0.2264428247113664,0
31,368,False,0.3300102349170474,0
31,369,False,0.1552676357183774,0
31,370,False,0.2640383541633144,0
31,371,False,0.3870555710169233,0
31,372,False,0.1219581579427709,0
31,373,False,0.2307343681279402,0
31,374,False,0.3374328449762505,0
31,375,False,0.0724104629791323,0
31,376,False,0.3782207354851397,0
31,377,False,0.3194343997975769,0
31,378,False,0.1972597201780969,0
31,379,False,0.287172100514021,0
31,380,False,0.6008221918617068,0
31,381,False,0.0971226057228562,0
31,382,False,0.2750073539162113,0
31,383,False,0.5045933992123101,0
31,384,False,0.1595183596132539,0
31,385,False,0.2144434659745125,0
31,386,False,0.4631573276497399,0
31,387,False,0.278102406698222,0
31,388,False,0.185040538482732,0
31,389,False,0.1145555589074245,0
31,390,False,0.4228950555098883,0
31,391,False,0.6440679634524121,0
31,392,False,0.3083255266751108,0
31,393,False,0.4105774245043222,0
31,394,False,0.1960542058844075,0
31,395,False,0.1388747735087824,0
31,396,False,0.0985267612391955,0
31,397,False,0.3672611312390035,0
31,398,False,0.5073793345737749,0
31,399,False,0.2364619685412546,0
31,400,False,0.4056361401586,0
31,401,False,0.2649097709889378,0
31,402,False,0.3808117943964557,0
31,403,False,0.2253317470448952,0
31,404,False,0.0451536951706062,0
31,405,False,0.1643660328395617,0
31,406,False,0.1914306997277393,0
31,407,False,0.2616461141449531,0
31,408,False,0.3563937219389386,0
31,409,False,0.0807393667249193,0
31,410,False,0.1084574754788678,0
31,411,False,0.2455266465423252,0
31,412,False,0.5453972463065507,0
31,413,False,0.3355411391283527,0
31,414,False,0.1119325748862738,0
31,415,False,0.0786186195421999,0
31,416,False,0.2232495599779229,0
31,417,False,0.2393448930531098,0
31,418,False,0.4691650839986767,0
31,419,False,0.1093010128782776,0
31,420,False,0.350841738423868,0
31,421,False,0.1147332768168895,0
31,422,False,0.5209560844968074,0
31,423,False,0.4629191165410449,0
31,424,False,0.4458084306295856,0
31,425,False,0.4507456473585096,0
31,426,False,0.207768701685737,0
31,427,False,0.5530846398930729,0
31,428,False,0.2414057853315312,0
31,429,False,0.3521991446239845,0
31,430,False,0.5623335554103934,0
31,431,False,0.066028107172517,0
31,432,False,0.4780103627939779,0
31,433,False,0.3619557421910525,0
31,434,False,0.4016190764260652,0
31,435,False,0.1447690887902211,0
31,436,False,0.1485361833971406,0
31,437,False,0.2673122822770018,0
31,438,False,0.2665058948831771,0
31,439,False,0.2016844401116823,0
31,440,False,0.5191348577625704,0
31,441,False,0.0125769688314679,0
31,442,False,0.230059532111924,0
31,443,False,0.0891624767452996,0
31,444,False,0.5437183231209585,0
31,445,False,0.3380641675028336,0
31,446,False,0.2209937767876525,0
31,447,False,0.1223216696690601,0
31,448,False,0.327157746156919,0
31,449,False,0.0999748268202887,0
31,450,False,0.3375920398739411,0
31,451,False,0.5828544730774738,0
31,452,False,0.5490326088038333,0
31,453,False,0.1444002153105774,0
31,454,False,0.5397886850088234,0
31,455,False,0.0491039142380159,0
31,456,False,0.2269298672078842,0
31,457,False,0.1507116244682386,0
31,458,False,0.0397742668078514,0
31,459,False,0.4199586775519187,0
31,460,False,0.4703209324057288,0
31,461,False,0.4593225624256609,0
31,462,False,0.2928697416440324,0
31,463,False,0.3253208111970423,0
31,464,False,0.608299740483025,0
31,465,False,0.227995917813659,0
31,466,False,0.3285833899501695,0
31,467,False,0.188908839828141,0
31,468,False,0.4759491652842039,0
31,469,False,0.4619524675485082,0
31,470,False,0.3355219672420451,0
31,471,False,0.2913305263540643,0
31,472,False,0.3010360813901332,0
31,473,False,0.3271906689077269,0
31,474,False,0.0676409928670715,0
31,475,False,0.3328039645201829,0
31,476,False,0.5689403837780267,0
31,477,False,0.1687368232740908,0
31,478,False,0.3234785077429782,0
31,479,False,0.2595142364225923,0
31,480,False,0.2107341076181594,0
31,481,False,0.4454389315848823,0
31,482,False,0.1925251778170265,0
31,483,False,0.4215730229751968,0
31,484,False,0.3147556062634345,0
31,485,False,0.089175148068904,0
31,486,False,0.1813974974553684,0
31,487,False,0.2888520759798477,0
31,488,False,0.1912204640490106,0
31,489,False,0.254632025981011,0
31,490,False,0.2626091579593145,0
31,491,False,0.1868577020761625,0
31,492,False,0.1235656832485277,0
31,493,False,0.3590902667010948,0
31,494,False,0.0072479127321231,0
31,495,False,0.2254122917396397,0
31,496,False,0.3682584032090778,0
31,497,False,0.4700537573475749,0
31,498,False,0.2334079593854568,0
31,499,False,0.604550623924786,0
31,500,False,0.1116182558215075,0
31,501,False,0.2918006363881575,0
31,502,False,0.2436788503320043,0
31,503,False,0.0911729007382388,0
31,504,False,0.3423826121689441,0
31,505,False,0.2613583638874165,0
31,506,False,0.1054542174997974,0
31,507,False,0.3394195895177768,0
31,508,False,0.0667440465050857,0
31,509,False,0.3948447858495602,0
31,510,False,0.1701597344690188,0
31,511,True,0.6912093386389426,0
31,512,False,0.1701650430716366,0
31,513,False,0.259658072094199,0
31,514,False,0.3408592494335257,0
31,515,False,0.1936145912070428,0
31,516,False,0.4421189571746821,0
31,517,False,0.2918146343826823,0
31,518,False,0.0431616328618451,0
31,519,False,0.0852628517039114,0
31,520,False,0.4737658354893495,0
31,521,False,0.2739533039710695,0
31,522,False,0.2373952074488494,0
31,523,False,0.2670788820929144,0
31,524,False,0.1034879707346583,0
31,525,False,0.2279511321623418,0
31,526,False,0.2627333305254055,0
31,527,False,0.6891140409001313,0
31,528,False,0.2505649400674639,0
31,529,False,0.2446496929766223,0
31,530,False,0.2767384149382149,0
31,531,False,0.2722051205048573,0
31,532,False,0.2299484569093162,0
31,533,False,0.4257053209843408,0
31,534,False,0.2227111874163941,0
31,535,False,0.4773689304451496,0
31,536,False,0.2310129865169898,0
31,537,False,0.4314435361946498,0
31,538,False,0.3868797602101907,0
31,539,False,0.208678135078325,0
31,540,False,0.0900249981999672,0
31,541,False,0.6038569167009646,0
31,542,False,0.2265233252301209,0
31,543,False,0.3042970610133372,0
31,544,False,0.1646258613749868,0
31,545,False,0.1823972362349482,0
31,546,False,0.4766491048877699,0
31,547,False,0.5264086385938195,0
31,548,False,0.3609203123415569,0
31,549,False,0.2509553296201303,0
31,550,False,0.3835316726535463,0
31,551,False,0.1959117186620537,0
31,552,False,0.2976150813463317,0
31,553,False,0.1323735027451481,0
31,554,False,0.126311680440905,0
31,555,False,0.3547665226580853,0
31,556,False,0.3219807096428471,0
31,557,False,0.310809260614259,0
31,558,False,0.2266135263526242,0
31,559,False,0.3116613226660596,0
31,560,False,0.1721735905143979,0
31,561,False,0.0414669752128248,0
31,562,False,0.2761974130074415,0
31,563,False,0.094253560316938,0
31,564,False,0.4118445340829866,0
31,565,False,0.5157009792685964,0
31,566,False,0.6342283268293691,0
31,567,False,0.2717021731900056,0
31,568,False,0.1611555559536509,0
31,569,False,0.3019616530585536,0
31,570,False,0.2474761658633007,0
31,571,False,0.2773672197869529,0
31,572,False,0.4722249959604593,0
31,573,False,0.2190395136759253,0
31,574,False,0.2513040412624526,0
31,575,False,0.1344989142255937,0
31,576,False,0.2575375190463321,0
31,577,False,0.5758311543371692,0
31,578,False,0.1747889880746776,0
31,579,False,0.4404393990716352,0
31,580,False,0.239968723155057,0
31,581,False,0.4457504855829945,0
31,582,False,0.4181457323941839,0
31,583,False,0.1247787246488094,0
31,584,False,0.4135696874278296,0
31,585,False,0.0855221607194543,0
31,586,False,0.102384952851844,0
31,587,False,0.2285050887405005,0
31,588,False,0.5466614162505907,0
31,589,False,0.3510850322437097,0
31,590,False,0.1394105760462668,0
31,591,False,0.0536995154899485,0
31,592,False,0.3806987361056626,0
31,593,False,0.2794224044294483,0
31,594,False,0.3066911814390244,0
31,595,False,0.3430330836467324,0
31,596,False,0.476114544370721,0
31,597,False,0.2554704259647891,0
31,598,False,0.5012006017832084,0
31,599,False,0.154006662960799,0
31,600,False,0.0632323404051646,0
31,601,False,0.4483454588827538,0
31,602,False,0.1099758633977806,0
31,603,False,0.2998031027074426,0
31,604,False,0.5363077304756033,0
31,605,False,0.0670542699936395,0
31,606,False,0.3373425781481131,0
31,607,False,0.0616375155621336,0
31,608,False,0.2669105924136806,0
31,609,False,0.0146819331277921,0
31,610,False,0.0929129012701737,0
31,611,False,0.1620845901138898,0
31,612,False,0.0555877186492738,0
31,613,False,0.3628731421368042,0
31,614,False,0.326185553069642,0
31,615,False,0.5516768599767246,0
31,616,False,0.1099186560623747,0
31,617,False,0.2171848103951794,0
31,618,False,0.0782209788311515,0
31,619,False,0.1767688055025618,0
31,620,True,0.5954379734962468,0
31,621,False,0.3971726866093809,0
31,622,False,0.1055672064555032,0
31,623,False,0.0311859105555057,0
31,624,False,0.0279579619790819,0
31,625,False,0.3679765943353593,0
31,626,False,0.159129571300425,0
31,627,True,0.7380869638355531,0
31,628,False,0.2436991769678001,0
31,629,False,0.170977740591307,0
31,630,False,0.0807239819987891,0
31,631,False,0.4477791997522805,0
31,632,False,0.197351654715525,0
31,633,False,0.2614729695537015,0
31,634,False,0.2791904822094437,0
31,635,False,0.2492464228769708,0
31,636,False,0.3888004532026781,0
31,637,False,0.0898309777348184,0
31,638,False,0.2393537041475697,0
31,639,False,0.2004520499405746,0
31,640,False,0.4009969437535314,0
31,641,False,0.4674355152035755,0
31,642,False,0.1279157924541819,0
31,643,False,0.403734941984525,0
31,644,False,0.0894865576156005,0
31,645,False,0.2478156639906327,0
31,646,False,0.26449203451846,0
31,647,False,0.4549932251283338,0
31,648,False,0.3895079338725103,0
31,649,False,0.0971817728565808,0
31,650,False,0.3828986050331805,0
31,651,False,0.297838427885603,0
31,652,False,0.5903979088514874,0
31,653,False,0.1760983318750708,0
31,654,False,0.2144134952920709,0
31,655,False,0.6204682337798468,0
31,656,False,0.4872331449600042,0
31,657,False,0.0962069245149607,0
31,658,False,0.2496558034719668,0
31,659,False,0.341237799092246,0
31,660,False,0.4009150563139554,0
31,661,False,0.1179359076194324,0
31,662,True,0.5572754113921149,0
31,663,False,0.0629427880187678,0
31,664,False,0.1229522065476816,0
31,665,False,0.5302969759506505,0
31,666,False,0.2709993961105075,0
31,667,False,0.2770890275188418,0
31,668,False,0.301184192228817,0
31,669,False,0.1401494015576146,0
31,670,False,0.0737337849011167,0
31,671,False,0.3291565105170932,0
31,672,False,0.359768584824016,0
31,673,False,0.3097774732702404,0
31,674,False,0.180350414287884,0
31,675,False,0.1104932580161498,0
31,676,False,0.2268526189451653,0
31,677,True,0.6389059701703222,0
31,678,False,0.2431391535156832,0
31,679,False,0.2159680460480785,0
31,680,False,0.2485571743584797,0
31,681,False,0.2374704597128737,0
31,682,False,0.5319284493276698,0
31,683,False,0.3904389243462244,0
31,684,False,0.1697375890428857,0
31,685,False,0.204026175015018,0
31,686,False,0.2549263267105989,0
31,687,False,0.2890608269629373,0
31,688,False,0.1407896901376907,0
31,689,False,0.1884686348827569,0
31,690,False,0.5651992012277928,0
31,691,False,0.5441384134079766,0
31,692,False,0.2074958132489381,0
31,693,False,0.1937947313120766,0
31,694,False,0.3917365978571069,0
31,695,False,0.0549042835324885,0
31,696,False,0.513200034727355,0
31,697,False,0.1680138488305095,0
31,698,False,0.3498451382963249,0
31,699,False,0.0647089915680699,0
31,700,False,0.3992098512519557,0
31,701,False,0.3602074853627584,0
31,702,False,0.3368158164406375,0
31,703,False,0.1256675155755714,0
31,704,False,0.186745643052941,0
31,705,False,0.3090542956810058,0
31,706,False,0.1611047165510067,0
31,707,False,0.156019393834899,0
31,708,False,0.4891720840330514,0
31,709,False,0.0405952160464261,0
31,710,False,0.5013100171730703,0
31,711,False,0.125480123667906,0
31,712,False,0.3783262469877855,0
31,713,False,0.3222129037148611,0
31,714,False,0.1213622535720952,0
31,715,False,0.164766719941082,0
31,716,False,0.4210690230658028,0
31,717,False,0.2230656431040991,0
31,718,True,0.7475416808203147,0
31,719,False,0.1765326311521286,0
31,720,False,0.1693998756977423,0
31,721,False,0.1012367631091599,0
31,722,False,0.1552197678852778,0
31,723,False,0.2516719879928031,0
31,724,False,0.6988438963940432,0
31,725,False,0.1628761947287865,0
31,726,False,0.035861074519571,0
31,727,False,0.1868926162656133,0
31,728,False,0.2802197590789023,0
31,729,False,0.5039853388745347,0
31,730,False,0.2905356993774629,0
31,731,False,0.2137032540043945,0
31,732,False,0.1742040407701023,0
31,733,False,0.3991960073625363,0
31,734,False,0.2659319496638474,0
31,735,False,0.4020401338219225,0
31,736,False,0.1054043592980552,0
31,737,False,0.1896220786800948,0
31,738,False,0.3548328182831716,0
31,739,False,0.0785174307392475,0
31,740,False,0.123504889954708,0
31,741,False,0.2413778454503063,0
31,742,False,0.4688543103047804,0
31,743,False,0.5491671814360513,0
31,744,False,0.1320866566288173,0
31,745,False,0.2989363140201345,0
31,746,False,0.5146805029932751,0
31,747,False,0.4008971368260078,0
31,748,False,0.2842255949831302,0
31,749,False,0.317544110113382,0
31,750,False,0.1384834698703489,0
31,751,False,0.2009712364540103,0
31,752,False,0.2418896431622072,0
31,753,False,0.2295611941890383,0
31,754,False,0.2156860757163646,0
31,755,False,0.1231095801822028,0
31,756,False,0.5160624858560737,0
31,757,False,0.2623139249573352,0
31,758,False,0.2309942687514944,0
31,759,False,0.0959512859344814,0
31,760,False,0.340353357371217,0
31,761,False,0.1569467002743433,0
31,762,False,0.1620025771710848,0
31,763,False,0.1945993531314553,0
31,764,False,0.3889033363849212,0
31,765,False,0.3240072686151163,0
31,766,False,0.0569606868617727,0
31,767,False,0.5068443274386882,0
31,768,False,0.3043925052678168,0
31,769,False,0.2972452247392276,0
31,770,False,0.1367056096153261,0
31,771,False,0.4491401171221709,0
31,772,False,0.2518147960573942,0
31,773,False,0.1695139260731264,0
31,774,False,0.0801464927057364,0
31,775,False,0.2325370523553835,0
31,776,False,0.4841625365767797,0
31,777,False,0.1693257626556566,0
31,778,False,0.0747789270014016,0
31,779,False,0.1852423234921943,0
31,780,False,0.1679635137045052,0
31,781,False,0.2763354949660545,0
31,782,False,0.1309785515470798,0
31,783,False,0.1542500262093677,0
31,784,False,0.0899353835301188,0
31,785,False,0.3465590425511273,0
31,786,False,0.1649902537464189,0
31,787,False,0.1454381844637113,0
31,788,False,0.451163889216197,0
31,789,False,0.5292063498589319,0
31,790,False,0.3771771971387949,0
31,791,False,0.4977153092263308,0
31,792,False,0.4231845666292447,0
31,793,False,0.2173364748969555,0
31,794,False,0.1054974346874186,0
31,795,False,0.177115816076833,0
31,796,False,0.1560104234247701,0
31,797,False,0.3583027272484148,0
31,798,False,0.2382117203777517,0
31,799,False,0.0444376371349206,0
31,800,False,0.1774341564063493,0
31,801,False,0.0810503458688375,0
31,802,False,0.2332597297899884,0
31,803,False,0.4563029734443914,0
31,804,False,0.1109951227085874,0
31,805,False,0.524107383079782,0
31,806,False,0.2494485341513156,0
31,807,False,0.3576596696917246,0
31,808,False,0.1411241998676989,0
31,809,False,0.2562193556155805,0
31,810,False,0.5239791499617252,0
31,811,False,0.4819498063691885,0
31,812,False,0.2639644320402215,0
31,813,False,0.223514158884564,0
31,814,False,0.2764270470816738,0
31,815,False,0.321129255341407,0
31,816,False,0.557406885681536,0
31,817,False,0.1621890861748199,0
31,818,False,0.154807479392052,0
31,819,False,0.2096039228273493,0
31,820,False,0.1068665371877108,0
31,821,False,0.36441921405229,0
31,822,False,0.069854215232803,0
31,823,False,0.5752524381494896,0
31,824,False,0.2816515588456469,0
31,825,False,0.3794411536939451,0
31,826,False,0.0456596310029253,0
31,827,False,0.3907392159198113,0
31,828,False,0.3259029406210039,0
31,829,False,0.3450841502829877,0
31,830,False,0.2370136739010705,0
31,831,False,0.4243518655493258,0
31,832,False,0.1288120009908881,0
31,833,False,0.3299114686361586,0
31,834,False,0.0667555305661823,0
31,835,False,0.1057107830323264,0
31,836,False,0.5357995621053333,0
31,837,False,0.1595713437757506,0
31,838,False,0.1228798987176632,0
31,839,False,0.3099564477393267,0
31,840,False,0.5006741240171694,0
31,841,False,0.1925333812435086,0
31,842,False,0.6798139772747849,0
31,843,False,0.1658069239561412,0
31,844,False,0.445325731706341,0
31,845,False,0.2871034665903474,0
31,846,False,0.2051521024846308,0
31,847,False,0.3569482999794101,0
31,848,False,0.0872053159749631,0
31,849,False,0.23791157291652,0
31,850,False,0.2125906368597829,0
31,851,False,0.3380474712276761,0
31,852,False,0.2905275608427198,0
31,853,False,0.3479181328972756,0
31,854,False,0.4221996077051169,0
31,855,False,0.2424964231836355,0
31,856,False,0.3024763373927353,0
31,857,False,0.5685546252018754,0
31,858,False,0.2939324011203272,0
31,859,False,0.2371806947234474,0
31,860,False,0.4348483136027772,0
31,861,False,0.2476647534198212,0
31,862,False,0.5915252921662858,0
31,863,False,0.4941427378687356,0
31,864,False,0.1927509224419929,0
31,865,False,0.215708580571228,0
31,866,False,0.4548274324248505,0
31,867,False,0.432033472949111,0
31,868,False,0.4727380263938699,0
31,869,False,0.2538973946761992,0
31,870,False,0.2857213617632627,0
31,871,False,0.2317922806044498,0
31,872,False,0.2332041462800099,0
31,873,False,0.1697303259220881,0
31,874,False,0.4915121741124872,0
31,875,False,0.3319587751508012,0
31,876,False,0.3427031340245881,0
31,877,False,0.4732074603715058,0
31,878,False,0.057826174727944,0
31,879,False,0.3342823374545915,0
31,880,False,0.5055663733930453,0
31,881,False,0.1092677169367234,0
31,882,False,0.476371862104171,0
31,883,False,0.3351520189164386,0
31,884,False,0.3113112656037834,0
31,885,False,0.3156514521042243,0
31,886,False,0.1342593059642669,0
31,887,False,0.0426125165402731,0
31,888,False,0.4402492515093427,0
31,889,False,0.1195934956640864,0
31,890,False,0.2000779313230957,0
31,891,True,0.7007817975708072,0
31,892,False,0.2817555447671213,0
31,893,False,0.3492651154755515,0
31,894,False,0.183486628129589,0
31,895,False,0.5023166737897836,0
31,896,False,0.0624500784100217,0
31,897,False,0.4354437700393007,0
31,898,False,0.0920630148030118,0
31,899,False,0.6257518883853295,0
31,900,False,0.3770081169472025,0
31,901,False,0.1271719790497805,0
31,902,False,0.2743528735631583,0
31,903,False,0.3825666156869312,0
31,904,False,0.1784396198271592,0
31,905,False,0.2162905367743838,0
31,906,False,0.5209740341645329,0
31,907,False,0.279074004926693,0
31,908,False,0.4849887995749727,0
31,909,False,0.3481128642195799,0
31,910,False,0.3776973082787966,0
31,911,False,0.4552676384890686,0
31,912,False,0.564636774420852,0
31,913,False,0.1352549552408208,0
31,914,False,0.4189062970344011,0
31,915,True,0.6277239733678208,0
31,916,False,0.4233062618932802,0
31,917,False,0.3242865327317485,0
31,918,False,0.5237323534287259,0
31,919,False,0.6843643932117193,0
31,920,False,0.3592652758898438,0
31,921,False,0.3939614324212918,0
31,922,False,0.3799956547644613,0
31,923,False,0.0841743365393104,0
31,924,False,0.4372271147397712,0
31,925,False,0.0941077935758852,0
31,926,False,0.3982612864989766,0
31,927,False,0.0776550664575109,0
31,928,False,0.1282124549316295,0
31,929,False,0.2142506430565661,0
31,930,False,0.1898088523955465,0
31,931,False,0.449549690409468,0
31,932,False,0.2340831361350911,0
31,933,False,0.1004746869111375,0
31,934,False,0.1752910699720822,0
31,935,False,0.3112062459089998,0
31,936,False,0.3072581434169985,0
31,937,False,0.3162298390616307,0
31,938,False,0.4493230296578294,0
31,939,False,0.4992607592612914,0
31,940,False,0.3797328747609579,0
31,941,False,0.2587951204847887,0
31,942,False,0.217206502029108,0
31,943,False,0.6337271424536701,0
31,944,False,0.3024225452045582,0
31,945,False,0.353243831536729,0
31,946,False,0.1960088011812329,0
31,947,False,0.194604146338236,0
31,948,False,0.1201659626916901,0
31,949,False,0.2881738348704263,0
31,950,False,0.1945107684338112,0
31,951,False,0.2219017467003496,0
31,952,False,0.4924424140581507,0
31,953,False,0.0850659978225831,0
31,954,False,0.1707846803550596,0
31,955,False,0.3275299415979275,0
31,956,False,0.3146017534698956,0
31,957,False,0.5591300431761457,0
31,958,False,0.0569074657411333,0
31,959,False,0.5215862971395819,0
31,960,False,0.1109111744624726,0
31,961,False,0.2265228453079547,0
31,962,False,0.0823237952883983,0
31,963,False,0.0203376211117979,0
31,964,False,0.515099224706211,0
31,965,False,0.1524295832997067,0
31,966,False,0.401561690342304,0
31,967,False,0.1934741652155991,0
31,968,True,0.5676055160091945,0
31,969,False,0.207457529958512,0
31,970,False,0.2430327927543291,0
31,971,False,0.1686796225990403,0
31,972,False,0.1197872134843499,0
31,973,False,0.4281637369757693,0
31,974,False,0.2805328520070296,0
31,975,False,0.0255304591814648,0
31,976,False,0.5758838933798938,0
31,977,False,0.2466749134265328,0
31,978,False,0.1265914119379539,0
31,979,False,0.076905262823075,0
31,980,False,0.1317865994756037,0
31,981,False,0.3423522504030944,0
31,982,False,0.4422870444385288,0
31,983,False,0.2290208014335576,0
31,984,True,0.8133424050014515,0
31,985,False,0.2079234242657764,0
31,986,False,0.2608344425937606,0
31,987,False,0.1095262841662347,0
31,988,False,0.2508512520003949,0
31,989,False,0.4615262690501316,0
31,990,False,0.6224521206393593,0
31,991,False,0.3984798933684013,0
31,992,False,0.0587343222846886,0
31,993,False,0.0996858624336007,0
31,994,False,0.0587453867701584,0
31,995,False,0.1404948127964428,0
31,996,False,0.1813561796987826,0
31,997,False,0.1207732276954052,0
31,998,False,0.3803905055871858,0
31,999,False,0.115508747068787,0
32,0,False,0.3536766572335658,0
32,1,False,0.2485580660782393,0
32,2,False,0.4159590873381714,0
32,3,False,0.1599675758099919,0
32,4,False,0.5502830780616322,0
32,5,False,0.110945287593398,0
32,6,False,0.5098966417920571,0
32,7,False,0.1772703794727445,0
32,8,False,0.1982904719133444,0
32,9,False,0.3762367882135499,0
32,10,False,0.5434668040445325,0
32,11,False,0.0847637629426502,0
32,12,False,0.3579287927839609,0
32,13,False,0.2733207739503824,0
32,14,False,0.1343761410948502,0
32,15,False,0.3532548500048075,0
32,16,False,0.1327901214327579,0
32,17,False,0.326434368425168,0
32,18,False,0.1658104012585459,0
32,19,False,0.207734214505591,0
32,20,False,0.2634084880828478,0
32,21,False,0.3900143303664891,0
32,22,False,0.1536454700072753,0
32,23,False,0.3055023511983206,0
32,24,False,0.203313881265596,0
32,25,False,0.1838768760882306,0
32,26,False,0.3678240872354807,0
32,27,False,0.2020967664638769,0
32,28,False,0.1863395045288194,0
32,29,False,0.2835202997539891,0
32,30,False,0.1003993030662121,0
32,31,False,0.207729389165234,0
32,32,False,0.3096377073595142,0
32,33,False,0.0443858001226034,0
32,34,False,0.1245792134455452,0
32,35,False,0.2110033201581862,0
32,36,False,0.3581887554246956,0
32,37,False,0.6522422663601021,0
32,38,False,0.1622660260567806,0
32,39,False,0.0694242954698856,0
32,40,False,0.076848080809821,0
32,41,False,0.1744335165862888,0
32,42,False,0.5434537469656785,0
32,43,False,0.0616539134466732,0
32,44,False,0.2356865066312641,0
32,45,False,0.3132941266752032,0
32,46,False,0.1525833147039861,0
32,47,False,0.3868863360183782,0
32,48,False,0.4845897602554896,0
32,49,False,0.0959387779732849,0
32,50,False,0.3662241584833629,0
32,51,False,0.2983728426907024,0
32,52,False,0.2237663665214278,0
32,53,False,0.1642916485213648,0
32,54,False,0.4613858274628866,0
32,55,False,0.0983214607503696,0
32,56,False,0.179247512983417,0
32,57,False,0.3430187325979972,0
32,58,False,0.2746698380360602,0
32,59,False,0.4432945779277498,0
32,60,False,0.1327244318952246,0
32,61,False,0.4006430877209991,0
32,62,False,0.3225960385009868,0
32,63,False,0.2923618255131976,0
32,64,False,0.1135769732526367,0
32,65,False,0.3415589572254627,0
32,66,False,0.1699958739594175,0
32,67,True,0.8014732049023443,0
32,68,False,0.1317706240875745,0
32,69,False,0.125499659191502,0
32,70,False,0.3370138954716539,0
32,71,False,0.0343986220052017,0
32,72,False,0.159377520333094,0
32,73,False,0.2615158445906097,0
32,74,False,0.2491194021961276,0
32,75,False,0.0685869246308145,0
32,76,False,0.4595064072499054,0
32,77,False,0.5414781386117564,0
32,78,False,0.2605960618109315,0
32,79,False,0.067535907483785,0
32,80,False,0.0467688349727268,0
32,81,False,0.127131476580951,0
32,82,False,0.3265987258278122,0
32,83,False,0.1191248654111389,0
32,84,False,0.1077670455014623,0
32,85,False,0.3246010263074086,0
32,86,False,0.2193544911847561,0
32,87,False,0.3047922320216946,0
32,88,False,0.403730071467841,0
32,89,False,0.1841289216978105,0
32,90,False,0.2344736594858819,0
32,91,False,0.175068748991844,0
32,92,False,0.2673316734797696,0
32,93,False,0.238699744225137,0
32,94,False,0.3257956107307604,0
32,95,False,0.4434878606676832,0
32,96,False,0.3855671372233749,0
32,97,False,0.0961525816865667,0
32,98,False,0.2089847738799713,0
32,99,False,0.1661962342804483,0
32,100,False,0.2272148735050511,0
32,101,False,0.4759204964642726,0
32,102,False,0.1158847910316493,0
32,103,False,0.1718540724955221,0
32,104,False,0.2409358088306848,0
32,105,False,0.1965854535395116,0
32,106,False,0.1545074012420307,0
32,107,False,0.3024753876496196,0
32,108,False,0.2628503990216566,0
32,109,False,0.1783854898271363,0
32,110,False,0.0714033686941217,0
32,111,False,0.3680479351839821,0
32,112,False,0.1650023992108502,0
32,113,True,0.6463769483914986,0
32,114,False,0.5031230845032987,0
32,115,False,0.4086469850455971,0
32,116,False,0.3784719386186747,0
32,117,False,0.4808171104256128,0
32,118,False,0.4501527714550122,0
32,119,False,0.3148546559271867,0
32,120,False,0.3458306244455384,0
32,121,False,0.5386521682270735,0
32,122,False,0.3061721796943814,0
32,123,False,0.145588134244425,0
32,124,False,0.4518857472364912,0
32,125,False,0.3599374248179245,0
32,126,False,0.061906433771692,0
32,127,False,0.2328545928203029,0
32,128,False,0.1920824664494293,0
32,129,False,0.5199092769591175,0
32,130,False,0.2201943740399156,0
32,131,False,0.1377202357514125,0
32,132,False,0.471971286182723,0
32,133,False,0.1588460545173127,0
32,134,False,0.0596894752708395,0
32,135,False,0.3408156596522683,0
32,136,False,0.3066486182634088,0
32,137,False,0.2789555071166884,0
32,138,False,0.3288097857207583,0
32,139,False,0.4064901896391388,0
32,140,False,0.3234596782435212,0
32,141,False,0.1813428850517404,0
32,142,False,0.110344420804029,0
32,143,False,0.0626113417445731,0
32,144,False,0.3893738659278771,0
32,145,False,0.2208119923981546,0
32,146,False,0.1705774606874289,0
32,147,False,0.0676360338470681,0
32,148,False,0.2063693713019656,0
32,149,False,0.3587901228827754,0
32,150,False,0.316899984774653,0
32,151,False,0.1365637082251592,0
32,152,False,0.2170837430502517,0
32,153,False,0.1363792431986001,0
32,154,False,0.0637349304068678,0
32,155,False,0.5785716282335199,0
32,156,False,0.1673754331871321,0
32,157,False,0.485750585203021,0
32,158,False,0.2231288814404552,0
32,159,False,0.3734488472849538,0
32,160,False,0.3866075694193058,0
32,161,False,0.2910392925454743,0
32,162,False,0.3584957567261279,0
32,163,False,0.3688485254461,0
32,164,False,0.4338558481917234,0
32,165,False,0.0593243266171532,0
32,166,False,0.1537383027458395,0
32,167,True,0.690927168796683,0
32,168,False,0.0492709683183529,0
32,169,False,0.1859158401713941,0
32,170,False,0.2715695031402613,0
32,171,False,0.3219105263709601,0
32,172,False,0.4820942894903152,0
32,173,False,0.319706275524256,0
32,174,False,0.4916099383257625,0
32,175,False,0.1841729708671041,0
32,176,False,0.0293922497739453,0
32,177,False,0.4383244007111607,0
32,178,False,0.2201991781916555,0
32,179,False,0.1272898020531447,0
32,180,False,0.5623099425360222,0
32,181,False,0.1351692568264888,0
32,182,False,0.1892652527031718,0
32,183,False,0.2788522124309327,0
32,184,False,0.2584988688589334,0
32,185,False,0.1713624183536284,0
32,186,False,0.3902904125361203,0
32,187,False,0.1388409287646581,0
32,188,False,0.4659217194194351,0
32,189,False,0.6157519764816631,0
32,190,False,0.3073799210471541,0
32,191,False,0.3116610941567272,0
32,192,False,0.1347012643177103,0
32,193,True,0.7239031844967967,0
32,194,False,0.1191002777077864,0
32,195,False,0.2853857889201115,0
32,196,False,0.514309690041867,0
32,197,False,0.15648979507517,0
32,198,False,0.2605575260313472,0
32,199,False,0.1398135905354235,0
32,200,False,0.388093991336372,0
32,201,False,0.4641645770320866,0
32,202,False,0.1284580477416679,0
32,203,False,0.0552063959733059,0
32,204,False,0.0172791270801268,0
32,205,False,0.1592498686850636,0
32,206,False,0.2667449952728772,0
32,207,False,0.529692033598347,0
32,208,False,0.3071017670062408,0
32,209,False,0.2504805636294226,0
32,210,False,0.4035583213875158,0
32,211,False,0.3696214928596068,0
32,212,False,0.2207809777676418,0
32,213,False,0.0907414859941739,0
32,214,False,0.4262985613707276,0
32,215,False,0.3076570372812911,0
32,216,False,0.0868688695425104,0
32,217,False,0.3198826790647721,0
32,218,False,0.1724594545811701,0
32,219,False,0.5236077465948994,0
32,220,False,0.144113060499894,0
32,221,False,0.4369016405600799,0
32,222,False,0.5620366156958401,0
32,223,False,0.2038808086447868,0
32,224,False,0.2652600697023149,0
32,225,False,0.342996453032718,0
32,226,False,0.3081745146780117,0
32,227,False,0.0784764086339576,0
32,228,False,0.2041784285394985,0
32,229,False,0.4675748017124985,0
32,230,False,0.2244438821429141,0
32,231,False,0.5642742600782021,0
32,232,False,0.4583638031993273,0
32,233,False,0.2287323521569573,0
32,234,False,0.1941625323271394,0
32,235,False,0.1140487847503583,0
32,236,False,0.1188638980722389,0
32,237,False,0.224300325608497,0
32,238,False,0.1748455929095408,0
32,239,False,0.2381018443075495,0
32,240,False,0.4379433493911621,0
32,241,False,0.3050820962749862,0
32,242,False,0.4110151238583872,0
32,243,False,0.2384113862023676,0
32,244,False,0.3055585620380799,0
32,245,False,0.2243119866738172,0
32,246,False,0.2283035041843001,0
32,247,False,0.601389322500987,0
32,248,False,0.1861016376343618,0
32,249,False,0.3322376533914182,0
32,250,False,0.1535906531023021,0
32,251,True,0.5895945688191788,0
32,252,False,0.1360111358496654,0
32,253,False,0.1452923245069306,0
32,254,False,0.4696325075583425,0
32,255,False,0.3470548878739906,0
32,256,False,0.2243778179558153,0
32,257,False,0.380680807328598,0
32,258,False,0.2527384697197175,0
32,259,False,0.1918417920208668,0
32,260,False,0.217770879130423,0
32,261,False,0.5469541833338392,0
32,262,False,0.4320278193633133,0
32,263,False,0.337528941637207,0
32,264,False,0.2801225539599779,0
32,265,False,0.2046927163646063,0
32,266,False,0.1978288911575661,0
32,267,False,0.4200987516052237,0
32,268,False,0.0945684310647346,0
32,269,False,0.0683369109310005,0
32,270,False,0.3733711511916154,0
32,271,False,0.1814974593978298,0
32,272,False,0.4688203508208859,0
32,273,False,0.4418376196321603,0
32,274,False,0.2731195652421582,0
32,275,False,0.4417392325829916,0
32,276,False,0.4514994659346463,0
32,277,False,0.5143025110676812,0
32,278,False,0.1984804228376855,0
32,279,False,0.0562449592429087,0
32,280,False,0.0130969161112021,0
32,281,False,0.4422153449338335,0
32,282,False,0.2563288233480382,0
32,283,False,0.1200803715075963,0
32,284,False,0.2906548683413762,0
32,285,False,0.248426499061781,0
32,286,False,0.273114962563885,0
32,287,False,0.2310327453733966,0
32,288,False,0.3977583849607771,0
32,289,False,0.1228099507461072,0
32,290,False,0.2443124657062036,0
32,291,False,0.1690550311731764,0
32,292,False,0.3630143517577401,0
32,293,False,0.1593915793032425,0
32,294,False,0.0980124610961424,0
32,295,False,0.325874443929199,0
32,296,False,0.3065108052415546,0
32,297,False,0.0767121836501658,0
32,298,False,0.4728620841435421,0
32,299,False,0.3157011011273116,0
32,300,False,0.2063096419420389,0
32,301,False,0.0386729386542437,0
32,302,False,0.4168670056078366,0
32,303,False,0.3052640817200645,0
32,304,False,0.360409463644948,0
32,305,False,0.3196523721264053,0
32,306,False,0.0603920315480385,0
32,307,False,0.2176756192715158,0
32,308,False,0.4233910425225104,0
32,309,False,0.0857535961606485,0
32,310,False,0.241142100263168,0
32,311,False,0.1068213695009309,0
32,312,False,0.3939974320667165,0
32,313,False,0.2557226333708657,0
32,314,False,0.3840811292272226,0
32,315,False,0.3661458059524538,0
32,316,False,0.5816434885743039,0
32,317,False,0.5621775612709531,0
32,318,False,0.0884444403006964,0
32,319,False,0.3446235300029249,0
32,320,False,0.6095654722173228,0
32,321,False,0.3141309765261968,0
32,322,False,0.6479463612947148,0
32,323,False,0.2265019195492524,0
32,324,False,0.4532267059451018,0
32,325,False,0.5996218506997747,0
32,326,False,0.1362318623539835,0
32,327,False,0.2361379497655822,0
32,328,False,0.6046614565204121,0
32,329,False,0.2920487185984639,0
32,330,False,0.4004222737895427,0
32,331,False,0.4507710944195557,0
32,332,False,0.1848018664101324,0
32,333,False,0.4101929338053977,0
32,334,False,0.34973434990572,0
32,335,False,0.1756191969893639,0
32,336,False,0.2052622268743936,0
32,337,False,0.6085560017364287,0
32,338,False,0.141658770535373,0
32,339,False,0.43593946275941,0
32,340,False,0.3082365330185971,0
32,341,False,0.4550063988010734,0
32,342,False,0.4275490847618506,0
32,343,False,0.2781861683282088,0
32,344,False,0.1852405523576611,0
32,345,False,0.5553171992560851,0
32,346,False,0.5031820579410835,0
32,347,False,0.3218467203585847,0
32,348,False,0.2940375021670958,0
32,349,False,0.1254493851034331,0
32,350,False,0.4444012505601111,0
32,351,False,0.5757688148776429,0
32,352,False,0.1238108655661201,0
32,353,False,0.1417424749206275,0
32,354,False,0.1872751990226918,0
32,355,False,0.1912672864319361,0
32,356,False,0.2750086185191396,0
32,357,False,0.2594732652222252,0
32,358,False,0.1160173375309619,0
32,359,False,0.5878548997680135,0
32,360,False,0.141844276079871,0
32,361,False,0.2670940915387836,0
32,362,False,0.1693494018369503,0
32,363,False,0.5051295998717548,0
32,364,False,0.2152263011559128,0
32,365,False,0.3026792843884116,0
32,366,False,0.6043368946581595,0
32,367,False,0.2264428247113664,0
32,368,False,0.3300102349170474,0
32,369,False,0.1552676357183774,0
32,370,False,0.2640383541633144,0
32,371,False,0.3870555710169233,0
32,372,False,0.1219581579427709,0
32,373,False,0.2307343681279402,0
32,374,False,0.3374328449762505,0
32,375,False,0.0724104629791323,0
32,376,False,0.3782207354851397,0
32,377,False,0.3194343997975769,0
32,378,False,0.1972597201780969,0
32,379,False,0.287172100514021,0
32,380,False,0.6008221918617068,0
32,381,False,0.0971226057228562,0
32,382,False,0.2750073539162113,0
32,383,False,0.5045933992123101,0
32,384,False,0.1595183596132539,0
32,385,False,0.2144434659745125,0
32,386,False,0.4631573276497399,0
32,387,False,0.278102406698222,0
32,388,False,0.185040538482732,0
32,389,False,0.1145555589074245,0
32,390,False,0.4228950555098883,0
32,391,False,0.6440679634524121,0
32,392,False,0.3083255266751108,0
32,393,False,0.4105774245043222,0
32,394,False,0.1960542058844075,0
32,395,False,0.1388747735087824,0
32,396,False,0.0985267612391955,0
32,397,False,0.3672611312390035,0
32,398,False,0.5073793345737749,0
32,399,False,0.2364619685412546,0
32,400,False,0.4056361401586,0
32,401,False,0.2649097709889378,0
32,402,False,0.3808117943964557,0
32,403,False,0.2253317470448952,0
32,404,False,0.0451536951706062,0
32,405,False,0.1643660328395617,0
32,406,False,0.1914306997277393,0
32,407,False,0.2616461141449531,0
32,408,False,0.3563937219389386,0
32,409,False,0.0807393667249193,0
32,410,False,0.1084574754788678,0
32,411,False,0.2455266465423252,0
32,412,False,0.5453972463065507,0
32,413,False,0.3355411391283527,0
32,414,False,0.1119325748862738,0
32,415,False,0.0786186195421999,0
32,416,False,0.2232495599779229,0
32,417,False,0.2393448930531098,0
32,418,False,0.4691650839986767,0
32,419,False,0.1093010128782776,0
32,420,False,0.350841738423868,0
32,421,False,0.1147332768168895,0
32,422,False,0.5209560844968074,0
32,423,False,0.4629191165410449,0
32,424,False,0.4458084306295856,0
32,425,False,0.4507456473585096,0
32,426,False,0.207768701685737,0
32,427,False,0.5530846398930729,0
32,428,False,0.2414057853315312,0
32,429,False,0.3521991446239845,0
32,430,False,0.5623335554103934,0
32,431,False,0.066028107172517,0
32,432,False,0.4780103627939779,0
32,433,False,0.3619557421910525,0
32,434,False,0.4016190764260652,0
32,435,False,0.1447690887902211,0
32,436,False,0.1485361833971406,0
32,437,False,0.2673122822770018,0
32,438,False,0.2665058948831771,0
32,439,False,0.2016844401116823,0
32,440,False,0.5191348577625704,0
32,441,False,0.0125769688314679,0
32,442,False,0.230059532111924,0
32,443,False,0.0891624767452996,0
32,444,False,0.5437183231209585,0
32,445,False,0.3380641675028336,0
32,446,False,0.2209937767876525,0
32,447,False,0.1223216696690601,0
32,448,False,0.327157746156919,0
32,449,False,0.0999748268202887,0
32,450,False,0.3375920398739411,0
32,451,False,0.5828544730774738,0
32,452,False,0.5490326088038333,0
32,453,False,0.1444002153105774,0
32,454,False,0.5397886850088234,0
32,455,False,0.0491039142380159,0
32,456,False,0.2269298672078842,0
32,457,False,0.1507116244682386,0
32,458,False,0.0397742668078514,0
32,459,False,0.4199586775519187,0
32,460,False,0.4703209324057288,0
32,461,False,0.4593225624256609,0
32,462,False,0.2928697416440324,0
32,463,False,0.3253208111970423,0
32,464,False,0.608299740483025,0
32,465,False,0.227995917813659,0
32,466,False,0.3285833899501695,0
32,467,False,0.188908839828141,0
32,468,False,0.4759491652842039,0
32,469,False,0.4619524675485082,0
32,470,False,0.3355219672420451,0
32,471,False,0.2913305263540643,0
32,472,False,0.3010360813901332,0
32,473,False,0.3271906689077269,0
32,474,False,0.0676409928670715,0
32,475,False,0.3328039645201829,0
32,476,False,0.5689403837780267,0
32,477,False,0.1687368232740908,0
32,478,False,0.3234785077429782,0
32,479,False,0.2595142364225923,0
32,480,False,0.2107341076181594,0
32,481,False,0.4454389315848823,0
32,482,False,0.1925251778170265,0
32,483,False,0.4215730229751968,0
32,484,False,0.3147556062634345,0
32,485,False,0.089175148068904,0
32,486,False,0.1813974974553684,0
32,487,False,0.2888520759798477,0
32,488,False,0.1912204640490106,0
32,489,False,0.254632025981011,0
32,490,False,0.2626091579593145,0
32,491,False,0.1868577020761625,0
32,492,False,0.1235656832485277,0
32,493,False,0.3590902667010948,0
32,494,False,0.0072479127321231,0
32,495,False,0.2254122917396397,0
32,496,False,0.3682584032090778,0
32,497,False,0.4700537573475749,0
32,498,False,0.2334079593854568,0
32,499,False,0.604550623924786,0
32,500,False,0.1116182558215075,0
32,501,False,0.2918006363881575,0
32,502,False,0.2436788503320043,0
32,503,False,0.0911729007382388,0
32,504,False,0.3423826121689441,0
32,505,False,0.2613583638874165,0
32,506,False,0.1054542174997974,0
32,507,False,0.3394195895177768,0
32,508,False,0.0667440465050857,0
32,509,False,0.3948447858495602,0
32,510,False,0.1701597344690188,0
32,511,True,0.6912093386389426,0
32,512,False,0.1701650430716366,0
32,513,False,0.259658072094199,0
32,514,False,0.3408592494335257,0
32,515,False,0.1936145912070428,0
32,516,False,0.4421189571746821,0
32,517,False,0.2918146343826823,0
32,518,False,0.0431616328618451,0
32,519,False,0.0852628517039114,0
32,520,False,0.4737658354893495,0
32,521,False,0.2739533039710695,0
32,522,False,0.2373952074488494,0
32,523,False,0.2670788820929144,0
32,524,False,0.1034879707346583,0
32,525,False,0.2279511321623418,0
32,526,False,0.2627333305254055,0
32,527,False,0.6891140409001313,0
32,528,False,0.2505649400674639,0
32,529,False,0.2446496929766223,0
32,530,False,0.2767384149382149,0
32,531,False,0.2722051205048573,0
32,532,False,0.2299484569093162,0
32,533,False,0.4257053209843408,0
32,534,False,0.2227111874163941,0
32,535,False,0.4773689304451496,0
32,536,False,0.2310129865169898,0
32,537,False,0.4314435361946498,0
32,538,False,0.3868797602101907,0
32,539,False,0.208678135078325,0
32,540,False,0.0900249981999672,0
32,541,False,0.6038569167009646,0
32,542,False,0.2265233252301209,0
32,543,False,0.3042970610133372,0
32,544,False,0.1646258613749868,0
32,545,False,0.1823972362349482,0
32,546,False,0.4766491048877699,0
32,547,False,0.5264086385938195,0
32,548,False,0.3609203123415569,0
32,549,False,0.2509553296201303,0
32,550,False,0.3835316726535463,0
32,551,False,0.1959117186620537,0
32,552,False,0.2976150813463317,0
32,553,False,0.1323735027451481,0
32,554,False,0.126311680440905,0
32,555,False,0.3547665226580853,0
32,556,False,0.3219807096428471,0
32,557,False,0.310809260614259,0
32,558,False,0.2266135263526242,0
32,559,False,0.3116613226660596,0
32,560,False,0.1721735905143979,0
32,561,False,0.0414669752128248,0
32,562,False,0.2761974130074415,0
32,563,False,0.094253560316938,0
32,564,False,0.4118445340829866,0
32,565,False,0.5157009792685964,0
32,566,False,0.6342283268293691,0
32,567,False,0.2717021731900056,0
32,568,False,0.1611555559536509,0
32,569,False,0.3019616530585536,0
32,570,False,0.2474761658633007,0
32,571,False,0.2773672197869529,0
32,572,False,0.4722249959604593,0
32,573,False,0.2190395136759253,0
32,574,False,0.2513040412624526,0
32,575,False,0.1344989142255937,0
32,576,False,0.2575375190463321,0
32,577,False,0.5758311543371692,0
32,578,False,0.1747889880746776,0
32,579,False,0.4404393990716352,0
32,580,False,0.239968723155057,0
32,581,False,0.4457504855829945,0
32,582,False,0.4181457323941839,0
32,583,False,0.1247787246488094,0
32,584,False,0.4135696874278296,0
32,585,False,0.0855221607194543,0
32,586,False,0.102384952851844,0
32,587,False,0.2285050887405005,0
32,588,False,0.5466614162505907,0
32,589,False,0.3510850322437097,0
32,590,False,0.1394105760462668,0
32,591,False,0.0536995154899485,0
32,592,False,0.3806987361056626,0
32,593,False,0.2794224044294483,0
32,594,False,0.3066911814390244,0
32,595,False,0.3430330836467324,0
32,596,False,0.476114544370721,0
32,597,False,0.2554704259647891,0
32,598,False,0.5012006017832084,0
32,599,False,0.154006662960799,0
32,600,False,0.0632323404051646,0
32,601,False,0.4483454588827538,0
32,602,False,0.1099758633977806,0
32,603,False,0.2998031027074426,0
32,604,False,0.5363077304756033,0
32,605,False,0.0670542699936395,0
32,606,False,0.3373425781481131,0
32,607,False,0.0616375155621336,0
32,608,False,0.2669105924136806,0
32,609,False,0.0146819331277921,0
32,610,False,0.0929129012701737,0
32,611,False,0.1620845901138898,0
32,612,False,0.0555877186492738,0
32,613,False,0.3628731421368042,0
32,614,False,0.326185553069642,0
32,615,False,0.5516768599767246,0
32,616,False,0.1099186560623747,0
32,617,False,0.2171848103951794,0
32,618,False,0.0782209788311515,0
32,619,False,0.1767688055025618,0
32,620,True,0.5954379734962468,0
32,621,False,0.3971726866093809,0
32,622,False,0.1055672064555032,0
32,623,False,0.0311859105555057,0
32,624,False,0.0279579619790819,0
32,625,False,0.3679765943353593,0
32,626,False,0.159129571300425,0
32,627,True,0.7380869638355531,0
32,628,False,0.2436991769678001,0
32,629,False,0.170977740591307,0
32,630,False,0.0807239819987891,0
32,631,False,0.4477791997522805,0
32,632,False,0.197351654715525,0
32,633,False,0.2614729695537015,0
32,634,False,0.2791904822094437,0
32,635,False,0.2492464228769708,0
32,636,False,0.3888004532026781,0
32,637,False,0.0898309777348184,0
32,638,False,0.2393537041475697,0
32,639,False,0.2004520499405746,0
32,640,False,0.4009969437535314,0
32,641,False,0.4674355152035755,0
32,642,False,0.1279157924541819,0
32,643,False,0.403734941984525,0
32,644,False,0.0894865576156005,0
32,645,False,0.2478156639906327,0
32,646,False,0.26449203451846,0
32,647,False,0.4549932251283338,0
32,648,False,0.3895079338725103,0
32,649,False,0.0971817728565808,0
32,650,False,0.3828986050331805,0
32,651,False,0.297838427885603,0
32,652,False,0.5903979088514874,0
32,653,False,0.1760983318750708,0
32,654,False,0.2144134952920709,0
32,655,False,0.6204682337798468,0
32,656,False,0.4872331449600042,0
32,657,False,0.0962069245149607,0
32,658,False,0.2496558034719668,0
32,659,False,0.341237799092246,0
32,660,False,0.4009150563139554,0
32,661,False,0.1179359076194324,0
32,662,True,0.5572754113921149,0
32,663,False,0.0629427880187678,0
32,664,False,0.1229522065476816,0
32,665,False,0.5302969759506505,0
32,666,False,0.2709993961105075,0
32,667,False,0.2770890275188418,0
32,668,False,0.301184192228817,0
32,669,False,0.1401494015576146,0
32,670,False,0.0737337849011167,0
32,671,False,0.3291565105170932,0
32,672,False,0.359768584824016,0
32,673,False,0.3097774732702404,0
32,674,False,0.180350414287884,0
32,675,False,0.1104932580161498,0
32,676,False,0.2268526189451653,0
32,677,True,0.6389059701703222,0
32,678,False,0.2431391535156832,0
32,679,False,0.2159680460480785,0
32,680,False,0.2485571743584797,0
32,681,False,0.2374704597128737,0
32,682,False,0.5319284493276698,0
32,683,False,0.3904389243462244,0
32,684,False,0.1697375890428857,0
32,685,False,0.204026175015018,0
32,686,False,0.2549263267105989,0
32,687,False,0.2890608269629373,0
32,688,False,0.1407896901376907,0
32,689,False,0.1884686348827569,0
32,690,False,0.5651992012277928,0
32,691,False,0.5441384134079766,0
32,692,False,0.2074958132489381,0
32,693,False,0.1937947313120766,0
32,694,False,0.3917365978571069,0
32,695,False,0.0549042835324885,0
32,696,False,0.513200034727355,0
32,697,False,0.1680138488305095,0
32,698,False,0.3498451382963249,0
32,699,False,0.0647089915680699,0
32,700,False,0.3992098512519557,0
32,701,False,0.3602074853627584,0
32,702,False,0.3368158164406375,0
32,703,False,0.1256675155755714,0
32,704,False,0.186745643052941,0
32,705,False,0.3090542956810058,0
32,706,False,0.1611047165510067,0
32,707,False,0.156019393834899,0
32,708,False,0.4891720840330514,0
32,709,False,0.0405952160464261,0
32,710,False,0.5013100171730703,0
32,711,False,0.125480123667906,0
32,712,False,0.3783262469877855,0
32,713,False,0.3222129037148611,0
32,714,False,0.1213622535720952,0
32,715,False,0.164766719941082,0
32,716,False,0.4210690230658028,0
32,717,False,0.2230656431040991,0
32,718,True,0.7475416808203147,0
32,719,False,0.1765326311521286,0
32,720,False,0.1693998756977423,0
32,721,False,0.1012367631091599,0
32,722,False,0.1552197678852778,0
32,723,False,0.2516719879928031,0
32,724,False,0.6988438963940432,0
32,725,False,0.1628761947287865,0
32,726,False,0.035861074519571,0
32,727,False,0.1868926162656133,0
32,728,False,0.2802197590789023,0
32,729,False,0.5039853388745347,0
32,730,False,0.2905356993774629,0
32,731,False,0.2137032540043945,0
32,732,False,0.1742040407701023,0
32,733,False,0.3991960073625363,0
32,734,False,0.2659319496638474,0
32,735,False,0.4020401338219225,0
32,736,False,0.1054043592980552,0
32,737,False,0.1896220786800948,0
32,738,False,0.3548328182831716,0
32,739,False,0.0785174307392475,0
32,740,False,0.123504889954708,0
32,741,False,0.2413778454503063,0
32,742,False,0.4688543103047804,0
32,743,False,0.5491671814360513,0
32,744,False,0.1320866566288173,0
32,745,False,0.2989363140201345,0
32,746,False,0.5146805029932751,0
32,747,False,0.4008971368260078,0
32,748,False,0.2842255949831302,0
32,749,False,0.317544110113382,0
32,750,False,0.1384834698703489,0
32,751,False,0.2009712364540103,0
32,752,False,0.2418896431622072,0
32,753,False,0.2295611941890383,0
32,754,False,0.2156860757163646,0
32,755,False,0.1231095801822028,0
32,756,False,0.5160624858560737,0
32,757,False,0.2623139249573352,0
32,758,False,0.2309942687514944,0
32,759,False,0.0959512859344814,0
32,760,False,0.340353357371217,0
32,761,False,0.1569467002743433,0
32,762,False,0.1620025771710848,0
32,763,False,0.1945993531314553,0
32,764,False,0.3889033363849212,0
32,765,False,0.3240072686151163,0
32,766,False,0.0569606868617727,0
32,767,False,0.5068443274386882,0
32,768,False,0.3043925052678168,0
32,769,False,0.2972452247392276,0
32,770,False,0.1367056096153261,0
32,771,False,0.4491401171221709,0
32,772,False,0.2518147960573942,0
32,773,False,0.1695139260731264,0
32,774,False,0.0801464927057364,0
32,775,False,0.2325370523553835,0
32,776,False,0.4841625365767797,0
32,777,False,0.1693257626556566,0
32,778,False,0.0747789270014016,0
32,779,False,0.1852423234921943,0
32,780,False,0.1679635137045052,0
32,781,False,0.2763354949660545,0
32,782,False,0.1309785515470798,0
32,783,False,0.1542500262093677,0
32,784,False,0.0899353835301188,0
32,785,False,0.3465590425511273,0
32,786,False,0.1649902537464189,0
32,787,False,0.1454381844637113,0
32,788,False,0.451163889216197,0
32,789,False,0.5292063498589319,0
32,790,False,0.3771771971387949,0
32,791,False,0.4977153092263308,0
32,792,False,0.4231845666292447,0
32,793,False,0.2173364748969555,0
32,794,False,0.1054974346874186,0
32,795,False,0.177115816076833,0
32,796,False,0.1560104234247701,0
32,797,False,0.3583027272484148,0
32,798,False,0.2382117203777517,0
32,799,False,0.0444376371349206,0
32,800,False,0.1774341564063493,0
32,801,False,0.0810503458688375,0
32,802,False,0.2332597297899884,0
32,803,False,0.4563029734443914,0
32,804,False,0.1109951227085874,0
32,805,False,0.524107383079782,0
32,806,False,0.2494485341513156,0
32,807,False,0.3576596696917246,0
32,808,False,0.1411241998676989,0
32,809,False,0.2562193556155805,0
32,810,False,0.5239791499617252,0
32,811,False,0.4819498063691885,0
32,812,False,0.2639644320402215,0
32,813,False,0.223514158884564,0
32,814,False,0.2764270470816738,0
32,815,False,0.321129255341407,0
32,816,False,0.557406885681536,0
32,817,False,0.1621890861748199,0
32,818,False,0.154807479392052,0
32,819,False,0.2096039228273493,0
32,820,False,0.1068665371877108,0
32,821,False,0.36441921405229,0
32,822,False,0.069854215232803,0
32,823,False,0.5752524381494896,0
32,824,False,0.2816515588456469,0
32,825,False,0.3794411536939451,0
32,826,False,0.0456596310029253,0
32,827,False,0.3907392159198113,0
32,828,False,0.3259029406210039,0
32,829,False,0.3450841502829877,0
32,830,False,0.2370136739010705,0
32,831,False,0.4243518655493258,0
32,832,False,0.1288120009908881,0
32,833,False,0.3299114686361586,0
32,834,False,0.0667555305661823,0
32,835,False,0.1057107830323264,0
32,836,False,0.5357995621053333,0
32,837,False,0.1595713437757506,0
32,838,False,0.1228798987176632,0
32,839,False,0.3099564477393267,0
32,840,False,0.5006741240171694,0
32,841,False,0.1925333812435086,0
32,842,False,0.6798139772747849,0
32,843,False,0.1658069239561412,0
32,844,False,0.445325731706341,0
32,845,False,0.2871034665903474,0
32,846,False,0.2051521024846308,0
32,847,False,0.3569482999794101,0
32,848,False,0.0872053159749631,0
32,849,False,0.23791157291652,0
32,850,False,0.2125906368597829,0
32,851,False,0.3380474712276761,0
32,852,False,0.2905275608427198,0
32,853,False,0.3479181328972756,0
32,854,False,0.4221996077051169,0
32,855,False,0.2424964231836355,0
32,856,False,0.3024763373927353,0
32,857,False,0.5685546252018754,0
32,858,False,0.2939324011203272,0
32,859,False,0.2371806947234474,0
32,860,False,0.4348483136027772,0
32,861,False,0.2476647534198212,0
32,862,False,0.5915252921662858,0
32,863,False,0.4941427378687356,0
32,864,False,0.1927509224419929,0
32,865,False,0.215708580571228,0
32,866,False,0.4548274324248505,0
32,867,False,0.432033472949111,0
32,868,False,0.4727380263938699,0
32,869,False,0.2538973946761992,0
32,870,False,0.2857213617632627,0
32,871,False,0.2317922806044498,0
32,872,False,0.2332041462800099,0
32,873,False,0.1697303259220881,0
32,874,False,0.4915121741124872,0
32,875,False,0.3319587751508012,0
32,876,False,0.3427031340245881,0
32,877,False,0.4732074603715058,0
32,878,False,0.057826174727944,0
32,879,False,0.3342823374545915,0
32,880,False,0.5055663733930453,0
32,881,False,0.1092677169367234,0
32,882,False,0.476371862104171,0
32,883,False,0.3351520189164386,0
32,884,False,0.3113112656037834,0
32,885,False,0.3156514521042243,0
32,886,False,0.1342593059642669,0
32,887,False,0.0426125165402731,0
32,888,False,0.4402492515093427,0
32,889,False,0.1195934956640864,0
32,890,False,0.2000779313230957,0
32,891,True,0.7007817975708072,0
32,892,False,0.2817555447671213,0
32,893,False,0.3492651154755515,0
32,894,False,0.183486628129589,0
32,895,False,0.5023166737897836,0
32,896,False,0.0624500784100217,0
32,897,False,0.4354437700393007,0
32,898,False,0.0920630148030118,0
32,899,False,0.6257518883853295,0
32,900,False,0.3770081169472025,0
32,901,False,0.1271719790497805,0
32,902,False,0.2743528735631583,0
32,903,False,0.3825666156869312,0
32,904,False,0.1784396198271592,0
32,905,False,0.2162905367743838,0
32,906,False,0.5209740341645329,0
32,907,False,0.279074004926693,0
32,908,False,0.4849887995749727,0
32,909,False,0.3481128642195799,0
32,910,False,0.3776973082787966,0
32,911,False,0.4552676384890686,0
32,912,False,0.564636774420852,0
32,913,False,0.1352549552408208,0
32,914,False,0.4189062970344011,0
32,915,True,0.6277239733678208,0
32,916,False,0.4233062618932802,0
32,917,False,0.3242865327317485,0
32,918,False,0.5237323534287259,0
32,919,False,0.6843643932117193,0
32,920,False,0.3592652758898438,0
32,921,False,0.3939614324212918,0
32,922,False,0.3799956547644613,0
32,923,False,0.0841743365393104,0
32,924,False,0.4372271147397712,0
32,925,False,0.0941077935758852,0
32,926,False,0.3982612864989766,0
32,927,False,0.0776550664575109,0
32,928,False,0.1282124549316295,0
32,929,False,0.2142506430565661,0
32,930,False,0.1898088523955465,0
32,931,False,0.449549690409468,0
32,932,False,0.2340831361350911,0
32,933,False,0.1004746869111375,0
32,934,False,0.1752910699720822,0
32,935,False,0.3112062459089998,0
32,936,False,0.3072581434169985,0
32,937,False,0.3162298390616307,0
32,938,False,0.4493230296578294,0
32,939,False,0.4992607592612914,0
32,940,False,0.3797328747609579,0
32,941,False,0.2587951204847887,0
32,942,False,0.217206502029108,0
32,943,False,0.6337271424536701,0
32,944,False,0.3024225452045582,0
32,945,False,0.353243831536729,0
32,946,False,0.1960088011812329,0
32,947,False,0.194604146338236,0
32,948,False,0.1201659626916901,0
32,949,False,0.2881738348704263,0
32,950,False,0.1945107684338112,0
32,951,False,0.2219017467003496,0
32,952,False,0.4924424140581507,0
32,953,False,0.0850659978225831,0
32,954,False,0.1707846803550596,0
32,955,False,0.3275299415979275,0
32,956,False,0.3146017534698956,0
32,957,False,0.5591300431761457,0
32,958,False,0.0569074657411333,0
32,959,False,0.5215862971395819,0
32,960,False,0.1109111744624726,0
32,961,False,0.2265228453079547,0
32,962,False,0.0823237952883983,0
32,963,False,0.0203376211117979,0
32,964,False,0.515099224706211,0
32,965,False,0.1524295832997067,0
32,966,False,0.401561690342304,0
32,967,False,0.1934741652155991,0
32,968,True,0.5676055160091945,0
32,969,False,0.207457529958512,0
32,970,False,0.2430327927543291,0
32,971,False,0.1686796225990403,0
32,972,False,0.1197872134843499,0
32,973,False,0.4281637369757693,0
32,974,False,0.2805328520070296,0
32,975,False,0.0255304591814648,0
32,976,False,0.5758838933798938,0
32,977,False,0.2466749134265328,0
32,978,False,0.1265914119379539,0
32,979,False,0.076905262823075,0
32,980,False,0.1317865994756037,0
32,981,False,0.3423522504030944,0
32,982,False,0.4422870444385288,0
32,983,False,0.2290208014335576,0
32,984,True,0.8133424050014515,0
32,985,False,0.2079234242657764,0
32,986,False,0.2608344425937606,0
32,987,False,0.1095262841662347,0
32,988,False,0.2508512520003949,0
32,989,False,0.4615262690501316,0
32,990,False,0.6224521206393593,0
32,991,False,0.3984798933684013,0
32,992,False,0.0587343222846886,0
32,993,False,0.0996858624336007,0
32,994,False,0.0587453867701584,0
32,995,False,0.1404948127964428,0
32,996,False,0.1813561796987826,0
32,997,False,0.1207732276954052,0
32,998,False,0.3803905055871858,0
32,999,False,0.115508747068787,0
33,0,False,0.3536766572335658,0
33,1,False,0.2485580660782393,0
33,2,False,0.4159590873381714,0
33,3,False,0.1599675758099919,0
33,4,False,0.5502830780616322,0
33,5,False,0.110945287593398,0
33,6,False,0.5098966417920571,0
33,7,False,0.1772703794727445,0
33,8,False,0.1982904719133444,0
33,9,False,0.3762367882135499,0
33,10,False,0.5434668040445325,0
33,11,False,0.0847637629426502,0
33,12,False,0.3579287927839609,0
33,13,False,0.2733207739503824,0
33,14,False,0.1343761410948502,0
33,15,False,0.3532548500048075,0
33,16,False,0.1327901214327579,0
33,17,False,0.326434368425168,0
33,18,False,0.1658104012585459,0
33,19,False,0.207734214505591,0
33,20,False,0.2634084880828478,0
33,21,False,0.3900143303664891,0
33,22,False,0.1536454700072753,0
33,23,False,0.3055023511983206,0
33,24,False,0.203313881265596,0
33,25,False,0.1838768760882306,0
33,26,False,0.3678240872354807,0
33,27,False,0.2020967664638769,0
33,28,False,0.1863395045288194,0
33,29,False,0.2835202997539891,0
33,30,False,0.1003993030662121,0
33,31,False,0.207729389165234,0
33,32,False,0.3096377073595142,0
33,33,False,0.0443858001226034,0
33,34,False,0.1245792134455452,0
33,35,False,0.2110033201581862,0
33,36,False,0.3581887554246956,0
33,37,False,0.6522422663601021,0
33,38,False,0.1622660260567806,0
33,39,False,0.0694242954698856,0
33,40,False,0.076848080809821,0
33,41,False,0.1744335165862888,0
33,42,False,0.5434537469656785,0
33,43,False,0.0616539134466732,0
33,44,False,0.2356865066312641,0
33,45,False,0.3132941266752032,0
33,46,False,0.1525833147039861,0
33,47,False,0.3868863360183782,0
33,48,False,0.4845897602554896,0
33,49,False,0.0959387779732849,0
33,50,False,0.3662241584833629,0
33,51,False,0.2983728426907024,0
33,52,False,0.2237663665214278,0
33,53,False,0.1642916485213648,0
33,54,False,0.4613858274628866,0
33,55,False,0.0983214607503696,0
33,56,False,0.179247512983417,0
33,57,False,0.3430187325979972,0
33,58,False,0.2746698380360602,0
33,59,False,0.4432945779277498,0
33,60,False,0.1327244318952246,0
33,61,False,0.4006430877209991,0
33,62,False,0.3225960385009868,0
33,63,False,0.2923618255131976,0
33,64,False,0.1135769732526367,0
33,65,False,0.3415589572254627,0
33,66,False,0.1699958739594175,0
33,67,True,0.8014732049023443,0
33,68,False,0.1317706240875745,0
33,69,False,0.125499659191502,0
33,70,False,0.3370138954716539,0
33,71,False,0.0343986220052017,0
33,72,False,0.159377520333094,0
33,73,False,0.2615158445906097,0
33,74,False,0.2491194021961276,0
33,75,False,0.0685869246308145,0
33,76,False,0.4595064072499054,0
33,77,False,0.5414781386117564,0
33,78,False,0.2605960618109315,0
33,79,False,0.067535907483785,0
33,80,False,0.0467688349727268,0
33,81,False,0.127131476580951,0
33,82,False,0.3265987258278122,0
33,83,False,0.1191248654111389,0
33,84,False,0.1077670455014623,0
33,85,False,0.3246010263074086,0
33,86,False,0.2193544911847561,0
33,87,False,0.3047922320216946,0
33,88,False,0.403730071467841,0
33,89,False,0.1841289216978105,0
33,90,False,0.2344736594858819,0
33,91,False,0.175068748991844,0
33,92,False,0.2673316734797696,0
33,93,False,0.238699744225137,0
33,94,False,0.3257956107307604,0
33,95,False,0.4434878606676832,0
33,96,False,0.3855671372233749,0
33,97,False,0.0961525816865667,0
33,98,False,0.2089847738799713,0
33,99,False,0.1661962342804483,0
33,100,False,0.2272148735050511,0
33,101,False,0.4759204964642726,0
33,102,False,0.1158847910316493,0
33,103,False,0.1718540724955221,0
33,104,False,0.2409358088306848,0
33,105,False,0.1965854535395116,0
33,106,False,0.1545074012420307,0
33,107,False,0.3024753876496196,0
33,108,False,0.2628503990216566,0
33,109,False,0.1783854898271363,0
33,110,False,0.0714033686941217,0
33,111,False,0.3680479351839821,0
33,112,False,0.1650023992108502,0
33,113,True,0.6463769483914986,0
33,114,False,0.5031230845032987,0
33,115,False,0.4086469850455971,0
33,116,False,0.3784719386186747,0
33,117,False,0.4808171104256128,0
33,118,False,0.4501527714550122,0
33,119,False,0.3148546559271867,0
33,120,False,0.3458306244455384,0
33,121,False,0.5386521682270735,0
33,122,False,0.3061721796943814,0
33,123,False,0.145588134244425,0
33,124,False,0.4518857472364912,0
33,125,False,0.3599374248179245,0
33,126,False,0.061906433771692,0
33,127,False,0.2328545928203029,0
33,128,False,0.1920824664494293,0
33,129,False,0.5199092769591175,0
33,130,False,0.2201943740399156,0
33,131,False,0.1377202357514125,0
33,132,False,0.471971286182723,0
33,133,False,0.1588460545173127,0
33,134,False,0.0596894752708395,0
33,135,False,0.3408156596522683,0
33,136,False,0.3066486182634088,0
33,137,False,0.2789555071166884,0
33,138,False,0.3288097857207583,0
33,139,False,0.4064901896391388,0
33,140,False,0.3234596782435212,0
33,141,False,0.1813428850517404,0
33,142,False,0.110344420804029,0
33,143,False,0.0626113417445731,0
33,144,False,0.3893738659278771,0
33,145,False,0.2208119923981546,0
33,146,False,0.1705774606874289,0
33,147,False,0.0676360338470681,0
33,148,False,0.2063693713019656,0
33,149,False,0.3587901228827754,0
33,150,False,0.316899984774653,0
33,151,False,0.1365637082251592,0
33,152,False,0.2170837430502517,0
33,153,False,0.1363792431986001,0
33,154,False,0.0637349304068678,0
33,155,False,0.5785716282335199,0
33,156,False,0.1673754331871321,0
33,157,False,0.485750585203021,0
33,158,False,0.2231288814404552,0
33,159,False,0.3734488472849538,0
33,160,False,0.3866075694193058,0
33,161,False,0.2910392925454743,0
33,162,False,0.3584957567261279,0
33,163,False,0.3688485254461,0
33,164,False,0.4338558481917234,0
33,165,False,0.0593243266171532,0
33,166,False,0.1537383027458395,0
33,167,True,0.690927168796683,0
33,168,False,0.0492709683183529,0
33,169,False,0.1859158401713941,0
33,170,False,0.2715695031402613,0
33,171,False,0.3219105263709601,0
33,172,False,0.4820942894903152,0
33,173,False,0.319706275524256,0
33,174,False,0.4916099383257625,0
33,175,False,0.1841729708671041,0
33,176,False,0.0293922497739453,0
33,177,False,0.4383244007111607,0
33,178,False,0.2201991781916555,0
33,179,False,0.1272898020531447,0
33,180,False,0.5623099425360222,0
33,181,False,0.1351692568264888,0
33,182,False,0.1892652527031718,0
33,183,False,0.2788522124309327,0
33,184,False,0.2584988688589334,0
33,185,False,0.1713624183536284,0
33,186,False,0.3902904125361203,0
33,187,False,0.1388409287646581,0
33,188,False,0.4659217194194351,0
33,189,False,0.6157519764816631,0
33,190,False,0.3073799210471541,0
33,191,False,0.3116610941567272,0
33,192,False,0.1347012643177103,0
33,193,True,0.7239031844967967,0
33,194,False,0.1191002777077864,0
33,195,False,0.2853857889201115,0
33,196,False,0.514309690041867,0
33,197,False,0.15648979507517,0
33,198,False,0.2605575260313472,0
33,199,False,0.1398135905354235,0
33,200,False,0.388093991336372,0
33,201,False,0.4641645770320866,0
33,202,False,0.1284580477416679,0
33,203,False,0.0552063959733059,0
33,204,False,0.0172791270801268,0
33,205,False,0.1592498686850636,0
33,206,False,0.2667449952728772,0
33,207,False,0.529692033598347,0
33,208,False,0.3071017670062408,0
33,209,False,0.2504805636294226,0
33,210,False,0.4035583213875158,0
33,211,False,0.3696214928596068,0
33,212,False,0.2207809777676418,0
33,213,False,0.0907414859941739,0
33,214,False,0.4262985613707276,0
33,215,False,0.3076570372812911,0
33,216,False,0.0868688695425104,0
33,217,False,0.3198826790647721,0
33,218,False,0.1724594545811701,0
33,219,False,0.5236077465948994,0
33,220,False,0.144113060499894,0
33,221,False,0.4369016405600799,0
33,222,False,0.5620366156958401,0
33,223,False,0.2038808086447868,0
33,224,False,0.2652600697023149,0
33,225,False,0.342996453032718,0
33,226,False,0.3081745146780117,0
33,227,False,0.0784764086339576,0
33,228,False,0.2041784285394985,0
33,229,False,0.4675748017124985,0
33,230,False,0.2244438821429141,0
33,231,False,0.5642742600782021,0
33,232,False,0.4583638031993273,0
33,233,False,0.2287323521569573,0
33,234,False,0.1941625323271394,0
33,235,False,0.1140487847503583,0
33,236,False,0.1188638980722389,0
33,237,False,0.224300325608497,0
33,238,False,0.1748455929095408,0
33,239,False,0.2381018443075495,0
33,240,False,0.4379433493911621,0
33,241,False,0.3050820962749862,0
33,242,False,0.4110151238583872,0
33,243,False,0.2384113862023676,0
33,244,False,0.3055585620380799,0
33,245,False,0.2243119866738172,0
33,246,False,0.2283035041843001,0
33,247,False,0.601389322500987,0
33,248,False,0.1861016376343618,0
33,249,False,0.3322376533914182,0
33,250,False,0.1535906531023021,0
33,251,True,0.5895945688191788,0
33,252,False,0.1360111358496654,0
33,253,False,0.1452923245069306,0
33,254,False,0.4696325075583425,0
33,255,False,0.3470548878739906,0
33,256,False,0.2243778179558153,0
33,257,False,0.380680807328598,0
33,258,False,0.2527384697197175,0
33,259,False,0.1918417920208668,0
33,260,False,0.217770879130423,0
33,261,False,0.5469541833338392,0
33,262,False,0.4320278193633133,0
33,263,False,0.337528941637207,0
33,264,False,0.2801225539599779,0
33,265,False,0.2046927163646063,0
33,266,False,0.1978288911575661,0
33,267,False,0.4200987516052237,0
33,268,False,0.0945684310647346,0
33,269,False,0.0683369109310005,0
33,270,False,0.3733711511916154,0
33,271,False,0.1814974593978298,0
33,272,False,0.4688203508208859,0
33,273,False,0.4418376196321603,0
33,274,False,0.2731195652421582,0
33,275,False,0.4417392325829916,0
33,276,False,0.4514994659346463,0
33,277,False,0.5143025110676812,0
33,278,False,0.1984804228376855,0
33,279,False,0.0562449592429087,0
33,280,False,0.0130969161112021,0
33,281,False,0.4422153449338335,0
33,282,False,0.2563288233480382,0
33,283,False,0.1200803715075963,0
33,284,False,0.2906548683413762,0
33,285,False,0.248426499061781,0
33,286,False,0.273114962563885,0
33,287,False,0.2310327453733966,0
33,288,False,0.3977583849607771,0
33,289,False,0.1228099507461072,0
33,290,False,0.2443124657062036,0
33,291,False,0.1690550311731764,0
33,292,False,0.3630143517577401,0
33,293,False,0.1593915793032425,0
33,294,False,0.0980124610961424,0
33,295,False,0.325874443929199,0
33,296,False,0.3065108052415546,0
33,297,False,0.0767121836501658,0
33,298,False,0.4728620841435421,0
33,299,False,0.3157011011273116,0
33,300,False,0.2063096419420389,0
33,301,False,0.0386729386542437,0
33,302,False,0.4168670056078366,0
33,303,False,0.3052640817200645,0
33,304,False,0.360409463644948,0
33,305,False,0.3196523721264053,0
33,306,False,0.0603920315480385,0
33,307,False,0.2176756192715158,0
33,308,False,0.4233910425225104,0
33,309,False,0.0857535961606485,0
33,310,False,0.241142100263168,0
33,311,False,0.1068213695009309,0
33,312,False,0.3939974320667165,0
33,313,False,0.2557226333708657,0
33,314,False,0.3840811292272226,0
33,315,False,0.3661458059524538,0
33,316,False,0.5816434885743039,0
33,317,False,0.5621775612709531,0
33,318,False,0.0884444403006964,0
33,319,False,0.3446235300029249,0
33,320,False,0.6095654722173228,0
33,321,False,0.3141309765261968,0
33,322,False,0.6479463612947148,0
33,323,False,0.2265019195492524,0
33,324,False,0.4532267059451018,0
33,325,False,0.5996218506997747,0
33,326,False,0.1362318623539835,0
33,327,False,0.2361379497655822,0
33,328,False,0.6046614565204121,0
33,329,False,0.2920487185984639,0
33,330,False,0.4004222737895427,0
33,331,False,0.4507710944195557,0
33,332,False,0.1848018664101324,0
33,333,False,0.4101929338053977,0
33,334,False,0.34973434990572,0
33,335,False,0.1756191969893639,0
33,336,False,0.2052622268743936,0
33,337,False,0.6085560017364287,0
33,338,False,0.141658770535373,0
33,339,False,0.43593946275941,0
33,340,False,0.3082365330185971,0
33,341,False,0.4550063988010734,0
33,342,False,0.4275490847618506,0
33,343,False,0.2781861683282088,0
33,344,False,0.1852405523576611,0
33,345,False,0.5553171992560851,0
33,346,False,0.5031820579410835,0
33,347,False,0.3218467203585847,0
33,348,False,0.2940375021670958,0
33,349,False,0.1254493851034331,0
33,350,False,0.4444012505601111,0
33,351,False,0.5757688148776429,0
33,352,False,0.1238108655661201,0
33,353,False,0.1417424749206275,0
33,354,False,0.1872751990226918,0
33,355,False,0.1912672864319361,0
33,356,False,0.2750086185191396,0
33,357,False,0.2594732652222252,0
33,358,False,0.1160173375309619,0
33,359,False,0.5878548997680135,0
33,360,False,0.141844276079871,0
33,361,False,0.2670940915387836,0
33,362,False,0.1693494018369503,0
33,363,False,0.5051295998717548,0
33,364,False,0.2152263011559128,0
33,365,False,0.3026792843884116,0
33,366,False,0.6043368946581595,0
33,367,False,0.2264428247113664,0
33,368,False,0.3300102349170474,0
33,369,False,0.1552676357183774,0
33,370,False,0.2640383541633144,0
33,371,False,0.3870555710169233,0
33,372,False,0.1219581579427709,0
33,373,False,0.2307343681279402,0
33,374,False,0.3374328449762505,0
33,375,False,0.0724104629791323,0
33,376,False,0.3782207354851397,0
33,377,False,0.3194343997975769,0
33,378,False,0.1972597201780969,0
33,379,False,0.287172100514021,0
33,380,False,0.6008221918617068,0
33,381,False,0.0971226057228562,0
33,382,False,0.2750073539162113,0
33,383,False,0.5045933992123101,0
33,384,False,0.1595183596132539,0
33,385,False,0.2144434659745125,0
33,386,False,0.4631573276497399,0
33,387,False,0.278102406698222,0
33,388,False,0.185040538482732,0
33,389,False,0.1145555589074245,0
33,390,False,0.4228950555098883,0
33,391,False,0.6440679634524121,0
33,392,False,0.3083255266751108,0
33,393,False,0.4105774245043222,0
33,394,False,0.1960542058844075,0
33,395,False,0.1388747735087824,0
33,396,False,0.0985267612391955,0
33,397,False,0.3672611312390035,0
33,398,False,0.5073793345737749,0
33,399,False,0.2364619685412546,0
33,400,False,0.4056361401586,0
33,401,False,0.2649097709889378,0
33,402,False,0.3808117943964557,0
33,403,False,0.2253317470448952,0
33,404,False,0.0451536951706062,0
33,405,False,0.1643660328395617,0
33,406,False,0.1914306997277393,0
33,407,False,0.2616461141449531,0
33,408,False,0.3563937219389386,0
33,409,False,0.0807393667249193,0
33,410,False,0.1084574754788678,0
33,411,False,0.2455266465423252,0
33,412,False,0.5453972463065507,0
33,413,False,0.3355411391283527,0
33,414,False,0.1119325748862738,0
33,415,False,0.0786186195421999,0
33,416,False,0.2232495599779229,0
33,417,False,0.2393448930531098,0
33,418,False,0.4691650839986767,0
33,419,False,0.1093010128782776,0
33,420,False,0.350841738423868,0
33,421,False,0.1147332768168895,0
33,422,False,0.5209560844968074,0
33,423,False,0.4629191165410449,0
33,424,False,0.4458084306295856,0
33,425,False,0.4507456473585096,0
33,426,False,0.207768701685737,0
33,427,False,0.5530846398930729,0
33,428,False,0.2414057853315312,0
33,429,False,0.3521991446239845,0
33,430,False,0.5623335554103934,0
33,431,False,0.066028107172517,0
33,432,False,0.4780103627939779,0
33,433,False,0.3619557421910525,0
33,434,False,0.4016190764260652,0
33,435,False,0.1447690887902211,0
33,436,False,0.1485361833971406,0
33,437,False,0.2673122822770018,0
33,438,False,0.2665058948831771,0
33,439,False,0.2016844401116823,0
33,440,False,0.5191348577625704,0
33,441,False,0.0125769688314679,0
33,442,False,0.230059532111924,0
33,443,False,0.0891624767452996,0
33,444,False,0.5437183231209585,0
33,445,False,0.3380641675028336,0
33,446,False,0.2209937767876525,0
33,447,False,0.1223216696690601,0
33,448,False,0.327157746156919,0
33,449,False,0.0999748268202887,0
33,450,False,0.3375920398739411,0
33,451,False,0.5828544730774738,0
33,452,False,0.5490326088038333,0
33,453,False,0.1444002153105774,0
33,454,False,0.5397886850088234,0
33,455,False,0.0491039142380159,0
33,456,False,0.2269298672078842,0
33,457,False,0.1507116244682386,0
33,458,False,0.0397742668078514,0
33,459,False,0.4199586775519187,0
33,460,False,0.4703209324057288,0
33,461,False,0.4593225624256609,0
33,462,False,0.2928697416440324,0
33,463,False,0.3253208111970423,0
33,464,False,0.608299740483025,0
33,465,False,0.227995917813659,0
33,466,False,0.3285833899501695,0
33,467,False,0.188908839828141,0
33,468,False,0.4759491652842039,0
33,469,False,0.4619524675485082,0
33,470,False,0.3355219672420451,0
33,471,False,0.2913305263540643,0
33,472,False,0.3010360813901332,0
33,473,False,0.3271906689077269,0
33,474,False,0.0676409928670715,0
33,475,False,0.3328039645201829,0
33,476,False,0.5689403837780267,0
33,477,False,0.1687368232740908,0
33,478,False,0.3234785077429782,0
33,479,False,0.2595142364225923,0
33,480,False,0.2107341076181594,0
33,481,False,0.4454389315848823,0
33,482,False,0.1925251778170265,0
33,483,False,0.4215730229751968,0
33,484,False,0.3147556062634345,0
33,485,False,0.089175148068904,0
33,486,False,0.1813974974553684,0
33,487,False,0.2888520759798477,0
33,488,False,0.1912204640490106,0
33,489,False,0.254632025981011,0
33,490,False,0.2626091579593145,0
33,491,False,0.1868577020761625,0
33,492,False,0.1235656832485277,0
33,493,False,0.3590902667010948,0
33,494,False,0.0072479127321231,0
33,495,False,0.2254122917396397,0
33,496,False,0.3682584032090778,0
33,497,False,0.4700537573475749,0
33,498,False,0.2334079593854568,0
33,499,False,0.604550623924786,0
33,500,False,0.1116182558215075,0
33,501,False,0.2918006363881575,0
33,502,False,0.2436788503320043,0
33,503,False,0.0911729007382388,0
33,504,False,0.3423826121689441,0
33,505,False,0.2613583638874165,0
33,506,False,0.1054542174997974,0
33,507,False,0.3394195895177768,0
33,508,False,0.0667440465050857,0
33,509,False,0.3948447858495602,0
33,510,False,0.1701597344690188,0
33,511,True,0.6912093386389426,0
33,512,False,0.1701650430716366,0
33,513,False,0.259658072094199,0
33,514,False,0.3408592494335257,0
33,515,False,0.1936145912070428,0
33,516,False,0.4421189571746821,0
33,517,False,0.2918146343826823,0
33,518,False,0.0431616328618451,0
33,519,False,0.0852628517039114,0
33,520,False,0.4737658354893495,0
33,521,False,0.2739533039710695,0
33,522,False,0.2373952074488494,0
33,523,False,0.2670788820929144,0
33,524,False,0.1034879707346583,0
33,525,False,0.2279511321623418,0
33,526,False,0.2627333305254055,0
33,527,False,0.6891140409001313,0
33,528,False,0.2505649400674639,0
33,529,False,0.2446496929766223,0
33,530,False,0.2767384149382149,0
33,531,False,0.2722051205048573,0
33,532,False,0.2299484569093162,0
33,533,False,0.4257053209843408,0
33,534,False,0.2227111874163941,0
33,535,False,0.4773689304451496,0
33,536,False,0.2310129865169898,0
33,537,False,0.4314435361946498,0
33,538,False,0.3868797602101907,0
33,539,False,0.208678135078325,0
33,540,False,0.0900249981999672,0
33,541,False,0.6038569167009646,0
33,542,False,0.2265233252301209,0
33,543,False,0.3042970610133372,0
33,544,False,0.1646258613749868,0
33,545,False,0.1823972362349482,0
33,546,False,0.4766491048877699,0
33,547,False,0.5264086385938195,0
33,548,False,0.3609203123415569,0
33,549,False,0.2509553296201303,0
33,550,False,0.3835316726535463,0
33,551,False,0.1959117186620537,0
33,552,False,0.2976150813463317,0
33,553,False,0.1323735027451481,0
33,554,False,0.126311680440905,0
33,555,False,0.3547665226580853,0
33,556,False,0.3219807096428471,0
33,557,False,0.310809260614259,0
33,558,False,0.2266135263526242,0
33,559,False,0.3116613226660596,0
33,560,False,0.1721735905143979,0
33,561,False,0.0414669752128248,0
33,562,False,0.2761974130074415,0
33,563,False,0.094253560316938,0
33,564,False,0.4118445340829866,0
33,565,False,0.5157009792685964,0
33,566,False,0.6342283268293691,0
33,567,False,0.2717021731900056,0
33,568,False,0.1611555559536509,0
33,569,False,0.3019616530585536,0
33,570,False,0.2474761658633007,0
33,571,False,0.2773672197869529,0
33,572,False,0.4722249959604593,0
33,573,False,0.2190395136759253,0
33,574,False,0.2513040412624526,0
33,575,False,0.1344989142255937,0
33,576,False,0.2575375190463321,0
33,577,False,0.5758311543371692,0
33,578,False,0.1747889880746776,0
33,579,False,0.4404393990716352,0
33,580,False,0.239968723155057,0
33,581,False,0.4457504855829945,0
33,582,False,0.4181457323941839,0
33,583,False,0.1247787246488094,0
33,584,False,0.4135696874278296,0
33,585,False,0.0855221607194543,0
33,586,False,0.102384952851844,0
33,587,False,0.2285050887405005,0
33,588,False,0.5466614162505907,0
33,589,False,0.3510850322437097,0
33,590,False,0.1394105760462668,0
33,591,False,0.0536995154899485,0
33,592,False,0.3806987361056626,0
33,593,False,0.2794224044294483,0
33,594,False,0.3066911814390244,0
33,595,False,0.3430330836467324,0
33,596,False,0.476114544370721,0
33,597,False,0.2554704259647891,0
33,598,False,0.5012006017832084,0
33,599,False,0.154006662960799,0
33,600,False,0.0632323404051646,0
33,601,False,0.4483454588827538,0
33,602,False,0.1099758633977806,0
33,603,False,0.2998031027074426,0
33,604,False,0.5363077304756033,0
33,605,False,0.0670542699936395,0
33,606,False,0.3373425781481131,0
33,607,False,0.0616375155621336,0
33,608,False,0.2669105924136806,0
33,609,False,0.0146819331277921,0
33,610,False,0.0929129012701737,0
33,611,False,0.1620845901138898,0
33,612,False,0.0555877186492738,0
33,613,False,0.3628731421368042,0
33,614,False,0.326185553069642,0
33,615,False,0.5516768599767246,0
33,616,False,0.1099186560623747,0
33,617,False,0.2171848103951794,0
33,618,False,0.0782209788311515,0
33,619,False,0.1767688055025618,0
33,620,True,0.5954379734962468,0
33,621,False,0.3971726866093809,0
33,622,False,0.1055672064555032,0
33,623,False,0.0311859105555057,0
33,624,False,0.0279579619790819,0
33,625,False,0.3679765943353593,0
33,626,False,0.159129571300425,0
33,627,True,0.7380869638355531,0
33,628,False,0.2436991769678001,0
33,629,False,0.170977740591307,0
33,630,False,0.0807239819987891,0
33,631,False,0.4477791997522805,0
33,632,False,0.197351654715525,0
33,633,False,0.2614729695537015,0
33,634,False,0.2791904822094437,0
33,635,False,0.2492464228769708,0
33,636,False,0.3888004532026781,0
33,637,False,0.0898309777348184,0
33,638,False,0.2393537041475697,0
33,639,False,0.2004520499405746,0
33,640,False,0.4009969437535314,0
33,641,False,0.4674355152035755,0
33,642,False,0.1279157924541819,0
33,643,False,0.403734941984525,0
33,644,False,0.0894865576156005,0
33,645,False,0.2478156639906327,0
33,646,False,0.26449203451846,0
33,647,False,0.4549932251283338,0
33,648,False,0.3895079338725103,0
33,649,False,0.0971817728565808,0
33,650,False,0.3828986050331805,0
33,651,False,0.297838427885603,0
33,652,False,0.5903979088514874,0
33,653,False,0.1760983318750708,0
33,654,False,0.2144134952920709,0
33,655,False,0.6204682337798468,0
33,656,False,0.4872331449600042,0
33,657,False,0.0962069245149607,0
33,658,False,0.2496558034719668,0
33,659,False,0.341237799092246,0
33,660,False,0.4009150563139554,0
33,661,False,0.1179359076194324,0
33,662,True,0.5572754113921149,0
33,663,False,0.0629427880187678,0
33,664,False,0.1229522065476816,0
33,665,False,0.5302969759506505,0
33,666,False,0.2709993961105075,0
33,667,False,0.2770890275188418,0
33,668,False,0.301184192228817,0
33,669,False,0.1401494015576146,0
33,670,False,0.0737337849011167,0
33,671,False,0.3291565105170932,0
33,672,False,0.359768584824016,0
33,673,False,0.3097774732702404,0
33,674,False,0.180350414287884,0
33,675,False,0.1104932580161498,0
33,676,False,0.2268526189451653,0
33,677,True,0.6389059701703222,0
33,678,False,0.2431391535156832,0
33,679,False,0.2159680460480785,0
33,680,False,0.2485571743584797,0
33,681,False,0.2374704597128737,0
33,682,False,0.5319284493276698,0
33,683,False,0.3904389243462244,0
33,684,False,0.1697375890428857,0
33,685,False,0.204026175015018,0
33,686,False,0.2549263267105989,0
33,687,False,0.2890608269629373,0
33,688,False,0.1407896901376907,0
33,689,False,0.1884686348827569,0
33,690,False,0.5651992012277928,0
33,691,False,0.5441384134079766,0
33,692,False,0.2074958132489381,0
33,693,False,0.1937947313120766,0
33,694,False,0.3917365978571069,0
33,695,False,0.0549042835324885,0
33,696,False,0.513200034727355,0
33,697,False,0.1680138488305095,0
33,698,False,0.3498451382963249,0
33,699,False,0.0647089915680699,0
33,700,False,0.3992098512519557,0
33,701,False,0.3602074853627584,0
33,702,False,0.3368158164406375,0
33,703,False,0.1256675155755714,0
33,704,False,0.186745643052941,0
33,705,False,0.3090542956810058,0
33,706,False,0.1611047165510067,0
33,707,False,0.156019393834899,0
33,708,False,0.4891720840330514,0
33,709,False,0.0405952160464261,0
33,710,False,0.5013100171730703,0
33,711,False,0.125480123667906,0
33,712,False,0.3783262469877855,0
33,713,False,0.3222129037148611,0
33,714,False,0.1213622535720952,0
33,715,False,0.164766719941082,0
33,716,False,0.4210690230658028,0
33,717,False,0.2230656431040991,0
33,718,True,0.7475416808203147,0
33,719,False,0.1765326311521286,0
33,720,False,0.1693998756977423,0
33,721,False,0.1012367631091599,0
33,722,False,0.1552197678852778,0
33,723,False,0.2516719879928031,0
33,724,False,0.6988438963940432,0
33,725,False,0.1628761947287865,0
33,726,False,0.035861074519571,0
33,727,False,0.1868926162656133,0
33,728,False,0.2802197590789023,0
33,729,False,0.5039853388745347,0
33,730,False,0.2905356993774629,0
33,731,False,0.2137032540043945,0
33,732,False,0.1742040407701023,0
33,733,False,0.3991960073625363,0
33,734,False,0.2659319496638474,0
33,735,False,0.4020401338219225,0
33,736,False,0.1054043592980552,0
33,737,False,0.1896220786800948,0
33,738,False,0.3548328182831716,0
33,739,False,0.0785174307392475,0
33,740,False,0.123504889954708,0
33,741,False,0.2413778454503063,0
33,742,False,0.4688543103047804,0
33,743,False,0.5491671814360513,0
33,744,False,0.1320866566288173,0
33,745,False,0.2989363140201345,0
33,746,False,0.5146805029932751,0
33,747,False,0.4008971368260078,0
33,748,False,0.2842255949831302,0
33,749,False,0.317544110113382,0
33,750,False,0.1384834698703489,0
33,751,False,0.2009712364540103,0
33,752,False,0.2418896431622072,0
33,753,False,0.2295611941890383,0
33,754,False,0.2156860757163646,0
33,755,False,0.1231095801822028,0
33,756,False,0.5160624858560737,0
33,757,False,0.2623139249573352,0
33,758,False,0.2309942687514944,0
33,759,False,0.0959512859344814,0
33,760,False,0.340353357371217,0
33,761,False,0.1569467002743433,0
33,762,False,0.1620025771710848,0
33,763,False,0.1945993531314553,0
33,764,False,0.3889033363849212,0
33,765,False,0.3240072686151163,0
33,766,False,0.0569606868617727,0
33,767,False,0.5068443274386882,0
33,768,False,0.3043925052678168,0
33,769,False,0.2972452247392276,0
33,770,False,0.1367056096153261,0
33,771,False,0.4491401171221709,0
33,772,False,0.2518147960573942,0
33,773,False,0.1695139260731264,0
33,774,False,0.0801464927057364,0
33,775,False,0.2325370523553835,0
33,776,False,0.4841625365767797,0
33,777,False,0.1693257626556566,0
33,778,False,0.0747789270014016,0
33,779,False,0.1852423234921943,0
33,780,False,0.1679635137045052,0
33,781,False,0.2763354949660545,0
33,782,False,0.1309785515470798,0
33,783,False,0.1542500262093677,0
33,784,False,0.0899353835301188,0
33,785,False,0.3465590425511273,0
33,786,False,0.1649902537464189,0
33,787,False,0.1454381844637113,0
33,788,False,0.451163889216197,0
33,789,False,0.5292063498589319,0
33,790,False,0.3771771971387949,0
33,791,False,0.4977153092263308,0
33,792,False,0.4231845666292447,0
33,793,False,0.2173364748969555,0
33,794,False,0.1054974346874186,0
33,795,False,0.177115816076833,0
33,796,False,0.1560104234247701,0
33,797,False,0.3583027272484148,0
33,798,False,0.2382117203777517,0
33,799,False,0.0444376371349206,0
33,800,False,0.1774341564063493,0
33,801,False,0.0810503458688375,0
33,802,False,0.2332597297899884,0
33,803,False,0.4563029734443914,0
33,804,False,0.1109951227085874,0
33,805,False,0.524107383079782,0
33,806,False,0.2494485341513156,0
33,807,False,0.3576596696917246,0
33,808,False,0.1411241998676989,0
33,809,False,0.2562193556155805,0
33,810,False,0.5239791499617252,0
33,811,False,0.4819498063691885,0
33,812,False,0.2639644320402215,0
33,813,False,0.223514158884564,0
33,814,False,0.2764270470816738,0
33,815,False,0.321129255341407,0
33,816,False,0.557406885681536,0
33,817,False,0.1621890861748199,0
33,818,False,0.154807479392052,0
33,819,False,0.2096039228273493,0
33,820,False,0.1068665371877108,0
33,821,False,0.36441921405229,0
33,822,False,0.069854215232803,0
33,823,False,0.5752524381494896,0
33,824,False,0.2816515588456469,0
33,825,False,0.3794411536939451,0
33,826,False,0.0456596310029253,0
33,827,False,0.3907392159198113,0
33,828,False,0.3259029406210039,0
33,829,False,0.3450841502829877,0
33,830,False,0.2370136739010705,0
33,831,False,0.4243518655493258,0
33,832,False,0.1288120009908881,0
33,833,False,0.3299114686361586,0
33,834,False,0.0667555305661823,0
33,835,False,0.1057107830323264,0
33,836,False,0.5357995621053333,0
33,837,False,0.1595713437757506,0
33,838,False,0.1228798987176632,0
33,839,False,0.3099564477393267,0
33,840,False,0.5006741240171694,0
33,841,False,0.1925333812435086,0
33,842,False,0.6798139772747849,0
33,843,False,0.1658069239561412,0
33,844,False,0.445325731706341,0
33,845,False,0.2871034665903474,0
33,846,False,0.2051521024846308,0
33,847,False,0.3569482999794101,0
33,848,False,0.0872053159749631,0
33,849,False,0.23791157291652,0
33,850,False,0.2125906368597829,0
33,851,False,0.3380474712276761,0
33,852,False,0.2905275608427198,0
33,853,False,0.3479181328972756,0
33,854,False,0.4221996077051169,0
33,855,False,0.2424964231836355,0
33,856,False,0.3024763373927353,0
33,857,False,0.5685546252018754,0
33,858,False,0.2939324011203272,0
33,859,False,0.2371806947234474,0
33,860,False,0.4348483136027772,0
33,861,False,0.2476647534198212,0
33,862,False,0.5915252921662858,0
33,863,False,0.4941427378687356,0
33,864,False,0.1927509224419929,0
33,865,False,0.215708580571228,0
33,866,False,0.4548274324248505,0
33,867,False,0.432033472949111,0
33,868,False,0.4727380263938699,0
33,869,False,0.2538973946761992,0
33,870,False,0.2857213617632627,0
33,871,False,0.2317922806044498,0
33,872,False,0.2332041462800099,0
33,873,False,0.1697303259220881,0
33,874,False,0.4915121741124872,0
33,875,False,0.3319587751508012,0
33,876,False,0.3427031340245881,0
33,877,False,0.4732074603715058,0
33,878,False,0.057826174727944,0
33,879,False,0.3342823374545915,0
33,880,False,0.5055663733930453,0
33,881,False,0.1092677169367234,0
33,882,False,0.476371862104171,0
33,883,False,0.3351520189164386,0
33,884,False,0.3113112656037834,0
33,885,False,0.3156514521042243,0
33,886,False,0.1342593059642669,0
33,887,False,0.0426125165402731,0
33,888,False,0.4402492515093427,0
33,889,False,0.1195934956640864,0
33,890,False,0.2000779313230957,0
33,891,True,0.7007817975708072,0
33,892,False,0.2817555447671213,0
33,893,False,0.3492651154755515,0
33,894,False,0.183486628129589,0
33,895,False,0.5023166737897836,0
33,896,False,0.0624500784100217,0
33,897,False,0.4354437700393007,0
33,898,False,0.0920630148030118,0
33,899,False,0.6257518883853295,0
33,900,False,0.3770081169472025,0
33,901,False,0.1271719790497805,0
33,902,False,0.2743528735631583,0
33,903,False,0.3825666156869312,0
33,904,False,0.1784396198271592,0
33,905,False,0.2162905367743838,0
33,906,False,0.5209740341645329,0
33,907,False,0.279074004926693,0
33,908,False,0.4849887995749727,0
33,909,False,0.3481128642195799,0
33,910,False,0.3776973082787966,0
33,911,False,0.4552676384890686,0
33,912,False,0.564636774420852,0
33,913,False,0.1352549552408208,0
33,914,False,0.4189062970344011,0
33,915,True,0.6277239733678208,0
33,916,False,0.4233062618932802,0
33,917,False,0.3242865327317485,0
33,918,False,0.5237323534287259,0
33,919,False,0.6843643932117193,0
33,920,False,0.3592652758898438,0
33,921,False,0.3939614324212918,0
33,922,False,0.3799956547644613,0
33,923,False,0.0841743365393104,0
33,924,False,0.4372271147397712,0
33,925,False,0.0941077935758852,0
33,926,False,0.3982612864989766,0
33,927,False,0.0776550664575109,0
33,928,False,0.1282124549316295,0
33,929,False,0.2142506430565661,0
33,930,False,0.1898088523955465,0
33,931,False,0.449549690409468,0
33,932,False,0.2340831361350911,0
33,933,False,0.1004746869111375,0
33,934,False,0.1752910699720822,0
33,935,False,0.3112062459089998,0
33,936,False,0.3072581434169985,0
33,937,False,0.3162298390616307,0
33,938,False,0.4493230296578294,0
33,939,False,0.4992607592612914,0
33,940,False,0.3797328747609579,0
33,941,False,0.2587951204847887,0
33,942,False,0.217206502029108,0
33,943,False,0.6337271424536701,0
33,944,False,0.3024225452045582,0
33,945,False,0.353243831536729,0
33,946,False,0.1960088011812329,0
33,947,False,0.194604146338236,0
33,948,False,0.1201659626916901,0
33,949,False,0.2881738348704263,0
33,950,False,0.1945107684338112,0
33,951,False,0.2219017467003496,0
33,952,False,0.4924424140581507,0
33,953,False,0.0850659978225831,0
33,954,False,0.1707846803550596,0
33,955,False,0.3275299415979275,0
33,956,False,0.3146017534698956,0
33,957,False,0.5591300431761457,0
33,958,False,0.0569074657411333,0
33,959,False,0.5215862971395819,0
33,960,False,0.1109111744624726,0
33,961,False,0.2265228453079547,0
33,962,False,0.0823237952883983,0
33,963,False,0.0203376211117979,0
33,964,False,0.515099224706211,0
33,965,False,0.1524295832997067,0
33,966,False,0.401561690342304,0
33,967,False,0.1934741652155991,0
33,968,True,0.5676055160091945,0
33,969,False,0.207457529958512,0
33,970,False,0.2430327927543291,0
33,971,False,0.1686796225990403,0
33,972,False,0.1197872134843499,0
33,973,False,0.4281637369757693,0
33,974,False,0.2805328520070296,0
33,975,False,0.0255304591814648,0
33,976,False,0.5758838933798938,0
33,977,False,0.2466749134265328,0
33,978,False,0.1265914119379539,0
33,979,False,0.076905262823075,0
33,980,False,0.1317865994756037,0
33,981,False,0.3423522504030944,0
33,982,False,0.4422870444385288,0
33,983,False,0.2290208014335576,0
33,984,True,0.8133424050014515,0
33,985,False,0.2079234242657764,0
33,986,False,0.2608344425937606,0
33,987,False,0.1095262841662347,0
33,988,False,0.2508512520003949,0
33,989,False,0.4615262690501316,0
33,990,False,0.6224521206393593,0
33,991,False,0.3984798933684013,0
33,992,False,0.0587343222846886,0
33,993,False,0.0996858624336007,0
33,994,False,0.0587453867701584,0
33,995,False,0.1404948127964428,0
33,996,False,0.1813561796987826,0
33,997,False,0.1207732276954052,0
33,998,False,0.3803905055871858,0
33,999,False,0.115508747068787,0
34,0,False,0.3536766572335658,0
34,1,False,0.2485580660782393,0
34,2,False,0.4159590873381714,0
34,3,False,0.1599675758099919,0
34,4,False,0.5502830780616322,0
34,5,False,0.110945287593398,0
34,6,False,0.5098966417920571,0
34,7,False,0.1772703794727445,0
34,8,False,0.1982904719133444,0
34,9,False,0.3762367882135499,0
34,10,False,0.5434668040445325,0
34,11,False,0.0847637629426502,0
34,12,False,0.3579287927839609,0
34,13,False,0.2733207739503824,0
34,14,False,0.1343761410948502,0
34,15,False,0.3532548500048075,0
34,16,False,0.1327901214327579,0
34,17,False,0.326434368425168,0
34,18,False,0.1658104012585459,0
34,19,False,0.207734214505591,0
34,20,False,0.2634084880828478,0
34,21,False,0.3900143303664891,0
34,22,False,0.1536454700072753,0
34,23,False,0.3055023511983206,0
34,24,False,0.203313881265596,0
34,25,False,0.1838768760882306,0
34,26,False,0.3678240872354807,0
34,27,False,0.2020967664638769,0
34,28,False,0.1863395045288194,0
34,29,False,0.2835202997539891,0
34,30,False,0.1003993030662121,0
34,31,False,0.207729389165234,0
34,32,False,0.3096377073595142,0
34,33,False,0.0443858001226034,0
34,34,False,0.1245792134455452,0
34,35,False,0.2110033201581862,0
34,36,False,0.3581887554246956,0
34,37,False,0.6522422663601021,0
34,38,False,0.1622660260567806,0
34,39,False,0.0694242954698856,0
34,40,False,0.076848080809821,0
34,41,False,0.1744335165862888,0
34,42,False,0.5434537469656785,0
34,43,False,0.0616539134466732,0
34,44,False,0.2356865066312641,0
34,45,False,0.3132941266752032,0
34,46,False,0.1525833147039861,0
34,47,False,0.3868863360183782,0
34,48,False,0.4845897602554896,0
34,49,False,0.0959387779732849,0
34,50,False,0.3662241584833629,0
34,51,False,0.2983728426907024,0
34,52,False,0.2237663665214278,0
34,53,False,0.1642916485213648,0
34,54,False,0.4613858274628866,0
34,55,False,0.0983214607503696,0
34,56,False,0.179247512983417,0
34,57,False,0.3430187325979972,0
34,58,False,0.2746698380360602,0
34,59,False,0.4432945779277498,0
34,60,False,0.1327244318952246,0
34,61,False,0.4006430877209991,0
34,62,False,0.3225960385009868,0
34,63,False,0.2923618255131976,0
34,64,False,0.1135769732526367,0
34,65,False,0.3415589572254627,0
34,66,False,0.1699958739594175,0
34,67,True,0.8014732049023443,0
34,68,False,0.1317706240875745,0
34,69,False,0.125499659191502,0
34,70,False,0.3370138954716539,0
34,71,False,0.0343986220052017,0
34,72,False,0.159377520333094,0
34,73,False,0.2615158445906097,0
34,74,False,0.2491194021961276,0
34,75,False,0.0685869246308145,0
34,76,False,0.4595064072499054,0
34,77,False,0.5414781386117564,0
34,78,False,0.2605960618109315,0
34,79,False,0.067535907483785,0
34,80,False,0.0467688349727268,0
34,81,False,0.127131476580951,0
34,82,False,0.3265987258278122,0
34,83,False,0.1191248654111389,0
34,84,False,0.1077670455014623,0
34,85,False,0.3246010263074086,0
34,86,False,0.2193544911847561,0
34,87,False,0.3047922320216946,0
34,88,False,0.403730071467841,0
34,89,False,0.1841289216978105,0
34,90,False,0.2344736594858819,0
34,91,False,0.175068748991844,0
34,92,False,0.2673316734797696,0
34,93,False,0.238699744225137,0
34,94,False,0.3257956107307604,0
34,95,False,0.4434878606676832,0
34,96,False,0.3855671372233749,0
34,97,False,0.0961525816865667,0
34,98,False,0.2089847738799713,0
34,99,False,0.1661962342804483,0
34,100,False,0.2272148735050511,0
34,101,False,0.4759204964642726,0
34,102,False,0.1158847910316493,0
34,103,False,0.1718540724955221,0
34,104,False,0.2409358088306848,0
34,105,False,0.1965854535395116,0
34,106,False,0.1545074012420307,0
34,107,False,0.3024753876496196,0
34,108,False,0.2628503990216566,0
34,109,False,0.1783854898271363,0
34,110,False,0.0714033686941217,0
34,111,False,0.3680479351839821,0
34,112,False,0.1650023992108502,0
34,113,True,0.6463769483914986,0
34,114,False,0.5031230845032987,0
34,115,False,0.4086469850455971,0
34,116,False,0.3784719386186747,0
34,117,False,0.4808171104256128,0
34,118,False,0.4501527714550122,0
34,119,False,0.3148546559271867,0
34,120,False,0.3458306244455384,0
34,121,False,0.5386521682270735,0
34,122,False,0.3061721796943814,0
34,123,False,0.145588134244425,0
34,124,False,0.4518857472364912,0
34,125,False,0.3599374248179245,0
34,126,False,0.061906433771692,0
34,127,False,0.2328545928203029,0
34,128,False,0.1920824664494293,0
34,129,False,0.5199092769591175,0
34,130,False,0.2201943740399156,0
34,131,False,0.1377202357514125,0
34,132,False,0.471971286182723,0
34,133,False,0.1588460545173127,0
34,134,False,0.0596894752708395,0
34,135,False,0.3408156596522683,0
34,136,False,0.3066486182634088,0
34,137,False,0.2789555071166884,0
34,138,False,0.3288097857207583,0
34,139,False,0.4064901896391388,0
34,140,False,0.3234596782435212,0
34,141,False,0.1813428850517404,0
34,142,False,0.110344420804029,0
34,143,False,0.0626113417445731,0
34,144,False,0.3893738659278771,0
34,145,False,0.2208119923981546,0
34,146,False,0.1705774606874289,0
34,147,False,0.0676360338470681,0
34,148,False,0.2063693713019656,0
34,149,False,0.3587901228827754,0
34,150,False,0.316899984774653,0
34,151,False,0.1365637082251592,0
34,152,False,0.2170837430502517,0
34,153,False,0.1363792431986001,0
34,154,False,0.0637349304068678,0
34,155,False,0.5785716282335199,0
34,156,False,0.1673754331871321,0
34,157,False,0.485750585203021,0
34,158,False,0.2231288814404552,0
34,159,False,0.3734488472849538,0
34,160,False,0.3866075694193058,0
34,161,False,0.2910392925454743,0
34,162,False,0.3584957567261279,0
34,163,False,0.3688485254461,0
34,164,False,0.4338558481917234,0
34,165,False,0.0593243266171532,0
34,166,False,0.1537383027458395,0
34,167,True,0.690927168796683,0
34,168,False,0.0492709683183529,0
34,169,False,0.1859158401713941,0
34,170,False,0.2715695031402613,0
34,171,False,0.3219105263709601,0
34,172,False,0.4820942894903152,0
34,173,False,0.319706275524256,0
34,174,False,0.4916099383257625,0
34,175,False,0.1841729708671041,0
34,176,False,0.0293922497739453,0
34,177,False,0.4383244007111607,0
34,178,False,0.2201991781916555,0
34,179,False,0.1272898020531447,0
34,180,False,0.5623099425360222,0
34,181,False,0.1351692568264888,0
34,182,False,0.1892652527031718,0
34,183,False,0.2788522124309327,0
34,184,False,0.2584988688589334,0
34,185,False,0.1713624183536284,0
34,186,False,0.3902904125361203,0
34,187,False,0.1388409287646581,0
34,188,False,0.4659217194194351,0
34,189,False,0.6157519764816631,0
34,190,False,0.3073799210471541,0
34,191,False,0.3116610941567272,0
34,192,False,0.1347012643177103,0
34,193,True,0.7239031844967967,0
34,194,False,0.1191002777077864,0
34,195,False,0.2853857889201115,0
34,196,False,0.514309690041867,0
34,197,False,0.15648979507517,0
34,198,False,0.2605575260313472,0
34,199,False,0.1398135905354235,0
34,200,False,0.388093991336372,0
34,201,False,0.4641645770320866,0
34,202,False,0.1284580477416679,0
34,203,False,0.0552063959733059,0
34,204,False,0.0172791270801268,0
34,205,False,0.1592498686850636,0
34,206,False,0.2667449952728772,0
34,207,False,0.529692033598347,0
34,208,False,0.3071017670062408,0
34,209,False,0.2504805636294226,0
34,210,False,0.4035583213875158,0
34,211,False,0.3696214928596068,0
34,212,False,0.2207809777676418,0
34,213,False,0.0907414859941739,0
34,214,False,0.4262985613707276,0
34,215,False,0.3076570372812911,0
34,216,False,0.0868688695425104,0
34,217,False,0.3198826790647721,0
34,218,False,0.1724594545811701,0
34,219,False,0.5236077465948994,0
34,220,False,0.144113060499894,0
34,221,False,0.4369016405600799,0
34,222,False,0.5620366156958401,0
34,223,False,0.2038808086447868,0
34,224,False,0.2652600697023149,0
34,225,False,0.342996453032718,0
34,226,False,0.3081745146780117,0
34,227,False,0.0784764086339576,0
34,228,False,0.2041784285394985,0
34,229,False,0.4675748017124985,0
34,230,False,0.2244438821429141,0
34,231,False,0.5642742600782021,0
34,232,False,0.4583638031993273,0
34,233,False,0.2287323521569573,0
34,234,False,0.1941625323271394,0
34,235,False,0.1140487847503583,0
34,236,False,0.1188638980722389,0
34,237,False,0.224300325608497,0
34,238,False,0.1748455929095408,0
34,239,False,0.2381018443075495,0
34,240,False,0.4379433493911621,0
34,241,False,0.3050820962749862,0
34,242,False,0.4110151238583872,0
34,243,False,0.2384113862023676,0
34,244,False,0.3055585620380799,0
34,245,False,0.2243119866738172,0
34,246,False,0.2283035041843001,0
34,247,False,0.601389322500987,0
34,248,False,0.1861016376343618,0
34,249,False,0.3322376533914182,0
34,250,False,0.1535906531023021,0
34,251,True,0.5895945688191788,0
34,252,False,0.1360111358496654,0
34,253,False,0.1452923245069306,0
34,254,False,0.4696325075583425,0
34,255,False,0.3470548878739906,0
34,256,False,0.2243778179558153,0
34,257,False,0.380680807328598,0
34,258,False,0.2527384697197175,0
34,259,False,0.1918417920208668,0
34,260,False,0.217770879130423,0
34,261,False,0.5469541833338392,0
34,262,False,0.4320278193633133,0
34,263,False,0.337528941637207,0
34,264,False,0.2801225539599779,0
34,265,False,0.2046927163646063,0
34,266,False,0.1978288911575661,0
34,267,False,0.4200987516052237,0
34,268,False,0.0945684310647346,0
34,269,False,0.0683369109310005,0
34,270,False,0.3733711511916154,0
34,271,False,0.1814974593978298,0
34,272,False,0.4688203508208859,0
34,273,False,0.4418376196321603,0
34,274,False,0.2731195652421582,0
34,275,False,0.4417392325829916,0
34,276,False,0.4514994659346463,0
34,277,False,0.5143025110676812,0
34,278,False,0.1984804228376855,0
34,279,False,0.0562449592429087,0
34,280,False,0.0130969161112021,0
34,281,False,0.4422153449338335,0
34,282,False,0.2563288233480382,0
34,283,False,0.1200803715075963,0
34,284,False,0.2906548683413762,0
34,285,False,0.248426499061781,0
34,286,False,0.273114962563885,0
34,287,False,0.2310327453733966,0
34,288,False,0.3977583849607771,0
34,289,False,0.1228099507461072,0
34,290,False,0.2443124657062036,0
34,291,False,0.1690550311731764,0
34,292,False,0.3630143517577401,0
34,293,False,0.1593915793032425,0
34,294,False,0.0980124610961424,0
34,295,False,0.325874443929199,0
34,296,False,0.3065108052415546,0
34,297,False,0.0767121836501658,0
34,298,False,0.4728620841435421,0
34,299,False,0.3157011011273116,0
34,300,False,0.2063096419420389,0
34,301,False,0.0386729386542437,0
34,302,False,0.4168670056078366,0
34,303,False,0.3052640817200645,0
34,304,False,0.360409463644948,0
34,305,False,0.3196523721264053,0
34,306,False,0.0603920315480385,0
34,307,False,0.2176756192715158,0
34,308,False,0.4233910425225104,0
34,309,False,0.0857535961606485,0
34,310,False,0.241142100263168,0
34,311,False,0.1068213695009309,0
34,312,False,0.3939974320667165,0
34,313,False,0.2557226333708657,0
34,314,False,0.3840811292272226,0
34,315,False,0.3661458059524538,0
34,316,False,0.5816434885743039,0
34,317,False,0.5621775612709531,0
34,318,False,0.0884444403006964,0
34,319,False,0.3446235300029249,0
34,320,False,0.6095654722173228,0
34,321,False,0.3141309765261968,0
34,322,False,0.6479463612947148,0
34,323,False,0.2265019195492524,0
34,324,False,0.4532267059451018,0
34,325,False,0.5996218506997747,0
34,326,False,0.1362318623539835,0
34,327,False,0.2361379497655822,0
34,328,False,0.6046614565204121,0
34,329,False,0.2920487185984639,0
34,330,False,0.4004222737895427,0
34,331,False,0.4507710944195557,0
34,332,False,0.1848018664101324,0
34,333,False,0.4101929338053977,0
34,334,False,0.34973434990572,0
34,335,False,0.1756191969893639,0
34,336,False,0.2052622268743936,0
34,337,False,0.6085560017364287,0
34,338,False,0.141658770535373,0
34,339,False,0.43593946275941,0
34,340,False,0.3082365330185971,0
34,341,False,0.4550063988010734,0
34,342,False,0.4275490847618506,0
34,343,False,0.2781861683282088,0
34,344,False,0.1852405523576611,0
34,345,False,0.5553171992560851,0
34,346,False,0.5031820579410835,0
34,347,False,0.3218467203585847,0
34,348,False,0.2940375021670958,0
34,349,False,0.1254493851034331,0
34,350,False,0.4444012505601111,0
34,351,False,0.5757688148776429,0
34,352,False,0.1238108655661201,0
34,353,False,0.1417424749206275,0
34,354,False,0.1872751990226918,0
34,355,False,0.1912672864319361,0
34,356,False,0.2750086185191396,0
34,357,False,0.2594732652222252,0
34,358,False,0.1160173375309619,0
34,359,False,0.5878548997680135,0
34,360,False,0.141844276079871,0
34,361,False,0.2670940915387836,0
34,362,False,0.1693494018369503,0
34,363,False,0.5051295998717548,0
34,364,False,0.2152263011559128,0
34,365,False,0.3026792843884116,0
34,366,False,0.6043368946581595,0
34,367,False,0.2264428247113664,0
34,368,False,0.3300102349170474,0
34,369,False,0.1552676357183774,0
34,370,False,0.2640383541633144,0
34,371,False,0.3870555710169233,0
34,372,False,0.1219581579427709,0
34,373,False,0.2307343681279402,0
34,374,False,0.3374328449762505,0
34,375,False,0.0724104629791323,0
34,376,False,0.3782207354851397,0
34,377,False,0.3194343997975769,0
34,378,False,0.1972597201780969,0
34,379,False,0.287172100514021,0
34,380,False,0.6008221918617068,0
34,381,False,0.0971226057228562,0
34,382,False,0.2750073539162113,0
34,383,False,0.5045933992123101,0
34,384,False,0.1595183596132539,0
34,385,False,0.2144434659745125,0
34,386,False,0.4631573276497399,0
34,387,False,0.278102406698222,0
34,388,False,0.185040538482732,0
34,389,False,0.1145555589074245,0
34,390,False,0.4228950555098883,0
34,391,False,0.6440679634524121,0
34,392,False,0.3083255266751108,0
34,393,False,0.4105774245043222,0
34,394,False,0.1960542058844075,0
34,395,False,0.1388747735087824,0
34,396,False,0.0985267612391955,0
34,397,False,0.3672611312390035,0
34,398,False,0.5073793345737749,0
34,399,False,0.2364619685412546,0
34,400,False,0.4056361401586,0
34,401,False,0.2649097709889378,0
34,402,False,0.3808117943964557,0
34,403,False,0.2253317470448952,0
34,404,False,0.0451536951706062,0
34,405,False,0.1643660328395617,0
34,406,False,0.1914306997277393,0
34,407,False,0.2616461141449531,0
34,408,False,0.3563937219389386,0
34,409,False,0.0807393667249193,0
34,410,False,0.1084574754788678,0
34,411,False,0.2455266465423252,0
34,412,False,0.5453972463065507,0
34,413,False,0.3355411391283527,0
34,414,False,0.1119325748862738,0
34,415,False,0.0786186195421999,0
34,416,False,0.2232495599779229,0
34,417,False,0.2393448930531098,0
34,418,False,0.4691650839986767,0
34,419,False,0.1093010128782776,0
34,420,False,0.350841738423868,0
34,421,False,0.1147332768168895,0
34,422,False,0.5209560844968074,0
34,423,False,0.4629191165410449,0
34,424,False,0.4458084306295856,0
34,425,False,0.4507456473585096,0
34,426,False,0.207768701685737,0
34,427,False,0.5530846398930729,0
34,428,False,0.2414057853315312,0
34,429,False,0.3521991446239845,0
34,430,False,0.5623335554103934,0
34,431,False,0.066028107172517,0
34,432,False,0.4780103627939779,0
34,433,False,0.3619557421910525,0
34,434,False,0.4016190764260652,0
34,435,False,0.1447690887902211,0
34,436,False,0.1485361833971406,0
34,437,False,0.2673122822770018,0
34,438,False,0.2665058948831771,0
34,439,False,0.2016844401116823,0
34,440,False,0.5191348577625704,0
34,441,False,0.0125769688314679,0
34,442,False,0.230059532111924,0
34,443,False,0.0891624767452996,0
34,444,False,0.5437183231209585,0
34,445,False,0.3380641675028336,0
34,446,False,0.2209937767876525,0
34,447,False,0.1223216696690601,0
34,448,False,0.327157746156919,0
34,449,False,0.0999748268202887,0
34,450,False,0.3375920398739411,0
34,451,False,0.5828544730774738,0
34,452,False,0.5490326088038333,0
34,453,False,0.1444002153105774,0
34,454,False,0.5397886850088234,0
34,455,False,0.0491039142380159,0
34,456,False,0.2269298672078842,0
34,457,False,0.1507116244682386,0
34,458,False,0.0397742668078514,0
34,459,False,0.4199586775519187,0
34,460,False,0.4703209324057288,0
34,461,False,0.4593225624256609,0
34,462,False,0.2928697416440324,0
34,463,False,0.3253208111970423,0
34,464,False,0.608299740483025,0
34,465,False,0.227995917813659,0
34,466,False,0.3285833899501695,0
34,467,False,0.188908839828141,0
34,468,False,0.4759491652842039,0
34,469,False,0.4619524675485082,0
34,470,False,0.3355219672420451,0
34,471,False,0.2913305263540643,0
34,472,False,0.3010360813901332,0
34,473,False,0.3271906689077269,0
34,474,False,0.0676409928670715,0
34,475,False,0.3328039645201829,0
34,476,False,0.5689403837780267,0
34,477,False,0.1687368232740908,0
34,478,False,0.3234785077429782,0
34,479,False,0.2595142364225923,0
34,480,False,0.2107341076181594,0
34,481,False,0.4454389315848823,0
34,482,False,0.1925251778170265,0
34,483,False,0.4215730229751968,0
34,484,False,0.3147556062634345,0
34,485,False,0.089175148068904,0
34,486,False,0.1813974974553684,0
34,487,False,0.2888520759798477,0
34,488,False,0.1912204640490106,0
34,489,False,0.254632025981011,0
34,490,False,0.2626091579593145,0
34,491,False,0.1868577020761625,0
34,492,False,0.1235656832485277,0
34,493,False,0.3590902667010948,0
34,494,False,0.0072479127321231,0
34,495,False,0.2254122917396397,0
34,496,False,0.3682584032090778,0
34,497,False,0.4700537573475749,0
34,498,False,0.2334079593854568,0
34,499,False,0.604550623924786,0
34,500,False,0.1116182558215075,0
34,501,False,0.2918006363881575,0
34,502,False,0.2436788503320043,0
34,503,False,0.0911729007382388,0
34,504,False,0.3423826121689441,0
34,505,False,0.2613583638874165,0
34,506,False,0.1054542174997974,0
34,507,False,0.3394195895177768,0
34,508,False,0.0667440465050857,0
34,509,False,0.3948447858495602,0
34,510,False,0.1701597344690188,0
34,511,True,0.6912093386389426,0
34,512,False,0.1701650430716366,0
34,513,False,0.259658072094199,0
34,514,False,0.3408592494335257,0
34,515,False,0.1936145912070428,0
34,516,False,0.4421189571746821,0
34,517,False,0.2918146343826823,0
34,518,False,0.0431616328618451,0
34,519,False,0.0852628517039114,0
34,520,False,0.4737658354893495,0
34,521,False,0.2739533039710695,0
34,522,False,0.2373952074488494,0
34,523,False,0.2670788820929144,0
34,524,False,0.1034879707346583,0
34,525,False,0.2279511321623418,0
34,526,False,0.2627333305254055,0
34,527,False,0.6891140409001313,0
34,528,False,0.2505649400674639,0
34,529,False,0.2446496929766223,0
34,530,False,0.2767384149382149,0
34,531,False,0.2722051205048573,0
34,532,False,0.2299484569093162,0
34,533,False,0.4257053209843408,0
34,534,False,0.2227111874163941,0
34,535,False,0.4773689304451496,0
34,536,False,0.2310129865169898,0
34,537,False,0.4314435361946498,0
34,538,False,0.3868797602101907,0
34,539,False,0.208678135078325,0
34,540,False,0.0900249981999672,0
34,541,False,0.6038569167009646,0
34,542,False,0.2265233252301209,0
34,543,False,0.3042970610133372,0
34,544,False,0.1646258613749868,0
34,545,False,0.1823972362349482,0
34,546,False,0.4766491048877699,0
34,547,False,0.5264086385938195,0
34,548,False,0.3609203123415569,0
34,549,False,0.2509553296201303,0
34,550,False,0.3835316726535463,0
34,551,False,0.1959117186620537,0
34,552,False,0.2976150813463317,0
34,553,False,0.1323735027451481,0
34,554,False,0.126311680440905,0
34,555,False,0.3547665226580853,0
34,556,False,0.3219807096428471,0
34,557,False,0.310809260614259,0
34,558,False,0.2266135263526242,0
34,559,False,0.3116613226660596,0
34,560,False,0.1721735905143979,0
34,561,False,0.0414669752128248,0
34,562,False,0.2761974130074415,0
34,563,False,0.094253560316938,0
34,564,False,0.4118445340829866,0
34,565,False,0.5157009792685964,0
34,566,False,0.6342283268293691,0
34,567,False,0.2717021731900056,0
34,568,False,0.1611555559536509,0
34,569,False,0.3019616530585536,0
34,570,False,0.2474761658633007,0
34,571,False,0.2773672197869529,0
34,572,False,0.4722249959604593,0
34,573,False,0.2190395136759253,0
34,574,False,0.2513040412624526,0
34,575,False,0.1344989142255937,0
34,576,False,0.2575375190463321,0
34,577,False,0.5758311543371692,0
34,578,False,0.1747889880746776,0
34,579,False,0.4404393990716352,0
34,580,False,0.239968723155057,0
34,581,False,0.4457504855829945,0
34,582,False,0.4181457323941839,0
34,583,False,0.1247787246488094,0
34,584,False,0.4135696874278296,0
34,585,False,0.0855221607194543,0
34,586,False,0.102384952851844,0
34,587,False,0.2285050887405005,0
34,588,False,0.5466614162505907,0
34,589,False,0.3510850322437097,0
34,590,False,0.1394105760462668,0
34,591,False,0.0536995154899485,0
34,592,False,0.3806987361056626,0
34,593,False,0.2794224044294483,0
34,594,False,0.3066911814390244,0
34,595,False,0.3430330836467324,0
34,596,False,0.476114544370721,0
34,597,False,0.2554704259647891,0
34,598,False,0.5012006017832084,0
34,599,False,0.154006662960799,0
34,600,False,0.0632323404051646,0
34,601,False,0.4483454588827538,0
34,602,False,0.1099758633977806,0
34,603,False,0.2998031027074426,0
34,604,False,0.5363077304756033,0
34,605,False,0.0670542699936395,0
34,606,False,0.3373425781481131,0
34,607,False,0.0616375155621336,0
34,608,False,0.2669105924136806,0
34,609,False,0.0146819331277921,0
34,610,False,0.0929129012701737,0
34,611,False,0.1620845901138898,0
34,612,False,0.0555877186492738,0
34,613,False,0.3628731421368042,0
34,614,False,0.326185553069642,0
34,615,False,0.5516768599767246,0
34,616,False,0.1099186560623747,0
34,617,False,0.2171848103951794,0
34,618,False,0.0782209788311515,0
34,619,False,0.1767688055025618,0
34,620,True,0.5954379734962468,0
34,621,False,0.3971726866093809,0
34,622,False,0.1055672064555032,0
34,623,False,0.0311859105555057,0
34,624,False,0.0279579619790819,0
34,625,False,0.3679765943353593,0
34,626,False,0.159129571300425,0
34,627,True,0.7380869638355531,0
34,628,False,0.2436991769678001,0
34,629,False,0.170977740591307,0
34,630,False,0.0807239819987891,0
34,631,False,0.4477791997522805,0
34,632,False,0.197351654715525,0
34,633,False,0.2614729695537015,0
34,634,False,0.2791904822094437,0
34,635,False,0.2492464228769708,0
34,636,False,0.3888004532026781,0
34,637,False,0.0898309777348184,0
34,638,False,0.2393537041475697,0
34,639,False,0.2004520499405746,0
34,640,False,0.4009969437535314,0
34,641,False,0.4674355152035755,0
34,642,False,0.1279157924541819,0
34,643,False,0.403734941984525,0
34,644,False,0.0894865576156005,0
34,645,False,0.2478156639906327,0
34,646,False,0.26449203451846,0
34,647,False,0.4549932251283338,0
34,648,False,0.3895079338725103,0
34,649,False,0.0971817728565808,0
34,650,False,0.3828986050331805,0
34,651,False,0.297838427885603,0
34,652,False,0.5903979088514874,0
34,653,False,0.1760983318750708,0
34,654,False,0.2144134952920709,0
34,655,False,0.6204682337798468,0
34,656,False,0.4872331449600042,0
34,657,False,0.0962069245149607,0
34,658,False,0.2496558034719668,0
34,659,False,0.341237799092246,0
34,660,False,0.4009150563139554,0
34,661,False,0.1179359076194324,0
34,662,True,0.5572754113921149,0
34,663,False,0.0629427880187678,0
34,664,False,0.1229522065476816,0
34,665,False,0.5302969759506505,0
34,666,False,0.2709993961105075,0
34,667,False,0.2770890275188418,0
34,668,False,0.301184192228817,0
34,669,False,0.1401494015576146,0
34,670,False,0.0737337849011167,0
34,671,False,0.3291565105170932,0
34,672,False,0.359768584824016,0
34,673,False,0.3097774732702404,0
34,674,False,0.180350414287884,0
34,675,False,0.1104932580161498,0
34,676,False,0.2268526189451653,0
34,677,True,0.6389059701703222,0
34,678,False,0.2431391535156832,0
34,679,False,0.2159680460480785,0
34,680,False,0.2485571743584797,0
34,681,False,0.2374704597128737,0
34,682,False,0.5319284493276698,0
34,683,False,0.3904389243462244,0
34,684,False,0.1697375890428857,0
34,685,False,0.204026175015018,0
34,686,False,0.2549263267105989,0
34,687,False,0.2890608269629373,0
34,688,False,0.1407896901376907,0
34,689,False,0.1884686348827569,0
34,690,False,0.5651992012277928,0
34,691,False,0.5441384134079766,0
34,692,False,0.2074958132489381,0
34,693,False,0.1937947313120766,0
34,694,False,0.3917365978571069,0
34,695,False,0.0549042835324885,0
34,696,False,0.513200034727355,0
34,697,False,0.1680138488305095,0
34,698,False,0.3498451382963249,0
34,699,False,0.0647089915680699,0
34,700,False,0.3992098512519557,0
34,701,False,0.3602074853627584,0
34,702,False,0.3368158164406375,0
34,703,False,0.1256675155755714,0
34,704,False,0.186745643052941,0
34,705,False,0.3090542956810058,0
34,706,False,0.1611047165510067,0
34,707,False,0.156019393834899,0
34,708,False,0.4891720840330514,0
34,709,False,0.0405952160464261,0
34,710,False,0.5013100171730703,0
34,711,False,0.125480123667906,0
34,712,False,0.3783262469877855,0
34,713,False,0.3222129037148611,0
34,714,False,0.1213622535720952,0
34,715,False,0.164766719941082,0
34,716,False,0.4210690230658028,0
34,717,False,0.2230656431040991,0
34,718,True,0.7475416808203147,0
34,719,False,0.1765326311521286,0
34,720,False,0.1693998756977423,0
34,721,False,0.1012367631091599,0
34,722,False,0.1552197678852778,0
34,723,False,0.2516719879928031,0
34,724,False,0.6988438963940432,0
34,725,False,0.1628761947287865,0
34,726,False,0.035861074519571,0
34,727,False,0.1868926162656133,0
34,728,False,0.2802197590789023,0
34,729,False,0.5039853388745347,0
34,730,False,0.2905356993774629,0
34,731,False,0.2137032540043945,0
34,732,False,0.1742040407701023,0
34,733,False,0.3991960073625363,0
34,734,False,0.2659319496638474,0
34,735,False,0.4020401338219225,0
34,736,False,0.1054043592980552,0
34,737,False,0.1896220786800948,0
34,738,False,0.3548328182831716,0
34,739,False,0.0785174307392475,0
34,740,False,0.123504889954708,0
34,741,False,0.2413778454503063,0
34,742,False,0.4688543103047804,0
34,743,False,0.5491671814360513,0
34,744,False,0.1320866566288173,0
34,745,False,0.2989363140201345,0
34,746,False,0.5146805029932751,0
34,747,False,0.4008971368260078,0
34,748,False,0.2842255949831302,0
34,749,False,0.317544110113382,0
34,750,False,0.1384834698703489,0
34,751,False,0.2009712364540103,0
34,752,False,0.2418896431622072,0
34,753,False,0.2295611941890383,0
34,754,False,0.2156860757163646,0
34,755,False,0.1231095801822028,0
34,756,False,0.5160624858560737,0
34,757,False,0.2623139249573352,0
34,758,False,0.2309942687514944,0
34,759,False,0.0959512859344814,0
34,760,False,0.340353357371217,0
34,761,False,0.1569467002743433,0
34,762,False,0.1620025771710848,0
34,763,False,0.1945993531314553,0
34,764,False,0.3889033363849212,0
34,765,False,0.3240072686151163,0
34,766,False,0.0569606868617727,0
34,767,False,0.5068443274386882,0
34,768,False,0.3043925052678168,0
34,769,False,0.2972452247392276,0
34,770,False,0.1367056096153261,0
34,771,False,0.4491401171221709,0
34,772,False,0.2518147960573942,0
34,773,False,0.1695139260731264,0
34,774,False,0.0801464927057364,0
34,775,False,0.2325370523553835,0
34,776,False,0.4841625365767797,0
34,777,False,0.1693257626556566,0
34,778,False,0.0747789270014016,0
34,779,False,0.1852423234921943,0
34,780,False,0.1679635137045052,0
34,781,False,0.2763354949660545,0
34,782,False,0.1309785515470798,0
34,783,False,0.1542500262093677,0
34,784,False,0.0899353835301188,0
34,785,False,0.3465590425511273,0
34,786,False,0.1649902537464189,0
34,787,False,0.1454381844637113,0
34,788,False,0.451163889216197,0
34,789,False,0.5292063498589319,0
34,790,False,0.3771771971387949,0
34,791,False,0.4977153092263308,0
34,792,False,0.4231845666292447,0
34,793,False,0.2173364748969555,0
34,794,False,0.1054974346874186,0
34,795,False,0.177115816076833,0
34,796,False,0.1560104234247701,0
34,797,False,0.3583027272484148,0
34,798,False,0.2382117203777517,0
34,799,False,0.0444376371349206,0
34,800,False,0.1774341564063493,0
34,801,False,0.0810503458688375,0
34,802,False,0.2332597297899884,0
34,803,False,0.4563029734443914,0
34,804,False,0.1109951227085874,0
34,805,False,0.524107383079782,0
34,806,False,0.2494485341513156,0
34,807,False,0.3576596696917246,0
34,808,False,0.1411241998676989,0
34,809,False,0.2562193556155805,0
34,810,False,0.5239791499617252,0
34,811,False,0.4819498063691885,0
34,812,False,0.2639644320402215,0
34,813,False,0.223514158884564,0
34,814,False,0.2764270470816738,0
34,815,False,0.321129255341407,0
34,816,False,0.557406885681536,0
34,817,False,0.1621890861748199,0
34,818,False,0.154807479392052,0
34,819,False,0.2096039228273493,0
34,820,False,0.1068665371877108,0
34,821,False,0.36441921405229,0
34,822,False,0.069854215232803,0
34,823,False,0.5752524381494896,0
34,824,False,0.2816515588456469,0
34,825,False,0.3794411536939451,0
34,826,False,0.0456596310029253,0
34,827,False,0.3907392159198113,0
34,828,False,0.3259029406210039,0
34,829,False,0.3450841502829877,0
34,830,False,0.2370136739010705,0
34,831,False,0.4243518655493258,0
34,832,False,0.1288120009908881,0
34,833,False,0.3299114686361586,0
34,834,False,0.0667555305661823,0
34,835,False,0.1057107830323264,0
34,836,False,0.5357995621053333,0
34,837,False,0.1595713437757506,0
34,838,False,0.1228798987176632,0
34,839,False,0.3099564477393267,0
34,840,False,0.5006741240171694,0
34,841,False,0.1925333812435086,0
34,842,False,0.6798139772747849,0
34,843,False,0.1658069239561412,0
34,844,False,0.445325731706341,0
34,845,False,0.2871034665903474,0
34,846,False,0.2051521024846308,0
34,847,False,0.3569482999794101,0
34,848,False,0.0872053159749631,0
34,849,False,0.23791157291652,0
34,850,False,0.2125906368597829,0
34,851,False,0.3380474712276761,0
34,852,False,0.2905275608427198,0
34,853,False,0.3479181328972756,0
34,854,False,0.4221996077051169,0
34,855,False,0.2424964231836355,0
34,856,False,0.3024763373927353,0
34,857,False,0.5685546252018754,0
34,858,False,0.2939324011203272,0
34,859,False,0.2371806947234474,0
34,860,False,0.4348483136027772,0
34,861,False,0.2476647534198212,0
34,862,False,0.5915252921662858,0
34,863,False,0.4941427378687356,0
34,864,False,0.1927509224419929,0
34,865,False,0.215708580571228,0
34,866,False,0.4548274324248505,0
34,867,False,0.432033472949111,0
34,868,False,0.4727380263938699,0
34,869,False,0.2538973946761992,0
34,870,False,0.2857213617632627,0
34,871,False,0.2317922806044498,0
34,872,False,0.2332041462800099,0
34,873,False,0.1697303259220881,0
34,874,False,0.4915121741124872,0
34,875,False,0.3319587751508012,0
34,876,False,0.3427031340245881,0
34,877,False,0.4732074603715058,0
34,878,False,0.057826174727944,0
34,879,False,0.3342823374545915,0
34,880,False,0.5055663733930453,0
34,881,False,0.1092677169367234,0
34,882,False,0.476371862104171,0
34,883,False,0.3351520189164386,0
34,884,False,0.3113112656037834,0
34,885,False,0.3156514521042243,0
34,886,False,0.1342593059642669,0
34,887,False,0.0426125165402731,0
34,888,False,0.4402492515093427,0
34,889,False,0.1195934956640864,0
34,890,False,0.2000779313230957,0
34,891,True,0.7007817975708072,0
34,892,False,0.2817555447671213,0
34,893,False,0.3492651154755515,0
34,894,False,0.183486628129589,0
34,895,False,0.5023166737897836,0
34,896,False,0.0624500784100217,0
34,897,False,0.4354437700393007,0
34,898,False,0.0920630148030118,0
34,899,False,0.6257518883853295,0
34,900,False,0.3770081169472025,0
34,901,False,0.1271719790497805,0
34,902,False,0.2743528735631583,0
34,903,False,0.3825666156869312,0
34,904,False,0.1784396198271592,0
34,905,False,0.2162905367743838,0
34,906,False,0.5209740341645329,0
34,907,False,0.279074004926693,0
34,908,False,0.4849887995749727,0
34,909,False,0.3481128642195799,0
34,910,False,0.3776973082787966,0
34,911,False,0.4552676384890686,0
34,912,False,0.564636774420852,0
34,913,False,0.1352549552408208,0
34,914,False,0.4189062970344011,0
34,915,True,0.6277239733678208,0
34,916,False,0.4233062618932802,0
34,917,False,0.3242865327317485,0
34,918,False,0.5237323534287259,0
34,919,False,0.6843643932117193,0
34,920,False,0.3592652758898438,0
34,921,False,0.3939614324212918,0
34,922,False,0.3799956547644613,0
34,923,False,0.0841743365393104,0
34,924,False,0.4372271147397712,0
34,925,False,0.0941077935758852,0
34,926,False,0.3982612864989766,0
34,927,False,0.0776550664575109,0
34,928,False,0.1282124549316295,0
34,929,False,0.2142506430565661,0
34,930,False,0.1898088523955465,0
34,931,False,0.449549690409468,0
34,932,False,0.2340831361350911,0
34,933,False,0.1004746869111375,0
34,934,False,0.1752910699720822,0
34,935,False,0.3112062459089998,0
34,936,False,0.3072581434169985,0
34,937,False,0.3162298390616307,0
34,938,False,0.4493230296578294,0
34,939,False,0.4992607592612914,0
34,940,False,0.3797328747609579,0
34,941,False,0.2587951204847887,0
34,942,False,0.217206502029108,0
34,943,False,0.6337271424536701,0
34,944,False,0.3024225452045582,0
34,945,False,0.353243831536729,0
34,946,False,0.1960088011812329,0
34,947,False,0.194604146338236,0
34,948,False,0.1201659626916901,0
34,949,False,0.2881738348704263,0
34,950,False,0.1945107684338112,0
34,951,False,0.2219017467003496,0
34,952,False,0.4924424140581507,0
34,953,False,0.0850659978225831,0
34,954,False,0.1707846803550596,0
34,955,False,0.3275299415979275,0
34,956,False,0.3146017534698956,0
34,957,False,0.5591300431761457,0
34,958,False,0.0569074657411333,0
34,959,False,0.5215862971395819,0
34,960,False,0.1109111744624726,0
34,961,False,0.2265228453079547,0
34,962,False,0.0823237952883983,0
34,963,False,0.0203376211117979,0
34,964,False,0.515099224706211,0
34,965,False,0.1524295832997067,0
34,966,False,0.401561690342304,0
34,967,False,0.1934741652155991,0
34,968,True,0.5676055160091945,0
34,969,False,0.207457529958512,0
34,970,False,0.2430327927543291,0
34,971,False,0.1686796225990403,0
34,972,False,0.1197872134843499,0
34,973,False,0.4281637369757693,0
34,974,False,0.2805328520070296,0
34,975,False,0.0255304591814648,0
34,976,False,0.5758838933798938,0
34,977,False,0.2466749134265328,0
34,978,False,0.1265914119379539,0
34,979,False,0.076905262823075,0
34,980,False,0.1317865994756037,0
34,981,False,0.3423522504030944,0
34,982,False,0.4422870444385288,0
34,983,False,0.2290208014335576,0
34,984,True,0.8133424050014515,0
34,985,False,0.2079234242657764,0
34,986,False,0.2608344425937606,0
34,987,False,0.1095262841662347,0
34,988,False,0.2508512520003949,0
34,989,False,0.4615262690501316,0
34,990,False,0.6224521206393593,0
34,991,False,0.3984798933684013,0
34,992,False,0.0587343222846886,0
34,993,False,0.0996858624336007,0
34,994,False,0.0587453867701584,0
34,995,False,0.1404948127964428,0
34,996,False,0.1813561796987826,0
34,997,False,0.1207732276954052,0
34,998,False,0.3803905055871858,0
34,999,False,0.115508747068787,0
35,0,False,0.3536766572335658,0
35,1,False,0.2485580660782393,0
35,2,False,0.4159590873381714,0
35,3,False,0.1599675758099919,0
35,4,False,0.5502830780616322,0
35,5,False,0.110945287593398,0
35,6,False,0.5098966417920571,0
35,7,False,0.1772703794727445,0
35,8,False,0.1982904719133444,0
35,9,False,0.3762367882135499,0
35,10,False,0.5434668040445325,0
35,11,False,0.0847637629426502,0
35,12,False,0.3579287927839609,0
35,13,False,0.2733207739503824,0
35,14,False,0.1343761410948502,0
35,15,False,0.3532548500048075,0
35,16,False,0.1327901214327579,0
35,17,False,0.326434368425168,0
35,18,False,0.1658104012585459,0
35,19,False,0.207734214505591,0
35,20,False,0.2634084880828478,0
35,21,False,0.3900143303664891,0
35,22,False,0.1536454700072753,0
35,23,False,0.3055023511983206,0
35,24,False,0.203313881265596,0
35,25,False,0.1838768760882306,0
35,26,False,0.3678240872354807,0
35,27,False,0.2020967664638769,0
35,28,False,0.1863395045288194,0
35,29,False,0.2835202997539891,0
35,30,False,0.1003993030662121,0
35,31,False,0.207729389165234,0
35,32,False,0.3096377073595142,0
35,33,False,0.0443858001226034,0
35,34,False,0.1245792134455452,0
35,35,False,0.2110033201581862,0
35,36,False,0.3581887554246956,0
35,37,False,0.6522422663601021,0
35,38,False,0.1622660260567806,0
35,39,False,0.0694242954698856,0
35,40,False,0.076848080809821,0
35,41,False,0.1744335165862888,0
35,42,False,0.5434537469656785,0
35,43,False,0.0616539134466732,0
35,44,False,0.2356865066312641,0
35,45,False,0.3132941266752032,0
35,46,False,0.1525833147039861,0
35,47,False,0.3868863360183782,0
35,48,False,0.4845897602554896,0
35,49,False,0.0959387779732849,0
35,50,False,0.3662241584833629,0
35,51,False,0.2983728426907024,0
35,52,False,0.2237663665214278,0
35,53,False,0.1642916485213648,0
35,54,False,0.4613858274628866,0
35,55,False,0.0983214607503696,0
35,56,False,0.179247512983417,0
35,57,False,0.3430187325979972,0
35,58,False,0.2746698380360602,0
35,59,False,0.4432945779277498,0
35,60,False,0.1327244318952246,0
35,61,False,0.4006430877209991,0
35,62,False,0.3225960385009868,0
35,63,False,0.2923618255131976,0
35,64,False,0.1135769732526367,0
35,65,False,0.3415589572254627,0
35,66,False,0.1699958739594175,0
35,67,True,0.8014732049023443,0
35,68,False,0.1317706240875745,0
35,69,False,0.125499659191502,0
35,70,False,0.3370138954716539,0
35,71,False,0.0343986220052017,0
35,72,False,0.159377520333094,0
35,73,False,0.2615158445906097,0
35,74,False,0.2491194021961276,0
35,75,False,0.0685869246308145,0
35,76,False,0.4595064072499054,0
35,77,False,0.5414781386117564,0
35,78,False,0.2605960618109315,0
35,79,False,0.067535907483785,0
35,80,False,0.0467688349727268,0
35,81,False,0.127131476580951,0
35,82,False,0.3265987258278122,0
35,83,False,0.1191248654111389,0
35,84,False,0.1077670455014623,0
35,85,False,0.3246010263074086,0
35,86,False,0.2193544911847561,0
35,87,False,0.3047922320216946,0
35,88,False,0.403730071467841,0
35,89,False,0.1841289216978105,0
35,90,False,0.2344736594858819,0
35,91,False,0.175068748991844,0
35,92,False,0.2673316734797696,0
35,93,False,0.238699744225137,0
35,94,False,0.3257956107307604,0
35,95,False,0.4434878606676832,0
35,96,False,0.3855671372233749,0
35,97,False,0.0961525816865667,0
35,98,False,0.2089847738799713,0
35,99,False,0.1661962342804483,0
35,100,False,0.2272148735050511,0
35,101,False,0.4759204964642726,0
35,102,False,0.1158847910316493,0
35,103,False,0.1718540724955221,0
35,104,False,0.2409358088306848,0
35,105,False,0.1965854535395116,0
35,106,False,0.1545074012420307,0
35,107,False,0.3024753876496196,0
35,108,False,0.2628503990216566,0
35,109,False,0.1783854898271363,0
35,110,False,0.0714033686941217,0
35,111,False,0.3680479351839821,0
35,112,False,0.1650023992108502,0
35,113,True,0.6463769483914986,0
35,114,False,0.5031230845032987,0
35,115,False,0.4086469850455971,0
35,116,False,0.3784719386186747,0
35,117,False,0.4808171104256128,0
35,118,False,0.4501527714550122,0
35,119,False,0.3148546559271867,0
35,120,False,0.3458306244455384,0
35,121,False,0.5386521682270735,0
35,122,False,0.3061721796943814,0
35,123,False,0.145588134244425,0
35,124,False,0.4518857472364912,0
35,125,False,0.3599374248179245,0
35,126,False,0.061906433771692,0
35,127,False,0.2328545928203029,0
35,128,False,0.1920824664494293,0
35,129,False,0.5199092769591175,0
35,130,False,0.2201943740399156,0
35,131,False,0.1377202357514125,0
35,132,False,0.471971286182723,0
35,133,False,0.1588460545173127,0
35,134,False,0.0596894752708395,0
35,135,False,0.3408156596522683,0
35,136,False,0.3066486182634088,0
35,137,False,0.2789555071166884,0
35,138,False,0.3288097857207583,0
35,139,False,0.4064901896391388,0
35,140,False,0.3234596782435212,0
35,141,False,0.1813428850517404,0
35,142,False,0.110344420804029,0
35,143,False,0.0626113417445731,0
35,144,False,0.3893738659278771,0
35,145,False,0.2208119923981546,0
35,146,False,0.1705774606874289,0
35,147,False,0.0676360338470681,0
35,148,False,0.2063693713019656,0
35,149,False,0.3587901228827754,0
35,150,False,0.316899984774653,0
35,151,False,0.1365637082251592,0
35,152,False,0.2170837430502517,0
35,153,False,0.1363792431986001,0
35,154,False,0.0637349304068678,0
35,155,False,0.5785716282335199,0
35,156,False,0.1673754331871321,0
35,157,False,0.485750585203021,0
35,158,False,0.2231288814404552,0
35,159,False,0.3734488472849538,0
35,160,False,0.3866075694193058,0
35,161,False,0.2910392925454743,0
35,162,False,0.3584957567261279,0
35,163,False,0.3688485254461,0
35,164,False,0.4338558481917234,0
35,165,False,0.0593243266171532,0
35,166,False,0.1537383027458395,0
35,167,True,0.690927168796683,0
35,168,False,0.0492709683183529,0
35,169,False,0.1859158401713941,0
35,170,False,0.2715695031402613,0
35,171,False,0.3219105263709601,0
35,172,False,0.4820942894903152,0
35,173,False,0.319706275524256,0
35,174,False,0.4916099383257625,0
35,175,False,0.1841729708671041,0
35,176,False,0.0293922497739453,0
35,177,False,0.4383244007111607,0
35,178,False,0.2201991781916555,0
35,179,False,0.1272898020531447,0
35,180,False,0.5623099425360222,0
35,181,False,0.1351692568264888,0
35,182,False,0.1892652527031718,0
35,183,False,0.2788522124309327,0
35,184,False,0.2584988688589334,0
35,185,False,0.1713624183536284,0
35,186,False,0.3902904125361203,0
35,187,False,0.1388409287646581,0
35,188,False,0.4659217194194351,0
35,189,False,0.6157519764816631,0
35,190,False,0.3073799210471541,0
35,191,False,0.3116610941567272,0
35,192,False,0.1347012643177103,0
35,193,True,0.7239031844967967,0
35,194,False,0.1191002777077864,0
35,195,False,0.2853857889201115,0
35,196,False,0.514309690041867,0
35,197,False,0.15648979507517,0
35,198,False,0.2605575260313472,0
35,199,False,0.1398135905354235,0
35,200,False,0.388093991336372,0
35,201,False,0.4641645770320866,0
35,202,False,0.1284580477416679,0
35,203,False,0.0552063959733059,0
35,204,False,0.0172791270801268,0
35,205,False,0.1592498686850636,0
35,206,False,0.2667449952728772,0
35,207,False,0.529692033598347,0
35,208,False,0.3071017670062408,0
35,209,False,0.2504805636294226,0
35,210,False,0.4035583213875158,0
35,211,False,0.3696214928596068,0
35,212,False,0.2207809777676418,0
35,213,False,0.0907414859941739,0
35,214,False,0.4262985613707276,0
35,215,False,0.3076570372812911,0
35,216,False,0.0868688695425104,0
35,217,False,0.3198826790647721,0
35,218,False,0.1724594545811701,0
35,219,False,0.5236077465948994,0
35,220,False,0.144113060499894,0
35,221,False,0.4369016405600799,0
35,222,False,0.5620366156958401,0
35,223,False,0.2038808086447868,0
35,224,False,0.2652600697023149,0
35,225,False,0.342996453032718,0
35,226,False,0.3081745146780117,0
35,227,False,0.0784764086339576,0
35,228,False,0.2041784285394985,0
35,229,False,0.4675748017124985,0
35,230,False,0.2244438821429141,0
35,231,False,0.5642742600782021,0
35,232,False,0.4583638031993273,0
35,233,False,0.2287323521569573,0
35,234,False,0.1941625323271394,0
35,235,False,0.1140487847503583,0
35,236,False,0.1188638980722389,0
35,237,False,0.224300325608497,0
35,238,False,0.1748455929095408,0
35,239,False,0.2381018443075495,0
35,240,False,0.4379433493911621,0
35,241,False,0.3050820962749862,0
35,242,False,0.4110151238583872,0
35,243,False,0.2384113862023676,0
35,244,False,0.3055585620380799,0
35,245,False,0.2243119866738172,0
35,246,False,0.2283035041843001,0
35,247,False,0.601389322500987,0
35,248,False,0.1861016376343618,0
35,249,False,0.3322376533914182,0
35,250,False,0.1535906531023021,0
35,251,True,0.5895945688191788,0
35,252,False,0.1360111358496654,0
35,253,False,0.1452923245069306,0
35,254,False,0.4696325075583425,0
35,255,False,0.3470548878739906,0
35,256,False,0.2243778179558153,0
35,257,False,0.380680807328598,0
35,258,False,0.2527384697197175,0
35,259,False,0.1918417920208668,0
35,260,False,0.217770879130423,0
35,261,False,0.5469541833338392,0
35,262,False,0.4320278193633133,0
35,263,False,0.337528941637207,0
35,264,False,0.2801225539599779,0
35,265,False,0.2046927163646063,0
35,266,False,0.1978288911575661,0
35,267,False,0.4200987516052237,0
35,268,False,0.0945684310647346,0
35,269,False,0.0683369109310005,0
35,270,False,0.3733711511916154,0
35,271,False,0.1814974593978298,0
35,272,False,0.4688203508208859,0
35,273,False,0.4418376196321603,0
35,274,False,0.2731195652421582,0
35,275,False,0.4417392325829916,0
35,276,False,0.4514994659346463,0
35,277,False,0.5143025110676812,0
35,278,False,0.1984804228376855,0
35,279,False,0.0562449592429087,0
35,280,False,0.0130969161112021,0
35,281,False,0.4422153449338335,0
35,282,False,0.2563288233480382,0
35,283,False,0.1200803715075963,0
35,284,False,0.2906548683413762,0
35,285,False,0.248426499061781,0
35,286,False,0.273114962563885,0
35,287,False,0.2310327453733966,0
35,288,False,0.3977583849607771,0
35,289,False,0.1228099507461072,0
35,290,False,0.2443124657062036,0
35,291,False,0.1690550311731764,0
35,292,False,0.3630143517577401,0
35,293,False,0.1593915793032425,0
35,294,False,0.0980124610961424,0
35,295,False,0.325874443929199,0
35,296,False,0.3065108052415546,0
35,297,False,0.0767121836501658,0
35,298,False,0.4728620841435421,0
35,299,False,0.3157011011273116,0
35,300,False,0.2063096419420389,0
35,301,False,0.0386729386542437,0
35,302,False,0.4168670056078366,0
35,303,False,0.3052640817200645,0
35,304,False,0.360409463644948,0
35,305,False,0.3196523721264053,0
35,306,False,0.0603920315480385,0
35,307,False,0.2176756192715158,0
35,308,False,0.4233910425225104,0
35,309,False,0.0857535961606485,0
35,310,False,0.241142100263168,0
35,311,False,0.1068213695009309,0
35,312,False,0.3939974320667165,0
35,313,False,0.2557226333708657,0
35,314,False,0.3840811292272226,0
35,315,False,0.3661458059524538,0
35,316,False,0.5816434885743039,0
35,317,False,0.5621775612709531,0
35,318,False,0.0884444403006964,0
35,319,False,0.3446235300029249,0
35,320,False,0.6095654722173228,0
35,321,False,0.3141309765261968,0
35,322,False,0.6479463612947148,0
35,323,False,0.2265019195492524,0
35,324,False,0.4532267059451018,0
35,325,False,0.5996218506997747,0
35,326,False,0.1362318623539835,0
35,327,False,0.2361379497655822,0
35,328,False,0.6046614565204121,0
35,329,False,0.2920487185984639,0
35,330,False,0.4004222737895427,0
35,331,False,0.4507710944195557,0
35,332,False,0.1848018664101324,0
35,333,False,0.4101929338053977,0
35,334,False,0.34973434990572,0
35,335,False,0.1756191969893639,0
35,336,False,0.2052622268743936,0
35,337,False,0.6085560017364287,0
35,338,False,0.141658770535373,0
35,339,False,0.43593946275941,0
35,340,False,0.3082365330185971,0
35,341,False,0.4550063988010734,0
35,342,False,0.4275490847618506,0
35,343,False,0.2781861683282088,0
35,344,False,0.1852405523576611,0
35,345,False,0.5553171992560851,0
35,346,False,0.5031820579410835,0
35,347,False,0.3218467203585847,0
35,348,False,0.2940375021670958,0
35,349,False,0.1254493851034331,0
35,350,False,0.4444012505601111,0
35,351,False,0.5757688148776429,0
35,352,False,0.1238108655661201,0
35,353,False,0.1417424749206275,0
35,354,False,0.1872751990226918,0
35,355,False,0.1912672864319361,0
35,356,False,0.2750086185191396,0
35,357,False,0.2594732652222252,0
35,358,False,0.1160173375309619,0
35,359,False,0.5878548997680135,0
35,360,False,0.141844276079871,0
35,361,False,0.2670940915387836,0
35,362,False,0.1693494018369503,0
35,363,False,0.5051295998717548,0
35,364,False,0.2152263011559128,0
35,365,False,0.3026792843884116,0
35,366,False,0.6043368946581595,0
35,367,False,0.2264428247113664,0
35,368,False,0.3300102349170474,0
35,369,False,0.1552676357183774,0
35,370,False,0.2640383541633144,0
35,371,False,0.3870555710169233,0
35,372,False,0.1219581579427709,0
35,373,False,0.2307343681279402,0
35,374,False,0.3374328449762505,0
35,375,False,0.0724104629791323,0
35,376,False,0.3782207354851397,0
35,377,False,0.3194343997975769,0
35,378,False,0.1972597201780969,0
35,379,False,0.287172100514021,0
35,380,False,0.6008221918617068,0
35,381,False,0.0971226057228562,0
35,382,False,0.2750073539162113,0
35,383,False,0.5045933992123101,0
35,384,False,0.1595183596132539,0
35,385,False,0.2144434659745125,0
35,386,False,0.4631573276497399,0
35,387,False,0.278102406698222,0
35,388,False,0.185040538482732,0
35,389,False,0.1145555589074245,0
35,390,False,0.4228950555098883,0
35,391,False,0.6440679634524121,0
35,392,False,0.3083255266751108,0
35,393,False,0.4105774245043222,0
35,394,False,0.1960542058844075,0
35,395,False,0.1388747735087824,0
35,396,False,0.0985267612391955,0
35,397,False,0.3672611312390035,0
35,398,False,0.5073793345737749,0
35,399,False,0.2364619685412546,0
35,400,False,0.4056361401586,0
35,401,False,0.2649097709889378,0
35,402,False,0.3808117943964557,0
35,403,False,0.2253317470448952,0
35,404,False,0.0451536951706062,0
35,405,False,0.1643660328395617,0
35,406,False,0.1914306997277393,0
35,407,False,0.2616461141449531,0
35,408,False,0.3563937219389386,0
35,409,False,0.0807393667249193,0
35,410,False,0.1084574754788678,0
35,411,False,0.2455266465423252,0
35,412,False,0.5453972463065507,0
35,413,False,0.3355411391283527,0
35,414,False,0.1119325748862738,0
35,415,False,0.0786186195421999,0
35,416,False,0.2232495599779229,0
35,417,False,0.2393448930531098,0
35,418,False,0.4691650839986767,0
35,419,False,0.1093010128782776,0
35,420,False,0.350841738423868,0
35,421,False,0.1147332768168895,0
35,422,False,0.5209560844968074,0
35,423,False,0.4629191165410449,0
35,424,False,0.4458084306295856,0
35,425,False,0.4507456473585096,0
35,426,False,0.207768701685737,0
35,427,False,0.5530846398930729,0
35,428,False,0.2414057853315312,0
35,429,False,0.3521991446239845,0
35,430,False,0.5623335554103934,0
35,431,False,0.066028107172517,0
35,432,False,0.4780103627939779,0
35,433,False,0.3619557421910525,0
35,434,False,0.4016190764260652,0
35,435,False,0.1447690887902211,0
35,436,False,0.1485361833971406,0
35,437,False,0.2673122822770018,0
35,438,False,0.2665058948831771,0
35,439,False,0.2016844401116823,0
35,440,False,0.5191348577625704,0
35,441,False,0.0125769688314679,0
35,442,False,0.230059532111924,0
35,443,False,0.0891624767452996,0
35,444,False,0.5437183231209585,0
35,445,False,0.3380641675028336,0
35,446,False,0.2209937767876525,0
35,447,False,0.1223216696690601,0
35,448,False,0.327157746156919,0
35,449,False,0.0999748268202887,0
35,450,False,0.3375920398739411,0
35,451,False,0.5828544730774738,0
35,452,False,0.5490326088038333,0
35,453,False,0.1444002153105774,0
35,454,False,0.5397886850088234,0
35,455,False,0.0491039142380159,0
35,456,False,0.2269298672078842,0
35,457,False,0.1507116244682386,0
35,458,False,0.0397742668078514,0
35,459,False,0.4199586775519187,0
35,460,False,0.4703209324057288,0
35,461,False,0.4593225624256609,0
35,462,False,0.2928697416440324,0
35,463,False,0.3253208111970423,0
35,464,False,0.608299740483025,0
35,465,False,0.227995917813659,0
35,466,False,0.3285833899501695,0
35,467,False,0.188908839828141,0
35,468,False,0.4759491652842039,0
35,469,False,0.4619524675485082,0
35,470,False,0.3355219672420451,0
35,471,False,0.2913305263540643,0
35,472,False,0.3010360813901332,0
35,473,False,0.3271906689077269,0
35,474,False,0.0676409928670715,0
35,475,False,0.3328039645201829,0
35,476,False,0.5689403837780267,0
35,477,False,0.1687368232740908,0
35,478,False,0.3234785077429782,0
35,479,False,0.2595142364225923,0
35,480,False,0.2107341076181594,0
35,481,False,0.4454389315848823,0
35,482,False,0.1925251778170265,0
35,483,False,0.4215730229751968,0
35,484,False,0.3147556062634345,0
35,485,False,0.089175148068904,0
35,486,False,0.1813974974553684,0
35,487,False,0.2888520759798477,0
35,488,False,0.1912204640490106,0
35,489,False,0.254632025981011,0
35,490,False,0.2626091579593145,0
35,491,False,0.1868577020761625,0
35,492,False,0.1235656832485277,0
35,493,False,0.3590902667010948,0
35,494,False,0.0072479127321231,0
35,495,False,0.2254122917396397,0
35,496,False,0.3682584032090778,0
35,497,False,0.4700537573475749,0
35,498,False,0.2334079593854568,0
35,499,False,0.604550623924786,0
35,500,False,0.1116182558215075,0
35,501,False,0.2918006363881575,0
35,502,False,0.2436788503320043,0
35,503,False,0.0911729007382388,0
35,504,False,0.3423826121689441,0
35,505,False,0.2613583638874165,0
35,506,False,0.1054542174997974,0
35,507,False,0.3394195895177768,0
35,508,False,0.0667440465050857,0
35,509,False,0.3948447858495602,0
35,510,False,0.1701597344690188,0
35,511,True,0.6912093386389426,0
35,512,False,0.1701650430716366,0
35,513,False,0.259658072094199,0
35,514,False,0.3408592494335257,0
35,515,False,0.1936145912070428,0
35,516,False,0.4421189571746821,0
35,517,False,0.2918146343826823,0
35,518,False,0.0431616328618451,0
35,519,False,0.0852628517039114,0
35,520,False,0.4737658354893495,0
35,521,False,0.2739533039710695,0
35,522,False,0.2373952074488494,0
35,523,False,0.2670788820929144,0
35,524,False,0.1034879707346583,0
35,525,False,0.2279511321623418,0
35,526,False,0.2627333305254055,0
35,527,False,0.6891140409001313,0
35,528,False,0.2505649400674639,0
35,529,False,0.2446496929766223,0
35,530,False,0.2767384149382149,0
35,531,False,0.2722051205048573,0
35,532,False,0.2299484569093162,0
35,533,False,0.4257053209843408,0
35,534,False,0.2227111874163941,0
35,535,False,0.4773689304451496,0
35,536,False,0.2310129865169898,0
35,537,False,0.4314435361946498,0
35,538,False,0.3868797602101907,0
35,539,False,0.208678135078325,0
35,540,False,0.0900249981999672,0
35,541,False,0.6038569167009646,0
35,542,False,0.2265233252301209,0
35,543,False,0.3042970610133372,0
35,544,False,0.1646258613749868,0
35,545,False,0.1823972362349482,0
35,546,False,0.4766491048877699,0
35,547,False,0.5264086385938195,0
35,548,False,0.3609203123415569,0
35,549,False,0.2509553296201303,0
35,550,False,0.3835316726535463,0
35,551,False,0.1959117186620537,0
35,552,False,0.2976150813463317,0
35,553,False,0.1323735027451481,0
35,554,False,0.126311680440905,0
35,555,False,0.3547665226580853,0
35,556,False,0.3219807096428471,0
35,557,False,0.310809260614259,0
35,558,False,0.2266135263526242,0
35,559,False,0.3116613226660596,0
35,560,False,0.1721735905143979,0
35,561,False,0.0414669752128248,0
35,562,False,0.2761974130074415,0
35,563,False,0.094253560316938,0
35,564,False,0.4118445340829866,0
35,565,False,0.5157009792685964,0
35,566,False,0.6342283268293691,0
35,567,False,0.2717021731900056,0
35,568,False,0.1611555559536509,0
35,569,False,0.3019616530585536,0
35,570,False,0.2474761658633007,0
35,571,False,0.2773672197869529,0
35,572,False,0.4722249959604593,0
35,573,False,0.2190395136759253,0
35,574,False,0.2513040412624526,0
35,575,False,0.1344989142255937,0
35,576,False,0.2575375190463321,0
35,577,False,0.5758311543371692,0
35,578,False,0.1747889880746776,0
35,579,False,0.4404393990716352,0
35,580,False,0.239968723155057,0
35,581,False,0.4457504855829945,0
35,582,False,0.4181457323941839,0
35,583,False,0.1247787246488094,0
35,584,False,0.4135696874278296,0
35,585,False,0.0855221607194543,0
35,586,False,0.102384952851844,0
35,587,False,0.2285050887405005,0
35,588,False,0.5466614162505907,0
35,589,False,0.3510850322437097,0
35,590,False,0.1394105760462668,0
35,591,False,0.0536995154899485,0
35,592,False,0.3806987361056626,0
35,593,False,0.2794224044294483,0
35,594,False,0.3066911814390244,0
35,595,False,0.3430330836467324,0
35,596,False,0.476114544370721,0
35,597,False,0.2554704259647891,0
35,598,False,0.5012006017832084,0
35,599,False,0.154006662960799,0
35,600,False,0.0632323404051646,0
35,601,False,0.4483454588827538,0
35,602,False,0.1099758633977806,0
35,603,False,0.2998031027074426,0
35,604,False,0.5363077304756033,0
35,605,False,0.0670542699936395,0
35,606,False,0.3373425781481131,0
35,607,False,0.0616375155621336,0
35,608,False,0.2669105924136806,0
35,609,False,0.0146819331277921,0
35,610,False,0.0929129012701737,0
35,611,False,0.1620845901138898,0
35,612,False,0.0555877186492738,0
35,613,False,0.3628731421368042,0
35,614,False,0.326185553069642,0
35,615,False,0.5516768599767246,0
35,616,False,0.1099186560623747,0
35,617,False,0.2171848103951794,0
35,618,False,0.0782209788311515,0
35,619,False,0.1767688055025618,0
35,620,True,0.5954379734962468,0
35,621,False,0.3971726866093809,0
35,622,False,0.1055672064555032,0
35,623,False,0.0311859105555057,0
35,624,False,0.0279579619790819,0
35,625,False,0.3679765943353593,0
35,626,False,0.159129571300425,0
35,627,True,0.7380869638355531,0
35,628,False,0.2436991769678001,0
35,629,False,0.170977740591307,0
35,630,False,0.0807239819987891,0
35,631,False,0.4477791997522805,0
35,632,False,0.197351654715525,0
35,633,False,0.2614729695537015,0
35,634,False,0.2791904822094437,0
35,635,False,0.2492464228769708,0
35,636,False,0.3888004532026781,0
35,637,False,0.0898309777348184,0
35,638,False,0.2393537041475697,0
35,639,False,0.2004520499405746,0
35,640,False,0.4009969437535314,0
35,641,False,0.4674355152035755,0
35,642,False,0.1279157924541819,0
35,643,False,0.403734941984525,0
35,644,False,0.0894865576156005,0
35,645,False,0.2478156639906327,0
35,646,False,0.26449203451846,0
35,647,False,0.4549932251283338,0
35,648,False,0.3895079338725103,0
35,649,False,0.0971817728565808,0
35,650,False,0.3828986050331805,0
35,651,False,0.297838427885603,0
35,652,False,0.5903979088514874,0
35,653,False,0.1760983318750708,0
35,654,False,0.2144134952920709,0
35,655,False,0.6204682337798468,0
35,656,False,0.4872331449600042,0
35,657,False,0.0962069245149607,0
35,658,False,0.2496558034719668,0
35,659,False,0.341237799092246,0
35,660,False,0.4009150563139554,0
35,661,False,0.1179359076194324,0
35,662,True,0.5572754113921149,0
35,663,False,0.0629427880187678,0
35,664,False,0.1229522065476816,0
35,665,False,0.5302969759506505,0
35,666,False,0.2709993961105075,0
35,667,False,0.2770890275188418,0
35,668,False,0.301184192228817,0
35,669,False,0.1401494015576146,0
35,670,False,0.0737337849011167,0
35,671,False,0.3291565105170932,0
35,672,False,0.359768584824016,0
35,673,False,0.3097774732702404,0
35,674,False,0.180350414287884,0
35,675,False,0.1104932580161498,0
35,676,False,0.2268526189451653,0
35,677,True,0.6389059701703222,0
35,678,False,0.2431391535156832,0
35,679,False,0.2159680460480785,0
35,680,False,0.2485571743584797,0
35,681,False,0.2374704597128737,0
35,682,False,0.5319284493276698,0
35,683,False,0.3904389243462244,0
35,684,False,0.1697375890428857,0
35,685,False,0.204026175015018,0
35,686,False,0.2549263267105989,0
35,687,False,0.2890608269629373,0
35,688,False,0.1407896901376907,0
35,689,False,0.1884686348827569,0
35,690,False,0.5651992012277928,0
35,691,False,0.5441384134079766,0
35,692,False,0.2074958132489381,0
35,693,False,0.1937947313120766,0
35,694,False,0.3917365978571069,0
35,695,False,0.0549042835324885,0
35,696,False,0.513200034727355,0
35,697,False,0.1680138488305095,0
35,698,False,0.3498451382963249,0
35,699,False,0.0647089915680699,0
35,700,False,0.3992098512519557,0
35,701,False,0.3602074853627584,0
35,702,False,0.3368158164406375,0
35,703,False,0.1256675155755714,0
35,704,False,0.186745643052941,0
35,705,False,0.3090542956810058,0
35,706,False,0.1611047165510067,0
35,707,False,0.156019393834899,0
35,708,False,0.4891720840330514,0
35,709,False,0.0405952160464261,0
35,710,False,0.5013100171730703,0
35,711,False,0.125480123667906,0
35,712,False,0.3783262469877855,0
35,713,False,0.3222129037148611,0
35,714,False,0.1213622535720952,0
35,715,False,0.164766719941082,0
35,716,False,0.4210690230658028,0
35,717,False,0.2230656431040991,0
35,718,True,0.7475416808203147,0
35,719,False,0.1765326311521286,0
35,720,False,0.1693998756977423,0
35,721,False,0.1012367631091599,0
35,722,False,0.1552197678852778,0
35,723,False,0.2516719879928031,0
35,724,False,0.6988438963940432,0
35,725,False,0.1628761947287865,0
35,726,False,0.035861074519571,0
35,727,False,0.1868926162656133,0
35,728,False,0.2802197590789023,0
35,729,False,0.5039853388745347,0
35,730,False,0.2905356993774629,0
35,731,False,0.2137032540043945,0
35,732,False,0.1742040407701023,0
35,733,False,0.3991960073625363,0
35,734,False,0.2659319496638474,0
35,735,False,0.4020401338219225,0
35,736,False,0.1054043592980552,0
35,737,False,0.1896220786800948,0
35,738,False,0.3548328182831716,0
35,739,False,0.0785174307392475,0
35,740,False,0.123504889954708,0
35,741,False,0.2413778454503063,0
35,742,False,0.4688543103047804,0
35,743,False,0.5491671814360513,0
35,744,False,0.1320866566288173,0
35,745,False,0.2989363140201345,0
35,746,False,0.5146805029932751,0
35,747,False,0.4008971368260078,0
35,748,False,0.2842255949831302,0
35,749,False,0.317544110113382,0
35,750,False,0.1384834698703489,0
35,751,False,0.2009712364540103,0
35,752,False,0.2418896431622072,0
35,753,False,0.2295611941890383,0
35,754,False,0.2156860757163646,0
35,755,False,0.1231095801822028,0
35,756,False,0.5160624858560737,0
35,757,False,0.2623139249573352,0
35,758,False,0.2309942687514944,0
35,759,False,0.0959512859344814,0
35,760,False,0.340353357371217,0
35,761,False,0.1569467002743433,0
35,762,False,0.1620025771710848,0
35,763,False,0.1945993531314553,0
35,764,False,0.3889033363849212,0
35,765,False,0.3240072686151163,0
35,766,False,0.0569606868617727,0
35,767,False,0.5068443274386882,0
35,768,False,0.3043925052678168,0
35,769,False,0.2972452247392276,0
35,770,False,0.1367056096153261,0
35,771,False,0.4491401171221709,0
35,772,False,0.2518147960573942,0
35,773,False,0.1695139260731264,0
35,774,False,0.0801464927057364,0
35,775,False,0.2325370523553835,0
35,776,False,0.4841625365767797,0
35,777,False,0.1693257626556566,0
35,778,False,0.0747789270014016,0
35,779,False,0.1852423234921943,0
35,780,False,0.1679635137045052,0
35,781,False,0.2763354949660545,0
35,782,False,0.1309785515470798,0
35,783,False,0.1542500262093677,0
35,784,False,0.0899353835301188,0
35,785,False,0.3465590425511273,0
35,786,False,0.1649902537464189,0
35,787,False,0.1454381844637113,0
35,788,False,0.451163889216197,0
35,789,False,0.5292063498589319,0
35,790,False,0.3771771971387949,0
35,791,False,0.4977153092263308,0
35,792,False,0.4231845666292447,0
35,793,False,0.2173364748969555,0
35,794,False,0.1054974346874186,0
35,795,False,0.177115816076833,0
35,796,False,0.1560104234247701,0
35,797,False,0.3583027272484148,0
35,798,False,0.2382117203777517,0
35,799,False,0.0444376371349206,0
35,800,False,0.1774341564063493,0
35,801,False,0.0810503458688375,0
35,802,False,0.2332597297899884,0
35,803,False,0.4563029734443914,0
35,804,False,0.1109951227085874,0
35,805,False,0.524107383079782,0
35,806,False,0.2494485341513156,0
35,807,False,0.3576596696917246,0
35,808,False,0.1411241998676989,0
35,809,False,0.2562193556155805,0
35,810,False,0.5239791499617252,0
35,811,False,0.4819498063691885,0
35,812,False,0.2639644320402215,0
35,813,False,0.223514158884564,0
35,814,False,0.2764270470816738,0
35,815,False,0.321129255341407,0
35,816,False,0.557406885681536,0
35,817,False,0.1621890861748199,0
35,818,False,0.154807479392052,0
35,819,False,0.2096039228273493,0
35,820,False,0.1068665371877108,0
35,821,False,0.36441921405229,0
35,822,False,0.069854215232803,0
35,823,False,0.5752524381494896,0
35,824,False,0.2816515588456469,0
35,825,False,0.3794411536939451,0
35,826,False,0.0456596310029253,0
35,827,False,0.3907392159198113,0
35,828,False,0.3259029406210039,0
35,829,False,0.3450841502829877,0
35,830,False,0.2370136739010705,0
35,831,False,0.4243518655493258,0
35,832,False,0.1288120009908881,0
35,833,False,0.3299114686361586,0
35,834,False,0.0667555305661823,0
35,835,False,0.1057107830323264,0
35,836,False,0.5357995621053333,0
35,837,False,0.1595713437757506,0
35,838,False,0.1228798987176632,0
35,839,False,0.3099564477393267,0
35,840,False,0.5006741240171694,0
35,841,False,0.1925333812435086,0
35,842,False,0.6798139772747849,0
35,843,False,0.1658069239561412,0
35,844,False,0.445325731706341,0
35,845,False,0.2871034665903474,0
35,846,False,0.2051521024846308,0
35,847,False,0.3569482999794101,0
35,848,False,0.0872053159749631,0
35,849,False,0.23791157291652,0
35,850,False,0.2125906368597829,0
35,851,False,0.3380474712276761,0
35,852,False,0.2905275608427198,0
35,853,False,0.3479181328972756,0
35,854,False,0.4221996077051169,0
35,855,False,0.2424964231836355,0
35,856,False,0.3024763373927353,0
35,857,False,0.5685546252018754,0
35,858,False,0.2939324011203272,0
35,859,False,0.2371806947234474,0
35,860,False,0.4348483136027772,0
35,861,False,0.2476647534198212,0
35,862,False,0.5915252921662858,0
35,863,False,0.4941427378687356,0
35,864,False,0.1927509224419929,0
35,865,False,0.215708580571228,0
35,866,False,0.4548274324248505,0
35,867,False,0.432033472949111,0
35,868,False,0.4727380263938699,0
35,869,False,0.2538973946761992,0
35,870,False,0.2857213617632627,0
35,871,False,0.2317922806044498,0
35,872,False,0.2332041462800099,0
35,873,False,0.1697303259220881,0
35,874,False,0.4915121741124872,0
35,875,False,0.3319587751508012,0
35,876,False,0.3427031340245881,0
35,877,False,0.4732074603715058,0
35,878,False,0.057826174727944,0
35,879,False,0.3342823374545915,0
35,880,False,0.5055663733930453,0
35,881,False,0.1092677169367234,0
35,882,False,0.476371862104171,0
35,883,False,0.3351520189164386,0
35,884,False,0.3113112656037834,0
35,885,False,0.3156514521042243,0
35,886,False,0.1342593059642669,0
35,887,False,0.0426125165402731,0
35,888,False,0.4402492515093427,0
35,889,False,0.1195934956640864,0
35,890,False,0.2000779313230957,0
35,891,True,0.7007817975708072,0
35,892,False,0.2817555447671213,0
35,893,False,0.3492651154755515,0
35,894,False,0.183486628129589,0
35,895,False,0.5023166737897836,0
35,896,False,0.0624500784100217,0
35,897,False,0.4354437700393007,0
35,898,False,0.0920630148030118,0
35,899,False,0.6257518883853295,0
35,900,False,0.3770081169472025,0
35,901,False,0.1271719790497805,0
35,902,False,0.2743528735631583,0
35,903,False,0.3825666156869312,0
35,904,False,0.1784396198271592,0
35,905,False,0.2162905367743838,0
35,906,False,0.5209740341645329,0
35,907,False,0.279074004926693,0
35,908,False,0.4849887995749727,0
35,909,False,0.3481128642195799,0
35,910,False,0.3776973082787966,0
35,911,False,0.4552676384890686,0
35,912,False,0.564636774420852,0
35,913,False,0.1352549552408208,0
35,914,False,0.4189062970344011,0
35,915,True,0.6277239733678208,0
35,916,False,0.4233062618932802,0
35,917,False,0.3242865327317485,0
35,918,False,0.5237323534287259,0
35,919,False,0.6843643932117193,0
35,920,False,0.3592652758898438,0
35,921,False,0.3939614324212918,0
35,922,False,0.3799956547644613,0
35,923,False,0.0841743365393104,0
35,924,False,0.4372271147397712,0
35,925,False,0.0941077935758852,0
35,926,False,0.3982612864989766,0
35,927,False,0.0776550664575109,0
35,928,False,0.1282124549316295,0
35,929,False,0.2142506430565661,0
35,930,False,0.1898088523955465,0
35,931,False,0.449549690409468,0
35,932,False,0.2340831361350911,0
35,933,False,0.1004746869111375,0
35,934,False,0.1752910699720822,0
35,935,False,0.3112062459089998,0
35,936,False,0.3072581434169985,0
35,937,False,0.3162298390616307,0
35,938,False,0.4493230296578294,0
35,939,False,0.4992607592612914,0
35,940,False,0.3797328747609579,0
35,941,False,0.2587951204847887,0
35,942,False,0.217206502029108,0
35,943,False,0.6337271424536701,0
35,944,False,0.3024225452045582,0
35,945,False,0.353243831536729,0
35,946,False,0.1960088011812329,0
35,947,False,0.194604146338236,0
35,948,False,0.1201659626916901,0
35,949,False,0.2881738348704263,0
35,950,False,0.1945107684338112,0
35,951,False,0.2219017467003496,0
35,952,False,0.4924424140581507,0
35,953,False,0.0850659978225831,0
35,954,False,0.1707846803550596,0
35,955,False,0.3275299415979275,0
35,956,False,0.3146017534698956,0
35,957,False,0.5591300431761457,0
35,958,False,0.0569074657411333,0
35,959,False,0.5215862971395819,0
35,960,False,0.1109111744624726,0
35,961,False,0.2265228453079547,0
35,962,False,0.0823237952883983,0
35,963,False,0.0203376211117979,0
35,964,False,0.515099224706211,0
35,965,False,0.1524295832997067,0
35,966,False,0.401561690342304,0
35,967,False,0.1934741652155991,0
35,968,True,0.5676055160091945,0
35,969,False,0.207457529958512,0
35,970,False,0.2430327927543291,0
35,971,False,0.1686796225990403,0
35,972,False,0.1197872134843499,0
35,973,False,0.4281637369757693,0
35,974,False,0.2805328520070296,0
35,975,False,0.0255304591814648,0
35,976,False,0.5758838933798938,0
35,977,False,0.2466749134265328,0
35,978,False,0.1265914119379539,0
35,979,False,0.076905262823075,0
35,980,False,0.1317865994756037,0
35,981,False,0.3423522504030944,0
35,982,False,0.4422870444385288,0
35,983,False,0.2290208014335576,0
35,984,True,0.8133424050014515,0
35,985,False,0.2079234242657764,0
35,986,False,0.2608344425937606,0
35,987,False,0.1095262841662347,0
35,988,False,0.2508512520003949,0
35,989,False,0.4615262690501316,0
35,990,False,0.6224521206393593,0
35,991,False,0.3984798933684013,0
35,992,False,0.0587343222846886,0
35,993,False,0.0996858624336007,0
35,994,False,0.0587453867701584,0
35,995,False,0.1404948127964428,0
35,996,False,0.1813561796987826,0
35,997,False,0.1207732276954052,0
35,998,False,0.3803905055871858,0
35,999,False,0.115508747068787,0
36,0,False,0.3536766572335658,0
36,1,False,0.2485580660782393,0
36,2,False,0.4159590873381714,0
36,3,False,0.1599675758099919,0
36,4,False,0.5502830780616322,0
36,5,False,0.110945287593398,0
36,6,False,0.5098966417920571,0
36,7,False,0.1772703794727445,0
36,8,False,0.1982904719133444,0
36,9,False,0.3762367882135499,0
36,10,False,0.5434668040445325,0
36,11,False,0.0847637629426502,0
36,12,False,0.3579287927839609,0
36,13,False,0.2733207739503824,0
36,14,False,0.1343761410948502,0
36,15,False,0.3532548500048075,0
36,16,False,0.1327901214327579,0
36,17,False,0.326434368425168,0
36,18,False,0.1658104012585459,0
36,19,False,0.207734214505591,0
36,20,False,0.2634084880828478,0
36,21,False,0.3900143303664891,0
36,22,False,0.1536454700072753,0
36,23,False,0.3055023511983206,0
36,24,False,0.203313881265596,0
36,25,False,0.1838768760882306,0
36,26,False,0.3678240872354807,0
36,27,False,0.2020967664638769,0
36,28,False,0.1863395045288194,0
36,29,False,0.2835202997539891,0
36,30,False,0.1003993030662121,0
36,31,False,0.207729389165234,0
36,32,False,0.3096377073595142,0
36,33,False,0.0443858001226034,0
36,34,False,0.1245792134455452,0
36,35,False,0.2110033201581862,0
36,36,False,0.3581887554246956,0
36,37,False,0.6522422663601021,0
36,38,False,0.1622660260567806,0
36,39,False,0.0694242954698856,0
36,40,False,0.076848080809821,0
36,41,False,0.1744335165862888,0
36,42,False,0.5434537469656785,0
36,43,False,0.0616539134466732,0
36,44,False,0.2356865066312641,0
36,45,False,0.3132941266752032,0
36,46,False,0.1525833147039861,0
36,47,False,0.3868863360183782,0
36,48,False,0.4845897602554896,0
36,49,False,0.0959387779732849,0
36,50,False,0.3662241584833629,0
36,51,False,0.2983728426907024,0
36,52,False,0.2237663665214278,0
36,53,False,0.1642916485213648,0
36,54,False,0.4613858274628866,0
36,55,False,0.0983214607503696,0
36,56,False,0.179247512983417,0
36,57,False,0.3430187325979972,0
36,58,False,0.2746698380360602,0
36,59,False,0.4432945779277498,0
36,60,False,0.1327244318952246,0
36,61,False,0.4006430877209991,0
36,62,False,0.3225960385009868,0
36,63,False,0.2923618255131976,0
36,64,False,0.1135769732526367,0
36,65,False,0.3415589572254627,0
36,66,False,0.1699958739594175,0
36,67,True,0.8014732049023443,0
36,68,False,0.1317706240875745,0
36,69,False,0.125499659191502,0
36,70,False,0.3370138954716539,0
36,71,False,0.0343986220052017,0
36,72,False,0.159377520333094,0
36,73,False,0.2615158445906097,0
36,74,False,0.2491194021961276,0
36,75,False,0.0685869246308145,0
36,76,False,0.4595064072499054,0
36,77,False,0.5414781386117564,0
36,78,False,0.2605960618109315,0
36,79,False,0.067535907483785,0
36,80,False,0.0467688349727268,0
36,81,False,0.127131476580951,0
36,82,False,0.3265987258278122,0
36,83,False,0.1191248654111389,0
36,84,False,0.1077670455014623,0
36,85,False,0.3246010263074086,0
36,86,False,0.2193544911847561,0
36,87,False,0.3047922320216946,0
36,88,False,0.403730071467841,0
36,89,False,0.1841289216978105,0
36,90,False,0.2344736594858819,0
36,91,False,0.175068748991844,0
36,92,False,0.2673316734797696,0
36,93,False,0.238699744225137,0
36,94,False,0.3257956107307604,0
36,95,False,0.4434878606676832,0
36,96,False,0.3855671372233749,0
36,97,False,0.0961525816865667,0
36,98,False,0.2089847738799713,0
36,99,False,0.1661962342804483,0
36,100,False,0.2272148735050511,0
36,101,False,0.4759204964642726,0
36,102,False,0.1158847910316493,0
36,103,False,0.1718540724955221,0
36,104,False,0.2409358088306848,0
36,105,False,0.1965854535395116,0
36,106,False,0.1545074012420307,0
36,107,False,0.3024753876496196,0
36,108,False,0.2628503990216566,0
36,109,False,0.1783854898271363,0
36,110,False,0.0714033686941217,0
36,111,False,0.3680479351839821,0
36,112,False,0.1650023992108502,0
36,113,True,0.6463769483914986,0
36,114,False,0.5031230845032987,0
36,115,False,0.4086469850455971,0
36,116,False,0.3784719386186747,0
36,117,False,0.4808171104256128,0
36,118,False,0.4501527714550122,0
36,119,False,0.3148546559271867,0
36,120,False,0.3458306244455384,0
36,121,False,0.5386521682270735,0
36,122,False,0.3061721796943814,0
36,123,False,0.145588134244425,0
36,124,False,0.4518857472364912,0
36,125,False,0.3599374248179245,0
36,126,False,0.061906433771692,0
36,127,False,0.2328545928203029,0
36,128,False,0.1920824664494293,0
36,129,False,0.5199092769591175,0
36,130,False,0.2201943740399156,0
36,131,False,0.1377202357514125,0
36,132,False,0.471971286182723,0
36,133,False,0.1588460545173127,0
36,134,False,0.0596894752708395,0
36,135,False,0.3408156596522683,0
36,136,False,0.3066486182634088,0
36,137,False,0.2789555071166884,0
36,138,False,0.3288097857207583,0
36,139,False,0.4064901896391388,0
36,140,False,0.3234596782435212,0
36,141,False,0.1813428850517404,0
36,142,False,0.110344420804029,0
36,143,False,0.0626113417445731,0
36,144,False,0.3893738659278771,0
36,145,False,0.2208119923981546,0
36,146,False,0.1705774606874289,0
36,147,False,0.0676360338470681,0
36,148,False,0.2063693713019656,0
36,149,False,0.3587901228827754,0
36,150,False,0.316899984774653,0
36,151,False,0.1365637082251592,0
36,152,False,0.2170837430502517,0
36,153,False,0.1363792431986001,0
36,154,False,0.0637349304068678,0
36,155,False,0.5785716282335199,0
36,156,False,0.1673754331871321,0
36,157,False,0.485750585203021,0
36,158,False,0.2231288814404552,0
36,159,False,0.3734488472849538,0
36,160,False,0.3866075694193058,0
36,161,False,0.2910392925454743,0
36,162,False,0.3584957567261279,0
36,163,False,0.3688485254461,0
36,164,False,0.4338558481917234,0
36,165,False,0.0593243266171532,0
36,166,False,0.1537383027458395,0
36,167,True,0.690927168796683,0
36,168,False,0.0492709683183529,0
36,169,False,0.1859158401713941,0
36,170,False,0.2715695031402613,0
36,171,False,0.3219105263709601,0
36,172,False,0.4820942894903152,0
36,173,False,0.319706275524256,0
36,174,False,0.4916099383257625,0
36,175,False,0.1841729708671041,0
36,176,False,0.0293922497739453,0
36,177,False,0.4383244007111607,0
36,178,False,0.2201991781916555,0
36,179,False,0.1272898020531447,0
36,180,False,0.5623099425360222,0
36,181,False,0.1351692568264888,0
36,182,False,0.1892652527031718,0
36,183,False,0.2788522124309327,0
36,184,False,0.2584988688589334,0
36,185,False,0.1713624183536284,0
36,186,False,0.3902904125361203,0
36,187,False,0.1388409287646581,0
36,188,False,0.4659217194194351,0
36,189,False,0.6157519764816631,0
36,190,False,0.3073799210471541,0
36,191,False,0.3116610941567272,0
36,192,False,0.1347012643177103,0
36,193,True,0.7239031844967967,0
36,194,False,0.1191002777077864,0
36,195,False,0.2853857889201115,0
36,196,False,0.514309690041867,0
36,197,False,0.15648979507517,0
36,198,False,0.2605575260313472,0
36,199,False,0.1398135905354235,0
36,200,False,0.388093991336372,0
36,201,False,0.4641645770320866,0
36,202,False,0.1284580477416679,0
36,203,False,0.0552063959733059,0
36,204,False,0.0172791270801268,0
36,205,False,0.1592498686850636,0
36,206,False,0.2667449952728772,0
36,207,False,0.529692033598347,0
36,208,False,0.3071017670062408,0
36,209,False,0.2504805636294226,0
36,210,False,0.4035583213875158,0
36,211,False,0.3696214928596068,0
36,212,False,0.2207809777676418,0
36,213,False,0.0907414859941739,0
36,214,False,0.4262985613707276,0
36,215,False,0.3076570372812911,0
36,216,False,0.0868688695425104,0
36,217,False,0.3198826790647721,0
36,218,False,0.1724594545811701,0
36,219,False,0.5236077465948994,0
36,220,False,0.144113060499894,0
36,221,False,0.4369016405600799,0
36,222,False,0.5620366156958401,0
36,223,False,0.2038808086447868,0
36,224,False,0.2652600697023149,0
36,225,False,0.342996453032718,0
36,226,False,0.3081745146780117,0
36,227,False,0.0784764086339576,0
36,228,False,0.2041784285394985,0
36,229,False,0.4675748017124985,0
36,230,False,0.2244438821429141,0
36,231,False,0.5642742600782021,0
36,232,False,0.4583638031993273,0
36,233,False,0.2287323521569573,0
36,234,False,0.1941625323271394,0
36,235,False,0.1140487847503583,0
36,236,False,0.1188638980722389,0
36,237,False,0.224300325608497,0
36,238,False,0.1748455929095408,0
36,239,False,0.2381018443075495,0
36,240,False,0.4379433493911621,0
36,241,False,0.3050820962749862,0
36,242,False,0.4110151238583872,0
36,243,False,0.2384113862023676,0
36,244,False,0.3055585620380799,0
36,245,False,0.2243119866738172,0
36,246,False,0.2283035041843001,0
36,247,False,0.601389322500987,0
36,248,False,0.1861016376343618,0
36,249,False,0.3322376533914182,0
36,250,False,0.1535906531023021,0
36,251,True,0.5895945688191788,0
36,252,False,0.1360111358496654,0
36,253,False,0.1452923245069306,0
36,254,False,0.4696325075583425,0
36,255,False,0.3470548878739906,0
36,256,False,0.2243778179558153,0
36,257,False,0.380680807328598,0
36,258,False,0.2527384697197175,0
36,259,False,0.1918417920208668,0
36,260,False,0.217770879130423,0
36,261,False,0.5469541833338392,0
36,262,False,0.4320278193633133,0
36,263,False,0.337528941637207,0
36,264,False,0.2801225539599779,0
36,265,False,0.2046927163646063,0
36,266,False,0.1978288911575661,0
36,267,False,0.4200987516052237,0
36,268,False,0.0945684310647346,0
36,269,False,0.0683369109310005,0
36,270,False,0.3733711511916154,0
36,271,False,0.1814974593978298,0
36,272,False,0.4688203508208859,0
36,273,False,0.4418376196321603,0
36,274,False,0.2731195652421582,0
36,275,False,0.4417392325829916,0
36,276,False,0.4514994659346463,0
36,277,False,0.5143025110676812,0
36,278,False,0.1984804228376855,0
36,279,False,0.0562449592429087,0
36,280,False,0.0130969161112021,0
36,281,False,0.4422153449338335,0
36,282,False,0.2563288233480382,0
36,283,False,0.1200803715075963,0
36,284,False,0.2906548683413762,0
36,285,False,0.248426499061781,0
36,286,False,0.273114962563885,0
36,287,False,0.2310327453733966,0
36,288,False,0.3977583849607771,0
36,289,False,0.1228099507461072,0
36,290,False,0.2443124657062036,0
36,291,False,0.1690550311731764,0
36,292,False,0.3630143517577401,0
36,293,False,0.1593915793032425,0
36,294,False,0.0980124610961424,0
36,295,False,0.325874443929199,0
36,296,False,0.3065108052415546,0
36,297,False,0.0767121836501658,0
36,298,False,0.4728620841435421,0
36,299,False,0.3157011011273116,0
36,300,False,0.2063096419420389,0
36,301,False,0.0386729386542437,0
36,302,False,0.4168670056078366,0
36,303,False,0.3052640817200645,0
36,304,False,0.360409463644948,0
36,305,False,0.3196523721264053,0
36,306,False,0.0603920315480385,0
36,307,False,0.2176756192715158,0
36,308,False,0.4233910425225104,0
36,309,False,0.0857535961606485,0
36,310,False,0.241142100263168,0
36,311,False,0.1068213695009309,0
36,312,False,0.3939974320667165,0
36,313,False,0.2557226333708657,0
36,314,False,0.3840811292272226,0
36,315,False,0.3661458059524538,0
36,316,False,0.5816434885743039,0
36,317,False,0.5621775612709531,0
36,318,False,0.0884444403006964,0
36,319,False,0.3446235300029249,0
36,320,False,0.6095654722173228,0
36,321,False,0.3141309765261968,0
36,322,False,0.6479463612947148,0
36,323,False,0.2265019195492524,0
36,324,False,0.4532267059451018,0
36,325,False,0.5996218506997747,0
36,326,False,0.1362318623539835,0
36,327,False,0.2361379497655822,0
36,328,False,0.6046614565204121,0
36,329,False,0.2920487185984639,0
36,330,False,0.4004222737895427,0
36,331,False,0.4507710944195557,0
36,332,False,0.1848018664101324,0
36,333,False,0.4101929338053977,0
36,334,False,0.34973434990572,0
36,335,False,0.1756191969893639,0
36,336,False,0.2052622268743936,0
36,337,False,0.6085560017364287,0
36,338,False,0.141658770535373,0
36,339,False,0.43593946275941,0
36,340,False,0.3082365330185971,0
36,341,False,0.4550063988010734,0
36,342,False,0.4275490847618506,0
36,343,False,0.2781861683282088,0
36,344,False,0.1852405523576611,0
36,345,False,0.5553171992560851,0
36,346,False,0.5031820579410835,0
36,347,False,0.3218467203585847,0
36,348,False,0.2940375021670958,0
36,349,False,0.1254493851034331,0
36,350,False,0.4444012505601111,0
36,351,False,0.5757688148776429,0
36,352,False,0.1238108655661201,0
36,353,False,0.1417424749206275,0
36,354,False,0.1872751990226918,0
36,355,False,0.1912672864319361,0
36,356,False,0.2750086185191396,0
36,357,False,0.2594732652222252,0
36,358,False,0.1160173375309619,0
36,359,False,0.5878548997680135,0
36,360,False,0.141844276079871,0
36,361,False,0.2670940915387836,0
36,362,False,0.1693494018369503,0
36,363,False,0.5051295998717548,0
36,364,False,0.2152263011559128,0
36,365,False,0.3026792843884116,0
36,366,False,0.6043368946581595,0
36,367,False,0.2264428247113664,0
36,368,False,0.3300102349170474,0
36,369,False,0.1552676357183774,0
36,370,False,0.2640383541633144,0
36,371,False,0.3870555710169233,0
36,372,False,0.1219581579427709,0
36,373,False,0.2307343681279402,0
36,374,False,0.3374328449762505,0
36,375,False,0.0724104629791323,0
36,376,False,0.3782207354851397,0
36,377,False,0.3194343997975769,0
36,378,False,0.1972597201780969,0
36,379,False,0.287172100514021,0
36,380,False,0.6008221918617068,0
36,381,False,0.0971226057228562,0
36,382,False,0.2750073539162113,0
36,383,False,0.5045933992123101,0
36,384,False,0.1595183596132539,0
36,385,False,0.2144434659745125,0
36,386,False,0.4631573276497399,0
36,387,False,0.278102406698222,0
36,388,False,0.185040538482732,0
36,389,False,0.1145555589074245,0
36,390,False,0.4228950555098883,0
36,391,False,0.6440679634524121,0
36,392,False,0.3083255266751108,0
36,393,False,0.4105774245043222,0
36,394,False,0.1960542058844075,0
36,395,False,0.1388747735087824,0
36,396,False,0.0985267612391955,0
36,397,False,0.3672611312390035,0
36,398,False,0.5073793345737749,0
36,399,False,0.2364619685412546,0
36,400,False,0.4056361401586,0
36,401,False,0.2649097709889378,0
36,402,False,0.3808117943964557,0
36,403,False,0.2253317470448952,0
36,404,False,0.0451536951706062,0
36,405,False,0.1643660328395617,0
36,406,False,0.1914306997277393,0
36,407,False,0.2616461141449531,0
36,408,False,0.3563937219389386,0
36,409,False,0.0807393667249193,0
36,410,False,0.1084574754788678,0
36,411,False,0.2455266465423252,0
36,412,False,0.5453972463065507,0
36,413,False,0.3355411391283527,0
36,414,False,0.1119325748862738,0
36,415,False,0.0786186195421999,0
36,416,False,0.2232495599779229,0
36,417,False,0.2393448930531098,0
36,418,False,0.4691650839986767,0
36,419,False,0.1093010128782776,0
36,420,False,0.350841738423868,0
36,421,False,0.1147332768168895,0
36,422,False,0.5209560844968074,0
36,423,False,0.4629191165410449,0
36,424,False,0.4458084306295856,0
36,425,False,0.4507456473585096,0
36,426,False,0.207768701685737,0
36,427,False,0.5530846398930729,0
36,428,False,0.2414057853315312,0
36,429,False,0.3521991446239845,0
36,430,False,0.5623335554103934,0
36,431,False,0.066028107172517,0
36,432,False,0.4780103627939779,0
36,433,False,0.3619557421910525,0
36,434,False,0.4016190764260652,0
36,435,False,0.1447690887902211,0
36,436,False,0.1485361833971406,0
36,437,False,0.2673122822770018,0
36,438,False,0.2665058948831771,0
36,439,False,0.2016844401116823,0
36,440,False,0.5191348577625704,0
36,441,False,0.0125769688314679,0
36,442,False,0.230059532111924,0
36,443,False,0.0891624767452996,0
36,444,False,0.5437183231209585,0
36,445,False,0.3380641675028336,0
36,446,False,0.2209937767876525,0
36,447,False,0.1223216696690601,0
36,448,False,0.327157746156919,0
36,449,False,0.0999748268202887,0
36,450,False,0.3375920398739411,0
36,451,False,0.5828544730774738,0
36,452,False,0.5490326088038333,0
36,453,False,0.1444002153105774,0
36,454,False,0.5397886850088234,0
36,455,False,0.0491039142380159,0
36,456,False,0.2269298672078842,0
36,457,False,0.1507116244682386,0
36,458,False,0.0397742668078514,0
36,459,False,0.4199586775519187,0
36,460,False,0.4703209324057288,0
36,461,False,0.4593225624256609,0
36,462,False,0.2928697416440324,0
36,463,False,0.3253208111970423,0
36,464,False,0.608299740483025,0
36,465,False,0.227995917813659,0
36,466,False,0.3285833899501695,0
36,467,False,0.188908839828141,0
36,468,False,0.4759491652842039,0
36,469,False,0.4619524675485082,0
36,470,False,0.3355219672420451,0
36,471,False,0.2913305263540643,0
36,472,False,0.3010360813901332,0
36,473,False,0.3271906689077269,0
36,474,False,0.0676409928670715,0
36,475,False,0.3328039645201829,0
36,476,False,0.5689403837780267,0
36,477,False,0.1687368232740908,0
36,478,False,0.3234785077429782,0
36,479,False,0.2595142364225923,0
36,480,False,0.2107341076181594,0
36,481,False,0.4454389315848823,0
36,482,False,0.1925251778170265,0
36,483,False,0.4215730229751968,0
36,484,False,0.3147556062634345,0
36,485,False,0.089175148068904,0
36,486,False,0.1813974974553684,0
36,487,False,0.2888520759798477,0
36,488,False,0.1912204640490106,0
36,489,False,0.254632025981011,0
36,490,False,0.2626091579593145,0
36,491,False,0.1868577020761625,0
36,492,False,0.1235656832485277,0
36,493,False,0.3590902667010948,0
36,494,False,0.0072479127321231,0
36,495,False,0.2254122917396397,0
36,496,False,0.3682584032090778,0
36,497,False,0.4700537573475749,0
36,498,False,0.2334079593854568,0
36,499,False,0.604550623924786,0
36,500,False,0.1116182558215075,0
36,501,False,0.2918006363881575,0
36,502,False,0.2436788503320043,0
36,503,False,0.0911729007382388,0
36,504,False,0.3423826121689441,0
36,505,False,0.2613583638874165,0
36,506,False,0.1054542174997974,0
36,507,False,0.3394195895177768,0
36,508,False,0.0667440465050857,0
36,509,False,0.3948447858495602,0
36,510,False,0.1701597344690188,0
36,511,True,0.6912093386389426,0
36,512,False,0.1701650430716366,0
36,513,False,0.259658072094199,0
36,514,False,0.3408592494335257,0
36,515,False,0.1936145912070428,0
36,516,False,0.4421189571746821,0
36,517,False,0.2918146343826823,0
36,518,False,0.0431616328618451,0
36,519,False,0.0852628517039114,0
36,520,False,0.4737658354893495,0
36,521,False,0.2739533039710695,0
36,522,False,0.2373952074488494,0
36,523,False,0.2670788820929144,0
36,524,False,0.1034879707346583,0
36,525,False,0.2279511321623418,0
36,526,False,0.2627333305254055,0
36,527,False,0.6891140409001313,0
36,528,False,0.2505649400674639,0
36,529,False,0.2446496929766223,0
36,530,False,0.2767384149382149,0
36,531,False,0.2722051205048573,0
36,532,False,0.2299484569093162,0
36,533,False,0.4257053209843408,0
36,534,False,0.2227111874163941,0
36,535,False,0.4773689304451496,0
36,536,False,0.2310129865169898,0
36,537,False,0.4314435361946498,0
36,538,False,0.3868797602101907,0
36,539,False,0.208678135078325,0
36,540,False,0.0900249981999672,0
36,541,False,0.6038569167009646,0
36,542,False,0.2265233252301209,0
36,543,False,0.3042970610133372,0
36,544,False,0.1646258613749868,0
36,545,False,0.1823972362349482,0
36,546,False,0.4766491048877699,0
36,547,False,0.5264086385938195,0
36,548,False,0.3609203123415569,0
36,549,False,0.2509553296201303,0
36,550,False,0.3835316726535463,0
36,551,False,0.1959117186620537,0
36,552,False,0.2976150813463317,0
36,553,False,0.1323735027451481,0
36,554,False,0.126311680440905,0
36,555,False,0.3547665226580853,0
36,556,False,0.3219807096428471,0
36,557,False,0.310809260614259,0
36,558,False,0.2266135263526242,0
36,559,False,0.3116613226660596,0
36,560,False,0.1721735905143979,0
36,561,False,0.0414669752128248,0
36,562,False,0.2761974130074415,0
36,563,False,0.094253560316938,0
36,564,False,0.4118445340829866,0
36,565,False,0.5157009792685964,0
36,566,False,0.6342283268293691,0
36,567,False,0.2717021731900056,0
36,568,False,0.1611555559536509,0
36,569,False,0.3019616530585536,0
36,570,False,0.2474761658633007,0
36,571,False,0.2773672197869529,0
36,572,False,0.4722249959604593,0
36,573,False,0.2190395136759253,0
36,574,False,0.2513040412624526,0
36,575,False,0.1344989142255937,0
36,576,False,0.2575375190463321,0
36,577,False,0.5758311543371692,0
36,578,False,0.1747889880746776,0
36,579,False,0.4404393990716352,0
36,580,False,0.239968723155057,0
36,581,False,0.4457504855829945,0
36,582,False,0.4181457323941839,0
36,583,False,0.1247787246488094,0
36,584,False,0.4135696874278296,0
36,585,False,0.0855221607194543,0
36,586,False,0.102384952851844,0
36,587,False,0.2285050887405005,0
36,588,False,0.5466614162505907,0
36,589,False,0.3510850322437097,0
36,590,False,0.1394105760462668,0
36,591,False,0.0536995154899485,0
36,592,False,0.3806987361056626,0
36,593,False,0.2794224044294483,0
36,594,False,0.3066911814390244,0
36,595,False,0.3430330836467324,0
36,596,False,0.476114544370721,0
36,597,False,0.2554704259647891,0
36,598,False,0.5012006017832084,0
36,599,False,0.154006662960799,0
36,600,False,0.0632323404051646,0
36,601,False,0.4483454588827538,0
36,602,False,0.1099758633977806,0
36,603,False,0.2998031027074426,0
36,604,False,0.5363077304756033,0
36,605,False,0.0670542699936395,0
36,606,False,0.3373425781481131,0
36,607,False,0.0616375155621336,0
36,608,False,0.2669105924136806,0
36,609,False,0.0146819331277921,0
36,610,False,0.0929129012701737,0
36,611,False,0.1620845901138898,0
36,612,False,0.0555877186492738,0
36,613,False,0.3628731421368042,0
36,614,False,0.326185553069642,0
36,615,False,0.5516768599767246,0
36,616,False,0.1099186560623747,0
36,617,False,0.2171848103951794,0
36,618,False,0.0782209788311515,0
36,619,False,0.1767688055025618,0
36,620,True,0.5954379734962468,0
36,621,False,0.3971726866093809,0
36,622,False,0.1055672064555032,0
36,623,False,0.0311859105555057,0
36,624,False,0.0279579619790819,0
36,625,False,0.3679765943353593,0
36,626,False,0.159129571300425,0
36,627,True,0.7380869638355531,0
36,628,False,0.2436991769678001,0
36,629,False,0.170977740591307,0
36,630,False,0.0807239819987891,0
36,631,False,0.4477791997522805,0
36,632,False,0.197351654715525,0
36,633,False,0.2614729695537015,0
36,634,False,0.2791904822094437,0
36,635,False,0.2492464228769708,0
36,636,False,0.3888004532026781,0
36,637,False,0.0898309777348184,0
36,638,False,0.2393537041475697,0
36,639,False,0.2004520499405746,0
36,640,False,0.4009969437535314,0
36,641,False,0.4674355152035755,0
36,642,False,0.1279157924541819,0
36,643,False,0.403734941984525,0
36,644,False,0.0894865576156005,0
36,645,False,0.2478156639906327,0
36,646,False,0.26449203451846,0
36,647,False,0.4549932251283338,0
36,648,False,0.3895079338725103,0
36,649,False,0.0971817728565808,0
36,650,False,0.3828986050331805,0
36,651,False,0.297838427885603,0
36,652,False,0.5903979088514874,0
36,653,False,0.1760983318750708,0
36,654,False,0.2144134952920709,0
36,655,False,0.6204682337798468,0
36,656,False,0.4872331449600042,0
36,657,False,0.0962069245149607,0
36,658,False,0.2496558034719668,0
36,659,False,0.341237799092246,0
36,660,False,0.4009150563139554,0
36,661,False,0.1179359076194324,0
36,662,True,0.5572754113921149,0
36,663,False,0.0629427880187678,0
36,664,False,0.1229522065476816,0
36,665,False,0.5302969759506505,0
36,666,False,0.2709993961105075,0
36,667,False,0.2770890275188418,0
36,668,False,0.301184192228817,0
36,669,False,0.1401494015576146,0
36,670,False,0.0737337849011167,0
36,671,False,0.3291565105170932,0
36,672,False,0.359768584824016,0
36,673,False,0.3097774732702404,0
36,674,False,0.180350414287884,0
36,675,False,0.1104932580161498,0
36,676,False,0.2268526189451653,0
36,677,True,0.6389059701703222,0
36,678,False,0.2431391535156832,0
36,679,False,0.2159680460480785,0
36,680,False,0.2485571743584797,0
36,681,False,0.2374704597128737,0
36,682,False,0.5319284493276698,0
36,683,False,0.3904389243462244,0
36,684,False,0.1697375890428857,0
36,685,False,0.204026175015018,0
36,686,False,0.2549263267105989,0
36,687,False,0.2890608269629373,0
36,688,False,0.1407896901376907,0
36,689,False,0.1884686348827569,0
36,690,False,0.5651992012277928,0
36,691,False,0.5441384134079766,0
36,692,False,0.2074958132489381,0
36,693,False,0.1937947313120766,0
36,694,False,0.3917365978571069,0
36,695,False,0.0549042835324885,0
36,696,False,0.513200034727355,0
36,697,False,0.1680138488305095,0
36,698,False,0.3498451382963249,0
36,699,False,0.0647089915680699,0
36,700,False,0.3992098512519557,0
36,701,False,0.3602074853627584,0
36,702,False,0.3368158164406375,0
36,703,False,0.1256675155755714,0
36,704,False,0.186745643052941,0
36,705,False,0.3090542956810058,0
36,706,False,0.1611047165510067,0
36,707,False,0.156019393834899,0
36,708,False,0.4891720840330514,0
36,709,False,0.0405952160464261,0
36,710,False,0.5013100171730703,0
36,711,False,0.125480123667906,0
36,712,False,0.3783262469877855,0
36,713,False,0.3222129037148611,0
36,714,False,0.1213622535720952,0
36,715,False,0.164766719941082,0
36,716,False,0.4210690230658028,0
36,717,False,0.2230656431040991,0
36,718,True,0.7475416808203147,0
36,719,False,0.1765326311521286,0
36,720,False,0.1693998756977423,0
36,721,False,0.1012367631091599,0
36,722,False,0.1552197678852778,0
36,723,False,0.2516719879928031,0
36,724,False,0.6988438963940432,0
36,725,False,0.1628761947287865,0
36,726,False,0.035861074519571,0
36,727,False,0.1868926162656133,0
36,728,False,0.2802197590789023,0
36,729,False,0.5039853388745347,0
36,730,False,0.2905356993774629,0
36,731,False,0.2137032540043945,0
36,732,False,0.1742040407701023,0
36,733,False,0.3991960073625363,0
36,734,False,0.2659319496638474,0
36,735,False,0.4020401338219225,0
36,736,False,0.1054043592980552,0
36,737,False,0.1896220786800948,0
36,738,False,0.3548328182831716,0
36,739,False,0.0785174307392475,0
36,740,False,0.123504889954708,0
36,741,False,0.2413778454503063,0
36,742,False,0.4688543103047804,0
36,743,False,0.5491671814360513,0
36,744,False,0.1320866566288173,0
36,745,False,0.2989363140201345,0
36,746,False,0.5146805029932751,0
36,747,False,0.4008971368260078,0
36,748,False,0.2842255949831302,0
36,749,False,0.317544110113382,0
36,750,False,0.1384834698703489,0
36,751,False,0.2009712364540103,0
36,752,False,0.2418896431622072,0
36,753,False,0.2295611941890383,0
36,754,False,0.2156860757163646,0
36,755,False,0.1231095801822028,0
36,756,False,0.5160624858560737,0
36,757,False,0.2623139249573352,0
36,758,False,0.2309942687514944,0
36,759,False,0.0959512859344814,0
36,760,False,0.340353357371217,0
36,761,False,0.1569467002743433,0
36,762,False,0.1620025771710848,0
36,763,False,0.1945993531314553,0
36,764,False,0.3889033363849212,0
36,765,False,0.3240072686151163,0
36,766,False,0.0569606868617727,0
36,767,False,0.5068443274386882,0
36,768,False,0.3043925052678168,0
36,769,False,0.2972452247392276,0
36,770,False,0.1367056096153261,0
36,771,False,0.4491401171221709,0
36,772,False,0.2518147960573942,0
36,773,False,0.1695139260731264,0
36,774,False,0.0801464927057364,0
36,775,False,0.2325370523553835,0
36,776,False,0.4841625365767797,0
36,777,False,0.1693257626556566,0
36,778,False,0.0747789270014016,0
36,779,False,0.1852423234921943,0
36,780,False,0.1679635137045052,0
36,781,False,0.2763354949660545,0
36,782,False,0.1309785515470798,0
36,783,False,0.1542500262093677,0
36,784,False,0.0899353835301188,0
36,785,False,0.3465590425511273,0
36,786,False,0.1649902537464189,0
36,787,False,0.1454381844637113,0
36,788,False,0.451163889216197,0
36,789,False,0.5292063498589319,0
36,790,False,0.3771771971387949,0
36,791,False,0.4977153092263308,0
36,792,False,0.4231845666292447,0
36,793,False,0.2173364748969555,0
36,794,False,0.1054974346874186,0
36,795,False,0.177115816076833,0
36,796,False,0.1560104234247701,0
36,797,False,0.3583027272484148,0
36,798,False,0.2382117203777517,0
36,799,False,0.0444376371349206,0
36,800,False,0.1774341564063493,0
36,801,False,0.0810503458688375,0
36,802,False,0.2332597297899884,0
36,803,False,0.4563029734443914,0
36,804,False,0.1109951227085874,0
36,805,False,0.524107383079782,0
36,806,False,0.2494485341513156,0
36,807,False,0.3576596696917246,0
36,808,False,0.1411241998676989,0
36,809,False,0.2562193556155805,0
36,810,False,0.5239791499617252,0
36,811,False,0.4819498063691885,0
36,812,False,0.2639644320402215,0
36,813,False,0.223514158884564,0
36,814,False,0.2764270470816738,0
36,815,False,0.321129255341407,0
36,816,False,0.557406885681536,0
36,817,False,0.1621890861748199,0
36,818,False,0.154807479392052,0
36,819,False,0.2096039228273493,0
36,820,False,0.1068665371877108,0
36,821,False,0.36441921405229,0
36,822,False,0.069854215232803,0
36,823,False,0.5752524381494896,0
36,824,False,0.2816515588456469,0
36,825,False,0.3794411536939451,0
36,826,False,0.0456596310029253,0
36,827,False,0.3907392159198113,0
36,828,False,0.3259029406210039,0
36,829,False,0.3450841502829877,0
36,830,False,0.2370136739010705,0
36,831,False,0.4243518655493258,0
36,832,False,0.1288120009908881,0
36,833,False,0.3299114686361586,0
36,834,False,0.0667555305661823,0
36,835,False,0.1057107830323264,0
36,836,False,0.5357995621053333,0
36,837,False,0.1595713437757506,0
36,838,False,0.1228798987176632,0
36,839,False,0.3099564477393267,0
36,840,False,0.5006741240171694,0
36,841,False,0.1925333812435086,0
36,842,False,0.6798139772747849,0
36,843,False,0.1658069239561412,0
36,844,False,0.445325731706341,0
36,845,False,0.2871034665903474,0
36,846,False,0.2051521024846308,0
36,847,False,0.3569482999794101,0
36,848,False,0.0872053159749631,0
36,849,False,0.23791157291652,0
36,850,False,0.2125906368597829,0
36,851,False,0.3380474712276761,0
36,852,False,0.2905275608427198,0
36,853,False,0.3479181328972756,0
36,854,False,0.4221996077051169,0
36,855,False,0.2424964231836355,0
36,856,False,0.3024763373927353,0
36,857,False,0.5685546252018754,0
36,858,False,0.2939324011203272,0
36,859,False,0.2371806947234474,0
36,860,False,0.4348483136027772,0
36,861,False,0.2476647534198212,0
36,862,False,0.5915252921662858,0
36,863,False,0.4941427378687356,0
36,864,False,0.1927509224419929,0
36,865,False,0.215708580571228,0
36,866,False,0.4548274324248505,0
36,867,False,0.432033472949111,0
36,868,False,0.4727380263938699,0
36,869,False,0.2538973946761992,0
36,870,False,0.2857213617632627,0
36,871,False,0.2317922806044498,0
36,872,False,0.2332041462800099,0
36,873,False,0.1697303259220881,0
36,874,False,0.4915121741124872,0
36,875,False,0.3319587751508012,0
36,876,False,0.3427031340245881,0
36,877,False,0.4732074603715058,0
36,878,False,0.057826174727944,0
36,879,False,0.3342823374545915,0
36,880,False,0.5055663733930453,0
36,881,False,0.1092677169367234,0
36,882,False,0.476371862104171,0
36,883,False,0.3351520189164386,0
36,884,False,0.3113112656037834,0
36,885,False,0.3156514521042243,0
36,886,False,0.1342593059642669,0
36,887,False,0.0426125165402731,0
36,888,False,0.4402492515093427,0
36,889,False,0.1195934956640864,0
36,890,False,0.2000779313230957,0
36,891,True,0.7007817975708072,0
36,892,False,0.2817555447671213,0
36,893,False,0.3492651154755515,0
36,894,False,0.183486628129589,0
36,895,False,0.5023166737897836,0
36,896,False,0.0624500784100217,0
36,897,False,0.4354437700393007,0
36,898,False,0.0920630148030118,0
36,899,False,0.6257518883853295,0
36,900,False,0.3770081169472025,0
36,901,False,0.1271719790497805,0
36,902,False,0.2743528735631583,0
36,903,False,0.3825666156869312,0
36,904,False,0.1784396198271592,0
36,905,False,0.2162905367743838,0
36,906,False,0.5209740341645329,0
36,907,False,0.279074004926693,0
36,908,False,0.4849887995749727,0
36,909,False,0.3481128642195799,0
36,910,False,0.3776973082787966,0
36,911,False,0.4552676384890686,0
36,912,False,0.564636774420852,0
36,913,False,0.1352549552408208,0
36,914,False,0.4189062970344011,0
36,915,True,0.6277239733678208,0
36,916,False,0.4233062618932802,0
36,917,False,0.3242865327317485,0
36,918,False,0.5237323534287259,0
36,919,False,0.6843643932117193,0
36,920,False,0.3592652758898438,0
36,921,False,0.3939614324212918,0
36,922,False,0.3799956547644613,0
36,923,False,0.0841743365393104,0
36,924,False,0.4372271147397712,0
36,925,False,0.0941077935758852,0
36,926,False,0.3982612864989766,0
36,927,False,0.0776550664575109,0
36,928,False,0.1282124549316295,0
36,929,False,0.2142506430565661,0
36,930,False,0.1898088523955465,0
36,931,False,0.449549690409468,0
36,932,False,0.2340831361350911,0
36,933,False,0.1004746869111375,0
36,934,False,0.1752910699720822,0
36,935,False,0.3112062459089998,0
36,936,False,0.3072581434169985,0
36,937,False,0.3162298390616307,0
36,938,False,0.4493230296578294,0
36,939,False,0.4992607592612914,0
36,940,False,0.3797328747609579,0
36,941,False,0.2587951204847887,0
36,942,False,0.217206502029108,0
36,943,False,0.6337271424536701,0
36,944,False,0.3024225452045582,0
36,945,False,0.353243831536729,0
36,946,False,0.1960088011812329,0
36,947,False,0.194604146338236,0
36,948,False,0.1201659626916901,0
36,949,False,0.2881738348704263,0
36,950,False,0.1945107684338112,0
36,951,False,0.2219017467003496,0
36,952,False,0.4924424140581507,0
36,953,False,0.0850659978225831,0
36,954,False,0.1707846803550596,0
36,955,False,0.3275299415979275,0
36,956,False,0.3146017534698956,0
36,957,False,0.5591300431761457,0
36,958,False,0.0569074657411333,0
36,959,False,0.5215862971395819,0
36,960,False,0.1109111744624726,0
36,961,False,0.2265228453079547,0
36,962,False,0.0823237952883983,0
36,963,False,0.0203376211117979,0
36,964,False,0.515099224706211,0
36,965,False,0.1524295832997067,0
36,966,False,0.401561690342304,0
36,967,False,0.1934741652155991,0
36,968,True,0.5676055160091945,0
36,969,False,0.207457529958512,0
36,970,False,0.2430327927543291,0
36,971,False,0.1686796225990403,0
36,972,False,0.1197872134843499,0
36,973,False,0.4281637369757693,0
36,974,False,0.2805328520070296,0
36,975,False,0.0255304591814648,0
36,976,False,0.5758838933798938,0
36,977,False,0.2466749134265328,0
36,978,False,0.1265914119379539,0
36,979,False,0.076905262823075,0
36,980,False,0.1317865994756037,0
36,981,False,0.3423522504030944,0
36,982,False,0.4422870444385288,0
36,983,False,0.2290208014335576,0
36,984,True,0.8133424050014515,0
36,985,False,0.2079234242657764,0
36,986,False,0.2608344425937606,0
36,987,False,0.1095262841662347,0
36,988,False,0.2508512520003949,0
36,989,False,0.4615262690501316,0
36,990,False,0.6224521206393593,0
36,991,False,0.3984798933684013,0
36,992,False,0.0587343222846886,0
36,993,False,0.0996858624336007,0
36,994,False,0.0587453867701584,0
36,995,False,0.1404948127964428,0
36,996,False,0.1813561796987826,0
36,997,False,0.1207732276954052,0
36,998,False,0.3803905055871858,0
36,999,False,0.115508747068787,0
37,0,False,0.3536766572335658,0
37,1,False,0.2485580660782393,0
37,2,False,0.4159590873381714,0
37,3,False,0.1599675758099919,0
37,4,False,0.5502830780616322,0
37,5,False,0.110945287593398,0
37,6,False,0.5098966417920571,0
37,7,False,0.1772703794727445,0
37,8,False,0.1982904719133444,0
37,9,False,0.3762367882135499,0
37,10,False,0.5434668040445325,0
37,11,False,0.0847637629426502,0
37,12,False,0.3579287927839609,0
37,13,False,0.2733207739503824,0
37,14,False,0.1343761410948502,0
37,15,False,0.3532548500048075,0
37,16,False,0.1327901214327579,0
37,17,False,0.326434368425168,0
37,18,False,0.1658104012585459,0
37,19,False,0.207734214505591,0
37,20,False,0.2634084880828478,0
37,21,False,0.3900143303664891,0
37,22,False,0.1536454700072753,0
37,23,False,0.3055023511983206,0
37,24,False,0.203313881265596,0
37,25,False,0.1838768760882306,0
37,26,False,0.3678240872354807,0
37,27,False,0.2020967664638769,0
37,28,False,0.1863395045288194,0
37,29,False,0.2835202997539891,0
37,30,False,0.1003993030662121,0
37,31,False,0.207729389165234,0
37,32,False,0.3096377073595142,0
37,33,False,0.0443858001226034,0
37,34,False,0.1245792134455452,0
37,35,False,0.2110033201581862,0
37,36,False,0.3581887554246956,0
37,37,False,0.6522422663601021,0
37,38,False,0.1622660260567806,0
37,39,False,0.0694242954698856,0
37,40,False,0.076848080809821,0
37,41,False,0.1744335165862888,0
37,42,False,0.5434537469656785,0
37,43,False,0.0616539134466732,0
37,44,False,0.2356865066312641,0
37,45,False,0.3132941266752032,0
37,46,False,0.1525833147039861,0
37,47,False,0.3868863360183782,0
37,48,False,0.4845897602554896,0
37,49,False,0.0959387779732849,0
37,50,False,0.3662241584833629,0
37,51,False,0.2983728426907024,0
37,52,False,0.2237663665214278,0
37,53,False,0.1642916485213648,0
37,54,False,0.4613858274628866,0
37,55,False,0.0983214607503696,0
37,56,False,0.179247512983417,0
37,57,False,0.3430187325979972,0
37,58,False,0.2746698380360602,0
37,59,False,0.4432945779277498,0
37,60,False,0.1327244318952246,0
37,61,False,0.4006430877209991,0
37,62,False,0.3225960385009868,0
37,63,False,0.2923618255131976,0
37,64,False,0.1135769732526367,0
37,65,False,0.3415589572254627,0
37,66,False,0.1699958739594175,0
37,67,True,0.8014732049023443,0
37,68,False,0.1317706240875745,0
37,69,False,0.125499659191502,0
37,70,False,0.3370138954716539,0
37,71,False,0.0343986220052017,0
37,72,False,0.159377520333094,0
37,73,False,0.2615158445906097,0
37,74,False,0.2491194021961276,0
37,75,False,0.0685869246308145,0
37,76,False,0.4595064072499054,0
37,77,False,0.5414781386117564,0
37,78,False,0.2605960618109315,0
37,79,False,0.067535907483785,0
37,80,False,0.0467688349727268,0
37,81,False,0.127131476580951,0
37,82,False,0.3265987258278122,0
37,83,False,0.1191248654111389,0
37,84,False,0.1077670455014623,0
37,85,False,0.3246010263074086,0
37,86,False,0.2193544911847561,0
37,87,False,0.3047922320216946,0
37,88,False,0.403730071467841,0
37,89,False,0.1841289216978105,0
37,90,False,0.2344736594858819,0
37,91,False,0.175068748991844,0
37,92,False,0.2673316734797696,0
37,93,False,0.238699744225137,0
37,94,False,0.3257956107307604,0
37,95,False,0.4434878606676832,0
37,96,False,0.3855671372233749,0
37,97,False,0.0961525816865667,0
37,98,False,0.2089847738799713,0
37,99,False,0.1661962342804483,0
37,100,False,0.2272148735050511,0
37,101,False,0.4759204964642726,0
37,102,False,0.1158847910316493,0
37,103,False,0.1718540724955221,0
37,104,False,0.2409358088306848,0
37,105,False,0.1965854535395116,0
37,106,False,0.1545074012420307,0
37,107,False,0.3024753876496196,0
37,108,False,0.2628503990216566,0
37,109,False,0.1783854898271363,0
37,110,False,0.0714033686941217,0
37,111,False,0.3680479351839821,0
37,112,False,0.1650023992108502,0
37,113,True,0.6463769483914986,0
37,114,False,0.5031230845032987,0
37,115,False,0.4086469850455971,0
37,116,False,0.3784719386186747,0
37,117,False,0.4808171104256128,0
37,118,False,0.4501527714550122,0
37,119,False,0.3148546559271867,0
37,120,False,0.3458306244455384,0
37,121,False,0.5386521682270735,0
37,122,False,0.3061721796943814,0
37,123,False,0.145588134244425,0
37,124,False,0.4518857472364912,0
37,125,False,0.3599374248179245,0
37,126,False,0.061906433771692,0
37,127,False,0.2328545928203029,0
37,128,False,0.1920824664494293,0
37,129,False,0.5199092769591175,0
37,130,False,0.2201943740399156,0
37,131,False,0.1377202357514125,0
37,132,False,0.471971286182723,0
37,133,False,0.1588460545173127,0
37,134,False,0.0596894752708395,0
37,135,False,0.3408156596522683,0
37,136,False,0.3066486182634088,0
37,137,False,0.2789555071166884,0
37,138,False,0.3288097857207583,0
37,139,False,0.4064901896391388,0
37,140,False,0.3234596782435212,0
37,141,False,0.1813428850517404,0
37,142,False,0.110344420804029,0
37,143,False,0.0626113417445731,0
37,144,False,0.3893738659278771,0
37,145,False,0.2208119923981546,0
37,146,False,0.1705774606874289,0
37,147,False,0.0676360338470681,0
37,148,False,0.2063693713019656,0
37,149,False,0.3587901228827754,0
37,150,False,0.316899984774653,0
37,151,False,0.1365637082251592,0
37,152,False,0.2170837430502517,0
37,153,False,0.1363792431986001,0
37,154,False,0.0637349304068678,0
37,155,False,0.5785716282335199,0
37,156,False,0.1673754331871321,0
37,157,False,0.485750585203021,0
37,158,False,0.2231288814404552,0
37,159,False,0.3734488472849538,0
37,160,False,0.3866075694193058,0
37,161,False,0.2910392925454743,0
37,162,False,0.3584957567261279,0
37,163,False,0.3688485254461,0
37,164,False,0.4338558481917234,0
37,165,False,0.0593243266171532,0
37,166,False,0.1537383027458395,0
37,167,True,0.690927168796683,0
37,168,False,0.0492709683183529,0
37,169,False,0.1859158401713941,0
37,170,False,0.2715695031402613,0
37,171,False,0.3219105263709601,0
37,172,False,0.4820942894903152,0
37,173,False,0.319706275524256,0
37,174,False,0.4916099383257625,0
37,175,False,0.1841729708671041,0
37,176,False,0.0293922497739453,0
37,177,False,0.4383244007111607,0
37,178,False,0.2201991781916555,0
37,179,False,0.1272898020531447,0
37,180,False,0.5623099425360222,0
37,181,False,0.1351692568264888,0
37,182,False,0.1892652527031718,0
37,183,False,0.2788522124309327,0
37,184,False,0.2584988688589334,0
37,185,False,0.1713624183536284,0
37,186,False,0.3902904125361203,0
37,187,False,0.1388409287646581,0
37,188,False,0.4659217194194351,0
37,189,False,0.6157519764816631,0
37,190,False,0.3073799210471541,0
37,191,False,0.3116610941567272,0
37,192,False,0.1347012643177103,0
37,193,True,0.7239031844967967,0
37,194,False,0.1191002777077864,0
37,195,False,0.2853857889201115,0
37,196,False,0.514309690041867,0
37,197,False,0.15648979507517,0
37,198,False,0.2605575260313472,0
37,199,False,0.1398135905354235,0
37,200,False,0.388093991336372,0
37,201,False,0.4641645770320866,0
37,202,False,0.1284580477416679,0
37,203,False,0.0552063959733059,0
37,204,False,0.0172791270801268,0
37,205,False,0.1592498686850636,0
37,206,False,0.2667449952728772,0
37,207,False,0.529692033598347,0
37,208,False,0.3071017670062408,0
37,209,False,0.2504805636294226,0
37,210,False,0.4035583213875158,0
37,211,False,0.3696214928596068,0
37,212,False,0.2207809777676418,0
37,213,False,0.0907414859941739,0
37,214,False,0.4262985613707276,0
37,215,False,0.3076570372812911,0
37,216,False,0.0868688695425104,0
37,217,False,0.3198826790647721,0
37,218,False,0.1724594545811701,0
37,219,False,0.5236077465948994,0
37,220,False,0.144113060499894,0
37,221,False,0.4369016405600799,0
37,222,False,0.5620366156958401,0
37,223,False,0.2038808086447868,0
37,224,False,0.2652600697023149,0
37,225,False,0.342996453032718,0
37,226,False,0.3081745146780117,0
37,227,False,0.0784764086339576,0
37,228,False,0.2041784285394985,0
37,229,False,0.4675748017124985,0
37,230,False,0.2244438821429141,0
37,231,False,0.5642742600782021,0
37,232,False,0.4583638031993273,0
37,233,False,0.2287323521569573,0
37,234,False,0.1941625323271394,0
37,235,False,0.1140487847503583,0
37,236,False,0.1188638980722389,0
37,237,False,0.224300325608497,0
37,238,False,0.1748455929095408,0
37,239,False,0.2381018443075495,0
37,240,False,0.4379433493911621,0
37,241,False,0.3050820962749862,0
37,242,False,0.4110151238583872,0
37,243,False,0.2384113862023676,0
37,244,False,0.3055585620380799,0
37,245,False,0.2243119866738172,0
37,246,False,0.2283035041843001,0
37,247,False,0.601389322500987,0
37,248,False,0.1861016376343618,0
37,249,False,0.3322376533914182,0
37,250,False,0.1535906531023021,0
37,251,True,0.5895945688191788,0
37,252,False,0.1360111358496654,0
37,253,False,0.1452923245069306,0
37,254,False,0.4696325075583425,0
37,255,False,0.3470548878739906,0
37,256,False,0.2243778179558153,0
37,257,False,0.380680807328598,0
37,258,False,0.2527384697197175,0
37,259,False,0.1918417920208668,0
37,260,False,0.217770879130423,0
37,261,False,0.5469541833338392,0
37,262,False,0.4320278193633133,0
37,263,False,0.337528941637207,0
37,264,False,0.2801225539599779,0
37,265,False,0.2046927163646063,0
37,266,False,0.1978288911575661,0
37,267,False,0.4200987516052237,0
37,268,False,0.0945684310647346,0
37,269,False,0.0683369109310005,0
37,270,False,0.3733711511916154,0
37,271,False,0.1814974593978298,0
37,272,False,0.4688203508208859,0
37,273,False,0.4418376196321603,0
37,274,False,0.2731195652421582,0
37,275,False,0.4417392325829916,0
37,276,False,0.4514994659346463,0
37,277,False,0.5143025110676812,0
37,278,False,0.1984804228376855,0
37,279,False,0.0562449592429087,0
37,280,False,0.0130969161112021,0
37,281,False,0.4422153449338335,0
37,282,False,0.2563288233480382,0
37,283,False,0.1200803715075963,0
37,284,False,0.2906548683413762,0
37,285,False,0.248426499061781,0
37,286,False,0.273114962563885,0
37,287,False,0.2310327453733966,0
37,288,False,0.3977583849607771,0
37,289,False,0.1228099507461072,0
37,290,False,0.2443124657062036,0
37,291,False,0.1690550311731764,0
37,292,False,0.3630143517577401,0
37,293,False,0.1593915793032425,0
37,294,False,0.0980124610961424,0
37,295,False,0.325874443929199,0
37,296,False,0.3065108052415546,0
37,297,False,0.0767121836501658,0
37,298,False,0.4728620841435421,0
37,299,False,0.3157011011273116,0
37,300,False,0.2063096419420389,0
37,301,False,0.0386729386542437,0
37,302,False,0.4168670056078366,0
37,303,False,0.3052640817200645,0
37,304,False,0.360409463644948,0
37,305,False,0.3196523721264053,0
37,306,False,0.0603920315480385,0
37,307,False,0.2176756192715158,0
37,308,False,0.4233910425225104,0
37,309,False,0.0857535961606485,0
37,310,False,0.241142100263168,0
37,311,False,0.1068213695009309,0
37,312,False,0.3939974320667165,0
37,313,False,0.2557226333708657,0
37,314,False,0.3840811292272226,0
37,315,False,0.3661458059524538,0
37,316,False,0.5816434885743039,0
37,317,False,0.5621775612709531,0
37,318,False,0.0884444403006964,0
37,319,False,0.3446235300029249,0
37,320,False,0.6095654722173228,0
37,321,False,0.3141309765261968,0
37,322,False,0.6479463612947148,0
37,323,False,0.2265019195492524,0
37,324,False,0.4532267059451018,0
37,325,False,0.5996218506997747,0
37,326,False,0.1362318623539835,0
37,327,False,0.2361379497655822,0
37,328,False,0.6046614565204121,0
37,329,False,0.2920487185984639,0
37,330,False,0.4004222737895427,0
37,331,False,0.4507710944195557,0
37,332,False,0.1848018664101324,0
37,333,False,0.4101929338053977,0
37,334,False,0.34973434990572,0
37,335,False,0.1756191969893639,0
37,336,False,0.2052622268743936,0
37,337,False,0.6085560017364287,0
37,338,False,0.141658770535373,0
37,339,False,0.43593946275941,0
37,340,False,0.3082365330185971,0
37,341,False,0.4550063988010734,0
37,342,False,0.4275490847618506,0
37,343,False,0.2781861683282088,0
37,344,False,0.1852405523576611,0
37,345,False,0.5553171992560851,0
37,346,False,0.5031820579410835,0
37,347,False,0.3218467203585847,0
37,348,False,0.2940375021670958,0
37,349,False,0.1254493851034331,0
37,350,False,0.4444012505601111,0
37,351,False,0.5757688148776429,0
37,352,False,0.1238108655661201,0
37,353,False,0.1417424749206275,0
37,354,False,0.1872751990226918,0
37,355,False,0.1912672864319361,0
37,356,False,0.2750086185191396,0
37,357,False,0.2594732652222252,0
37,358,False,0.1160173375309619,0
37,359,False,0.5878548997680135,0
37,360,False,0.141844276079871,0
37,361,False,0.2670940915387836,0
37,362,False,0.1693494018369503,0
37,363,False,0.5051295998717548,0
37,364,False,0.2152263011559128,0
37,365,False,0.3026792843884116,0
37,366,False,0.6043368946581595,0
37,367,False,0.2264428247113664,0
37,368,False,0.3300102349170474,0
37,369,False,0.1552676357183774,0
37,370,False,0.2640383541633144,0
37,371,False,0.3870555710169233,0
37,372,False,0.1219581579427709,0
37,373,False,0.2307343681279402,0
37,374,False,0.3374328449762505,0
37,375,False,0.0724104629791323,0
37,376,False,0.3782207354851397,0
37,377,False,0.3194343997975769,0
37,378,False,0.1972597201780969,0
37,379,False,0.287172100514021,0
37,380,False,0.6008221918617068,0
37,381,False,0.0971226057228562,0
37,382,False,0.2750073539162113,0
37,383,False,0.5045933992123101,0
37,384,False,0.1595183596132539,0
37,385,False,0.2144434659745125,0
37,386,False,0.4631573276497399,0
37,387,False,0.278102406698222,0
37,388,False,0.185040538482732,0
37,389,False,0.1145555589074245,0
37,390,False,0.4228950555098883,0
37,391,False,0.6440679634524121,0
37,392,False,0.3083255266751108,0
37,393,False,0.4105774245043222,0
37,394,False,0.1960542058844075,0
37,395,False,0.1388747735087824,0
37,396,False,0.0985267612391955,0
37,397,False,0.3672611312390035,0
37,398,False,0.5073793345737749,0
37,399,False,0.2364619685412546,0
37,400,False,0.4056361401586,0
37,401,False,0.2649097709889378,0
37,402,False,0.3808117943964557,0
37,403,False,0.2253317470448952,0
37,404,False,0.0451536951706062,0
37,405,False,0.1643660328395617,0
37,406,False,0.1914306997277393,0
37,407,False,0.2616461141449531,0
37,408,False,0.3563937219389386,0
37,409,False,0.0807393667249193,0
37,410,False,0.1084574754788678,0
37,411,False,0.2455266465423252,0
37,412,False,0.5453972463065507,0
37,413,False,0.3355411391283527,0
37,414,False,0.1119325748862738,0
37,415,False,0.0786186195421999,0
37,416,False,0.2232495599779229,0
37,417,False,0.2393448930531098,0
37,418,False,0.4691650839986767,0
37,419,False,0.1093010128782776,0
37,420,False,0.350841738423868,0
37,421,False,0.1147332768168895,0
37,422,False,0.5209560844968074,0
37,423,False,0.4629191165410449,0
37,424,False,0.4458084306295856,0
37,425,False,0.4507456473585096,0
37,426,False,0.207768701685737,0
37,427,False,0.5530846398930729,0
37,428,False,0.2414057853315312,0
37,429,False,0.3521991446239845,0
37,430,False,0.5623335554103934,0
37,431,False,0.066028107172517,0
37,432,False,0.4780103627939779,0
37,433,False,0.3619557421910525,0
37,434,False,0.4016190764260652,0
37,435,False,0.1447690887902211,0
37,436,False,0.1485361833971406,0
37,437,False,0.2673122822770018,0
37,438,False,0.2665058948831771,0
37,439,False,0.2016844401116823,0
37,440,False,0.5191348577625704,0
37,441,False,0.0125769688314679,0
37,442,False,0.230059532111924,0
37,443,False,0.0891624767452996,0
37,444,False,0.5437183231209585,0
37,445,False,0.3380641675028336,0
37,446,False,0.2209937767876525,0
37,447,False,0.1223216696690601,0
37,448,False,0.327157746156919,0
37,449,False,0.0999748268202887,0
37,450,False,0.3375920398739411,0
37,451,False,0.5828544730774738,0
37,452,False,0.5490326088038333,0
37,453,False,0.1444002153105774,0
37,454,False,0.5397886850088234,0
37,455,False,0.0491039142380159,0
37,456,False,0.2269298672078842,0
37,457,False,0.1507116244682386,0
37,458,False,0.0397742668078514,0
37,459,False,0.4199586775519187,0
37,460,False,0.4703209324057288,0
37,461,False,0.4593225624256609,0
37,462,False,0.2928697416440324,0
37,463,False,0.3253208111970423,0
37,464,False,0.608299740483025,0
37,465,False,0.227995917813659,0
37,466,False,0.3285833899501695,0
37,467,False,0.188908839828141,0
37,468,False,0.4759491652842039,0
37,469,False,0.4619524675485082,0
37,470,False,0.3355219672420451,0
37,471,False,0.2913305263540643,0
37,472,False,0.3010360813901332,0
37,473,False,0.3271906689077269,0
37,474,False,0.0676409928670715,0
37,475,False,0.3328039645201829,0
37,476,False,0.5689403837780267,0
37,477,False,0.1687368232740908,0
37,478,False,0.3234785077429782,0
37,479,False,0.2595142364225923,0
37,480,False,0.2107341076181594,0
37,481,False,0.4454389315848823,0
37,482,False,0.1925251778170265,0
37,483,False,0.4215730229751968,0
37,484,False,0.3147556062634345,0
37,485,False,0.089175148068904,0
37,486,False,0.1813974974553684,0
37,487,False,0.2888520759798477,0
37,488,False,0.1912204640490106,0
37,489,False,0.254632025981011,0
37,490,False,0.2626091579593145,0
37,491,False,0.1868577020761625,0
37,492,False,0.1235656832485277,0
37,493,False,0.3590902667010948,0
37,494,False,0.0072479127321231,0
37,495,False,0.2254122917396397,0
37,496,False,0.3682584032090778,0
37,497,False,0.4700537573475749,0
37,498,False,0.2334079593854568,0
37,499,False,0.604550623924786,0
37,500,False,0.1116182558215075,0
37,501,False,0.2918006363881575,0
37,502,False,0.2436788503320043,0
37,503,False,0.0911729007382388,0
37,504,False,0.3423826121689441,0
37,505,False,0.2613583638874165,0
37,506,False,0.1054542174997974,0
37,507,False,0.3394195895177768,0
37,508,False,0.0667440465050857,0
37,509,False,0.3948447858495602,0
37,510,False,0.1701597344690188,0
37,511,True,0.6912093386389426,0
37,512,False,0.1701650430716366,0
37,513,False,0.259658072094199,0
37,514,False,0.3408592494335257,0
37,515,False,0.1936145912070428,0
37,516,False,0.4421189571746821,0
37,517,False,0.2918146343826823,0
37,518,False,0.0431616328618451,0
37,519,False,0.0852628517039114,0
37,520,False,0.4737658354893495,0
37,521,False,0.2739533039710695,0
37,522,False,0.2373952074488494,0
37,523,False,0.2670788820929144,0
37,524,False,0.1034879707346583,0
37,525,False,0.2279511321623418,0
37,526,False,0.2627333305254055,0
37,527,False,0.6891140409001313,0
37,528,False,0.2505649400674639,0
37,529,False,0.2446496929766223,0
37,530,False,0.2767384149382149,0
37,531,False,0.2722051205048573,0
37,532,False,0.2299484569093162,0
37,533,False,0.4257053209843408,0
37,534,False,0.2227111874163941,0
37,535,False,0.4773689304451496,0
37,536,False,0.2310129865169898,0
37,537,False,0.4314435361946498,0
37,538,False,0.3868797602101907,0
37,539,False,0.208678135078325,0
37,540,False,0.0900249981999672,0
37,541,False,0.6038569167009646,0
37,542,False,0.2265233252301209,0
37,543,False,0.3042970610133372,0
37,544,False,0.1646258613749868,0
37,545,False,0.1823972362349482,0
37,546,False,0.4766491048877699,0
37,547,False,0.5264086385938195,0
37,548,False,0.3609203123415569,0
37,549,False,0.2509553296201303,0
37,550,False,0.3835316726535463,0
37,551,False,0.1959117186620537,0
37,552,False,0.2976150813463317,0
37,553,False,0.1323735027451481,0
37,554,False,0.126311680440905,0
37,555,False,0.3547665226580853,0
37,556,False,0.3219807096428471,0
37,557,False,0.310809260614259,0
37,558,False,0.2266135263526242,0
37,559,False,0.3116613226660596,0
37,560,False,0.1721735905143979,0
37,561,False,0.0414669752128248,0
37,562,False,0.2761974130074415,0
37,563,False,0.094253560316938,0
37,564,False,0.4118445340829866,0
37,565,False,0.5157009792685964,0
37,566,False,0.6342283268293691,0
37,567,False,0.2717021731900056,0
37,568,False,0.1611555559536509,0
37,569,False,0.3019616530585536,0
37,570,False,0.2474761658633007,0
37,571,False,0.2773672197869529,0
37,572,False,0.4722249959604593,0
37,573,False,0.2190395136759253,0
37,574,False,0.2513040412624526,0
37,575,False,0.1344989142255937,0
37,576,False,0.2575375190463321,0
37,577,False,0.5758311543371692,0
37,578,False,0.1747889880746776,0
37,579,False,0.4404393990716352,0
37,580,False,0.239968723155057,0
37,581,False,0.4457504855829945,0
37,582,False,0.4181457323941839,0
37,583,False,0.1247787246488094,0
37,584,False,0.4135696874278296,0
37,585,False,0.0855221607194543,0
37,586,False,0.102384952851844,0
37,587,False,0.2285050887405005,0
37,588,False,0.5466614162505907,0
37,589,False,0.3510850322437097,0
37,590,False,0.1394105760462668,0
37,591,False,0.0536995154899485,0
37,592,False,0.3806987361056626,0
37,593,False,0.2794224044294483,0
37,594,False,0.3066911814390244,0
37,595,False,0.3430330836467324,0
37,596,False,0.476114544370721,0
37,597,False,0.2554704259647891,0
37,598,False,0.5012006017832084,0
37,599,False,0.154006662960799,0
37,600,False,0.0632323404051646,0
37,601,False,0.4483454588827538,0
37,602,False,0.1099758633977806,0
37,603,False,0.2998031027074426,0
37,604,False,0.5363077304756033,0
37,605,False,0.0670542699936395,0
37,606,False,0.3373425781481131,0
37,607,False,0.0616375155621336,0
37,608,False,0.2669105924136806,0
37,609,False,0.0146819331277921,0
37,610,False,0.0929129012701737,0
37,611,False,0.1620845901138898,0
37,612,False,0.0555877186492738,0
37,613,False,0.3628731421368042,0
37,614,False,0.326185553069642,0
37,615,False,0.5516768599767246,0
37,616,False,0.1099186560623747,0
37,617,False,0.2171848103951794,0
37,618,False,0.0782209788311515,0
37,619,False,0.1767688055025618,0
37,620,True,0.5954379734962468,0
37,621,False,0.3971726866093809,0
37,622,False,0.1055672064555032,0
37,623,False,0.0311859105555057,0
37,624,False,0.0279579619790819,0
37,625,False,0.3679765943353593,0
37,626,False,0.159129571300425,0
37,627,True,0.7380869638355531,0
37,628,False,0.2436991769678001,0
37,629,False,0.170977740591307,0
37,630,False,0.0807239819987891,0
37,631,False,0.4477791997522805,0
37,632,False,0.197351654715525,0
37,633,False,0.2614729695537015,0
37,634,False,0.2791904822094437,0
37,635,False,0.2492464228769708,0
37,636,False,0.3888004532026781,0
37,637,False,0.0898309777348184,0
37,638,False,0.2393537041475697,0
37,639,False,0.2004520499405746,0
37,640,False,0.4009969437535314,0
37,641,False,0.4674355152035755,0
37,642,False,0.1279157924541819,0
37,643,False,0.403734941984525,0
37,644,False,0.0894865576156005,0
37,645,False,0.2478156639906327,0
37,646,False,0.26449203451846,0
37,647,False,0.4549932251283338,0
37,648,False,0.3895079338725103,0
37,649,False,0.0971817728565808,0
37,650,False,0.3828986050331805,0
37,651,False,0.297838427885603,0
37,652,False,0.5903979088514874,0
37,653,False,0.1760983318750708,0
37,654,False,0.2144134952920709,0
37,655,False,0.6204682337798468,0
37,656,False,0.4872331449600042,0
37,657,False,0.0962069245149607,0
37,658,False,0.2496558034719668,0
37,659,False,0.341237799092246,0
37,660,False,0.4009150563139554,0
37,661,False,0.1179359076194324,0
37,662,True,0.5572754113921149,0
37,663,False,0.0629427880187678,0
37,664,False,0.1229522065476816,0
37,665,False,0.5302969759506505,0
37,666,False,0.2709993961105075,0
37,667,False,0.2770890275188418,0
37,668,False,0.301184192228817,0
37,669,False,0.1401494015576146,0
37,670,False,0.0737337849011167,0
37,671,False,0.3291565105170932,0
37,672,False,0.359768584824016,0
37,673,False,0.3097774732702404,0
37,674,False,0.180350414287884,0
37,675,False,0.1104932580161498,0
37,676,False,0.2268526189451653,0
37,677,True,0.6389059701703222,0
37,678,False,0.2431391535156832,0
37,679,False,0.2159680460480785,0
37,680,False,0.2485571743584797,0
37,681,False,0.2374704597128737,0
37,682,False,0.5319284493276698,0
37,683,False,0.3904389243462244,0
37,684,False,0.1697375890428857,0
37,685,False,0.204026175015018,0
37,686,False,0.2549263267105989,0
37,687,False,0.2890608269629373,0
37,688,False,0.1407896901376907,0
37,689,False,0.1884686348827569,0
37,690,False,0.5651992012277928,0
37,691,False,0.5441384134079766,0
37,692,False,0.2074958132489381,0
37,693,False,0.1937947313120766,0
37,694,False,0.3917365978571069,0
37,695,False,0.0549042835324885,0
37,696,False,0.513200034727355,0
37,697,False,0.1680138488305095,0
37,698,False,0.3498451382963249,0
37,699,False,0.0647089915680699,0
37,700,False,0.3992098512519557,0
37,701,False,0.3602074853627584,0
37,702,False,0.3368158164406375,0
37,703,False,0.1256675155755714,0
37,704,False,0.186745643052941,0
37,705,False,0.3090542956810058,0
37,706,False,0.1611047165510067,0
37,707,False,0.156019393834899,0
37,708,False,0.4891720840330514,0
37,709,False,0.0405952160464261,0
37,710,False,0.5013100171730703,0
37,711,False,0.125480123667906,0
37,712,False,0.3783262469877855,0
37,713,False,0.3222129037148611,0
37,714,False,0.1213622535720952,0
37,715,False,0.164766719941082,0
37,716,False,0.4210690230658028,0
37,717,False,0.2230656431040991,0
37,718,True,0.7475416808203147,0
37,719,False,0.1765326311521286,0
37,720,False,0.1693998756977423,0
37,721,False,0.1012367631091599,0
37,722,False,0.1552197678852778,0
37,723,False,0.2516719879928031,0
37,724,False,0.6988438963940432,0
37,725,False,0.1628761947287865,0
37,726,False,0.035861074519571,0
37,727,False,0.1868926162656133,0
37,728,False,0.2802197590789023,0
37,729,False,0.5039853388745347,0
37,730,False,0.2905356993774629,0
37,731,False,0.2137032540043945,0
37,732,False,0.1742040407701023,0
37,733,False,0.3991960073625363,0
37,734,False,0.2659319496638474,0
37,735,False,0.4020401338219225,0
37,736,False,0.1054043592980552,0
37,737,False,0.1896220786800948,0
37,738,False,0.3548328182831716,0
37,739,False,0.0785174307392475,0
37,740,False,0.123504889954708,0
37,741,False,0.2413778454503063,0
37,742,False,0.4688543103047804,0
37,743,False,0.5491671814360513,0
37,744,False,0.1320866566288173,0
37,745,False,0.2989363140201345,0
37,746,False,0.5146805029932751,0
37,747,False,0.4008971368260078,0
37,748,False,0.2842255949831302,0
37,749,False,0.317544110113382,0
37,750,False,0.1384834698703489,0
37,751,False,0.2009712364540103,0
37,752,False,0.2418896431622072,0
37,753,False,0.2295611941890383,0
37,754,False,0.2156860757163646,0
37,755,False,0.1231095801822028,0
37,756,False,0.5160624858560737,0
37,757,False,0.2623139249573352,0
37,758,False,0.2309942687514944,0
37,759,False,0.0959512859344814,0
37,760,False,0.340353357371217,0
37,761,False,0.1569467002743433,0
37,762,False,0.1620025771710848,0
37,763,False,0.1945993531314553,0
37,764,False,0.3889033363849212,0
37,765,False,0.3240072686151163,0
37,766,False,0.0569606868617727,0
37,767,False,0.5068443274386882,0
37,768,False,0.3043925052678168,0
37,769,False,0.2972452247392276,0
37,770,False,0.1367056096153261,0
37,771,False,0.4491401171221709,0
37,772,False,0.2518147960573942,0
37,773,False,0.1695139260731264,0
37,774,False,0.0801464927057364,0
37,775,False,0.2325370523553835,0
37,776,False,0.4841625365767797,0
37,777,False,0.1693257626556566,0
37,778,False,0.0747789270014016,0
37,779,False,0.1852423234921943,0
37,780,False,0.1679635137045052,0
37,781,False,0.2763354949660545,0
37,782,False,0.1309785515470798,0
37,783,False,0.1542500262093677,0
37,784,False,0.0899353835301188,0
37,785,False,0.3465590425511273,0
37,786,False,0.1649902537464189,0
37,787,False,0.1454381844637113,0
37,788,False,0.451163889216197,0
37,789,False,0.5292063498589319,0
37,790,False,0.3771771971387949,0
37,791,False,0.4977153092263308,0
37,792,False,0.4231845666292447,0
37,793,False,0.2173364748969555,0
37,794,False,0.1054974346874186,0
37,795,False,0.177115816076833,0
37,796,False,0.1560104234247701,0
37,797,False,0.3583027272484148,0
37,798,False,0.2382117203777517,0
37,799,False,0.0444376371349206,0
37,800,False,0.1774341564063493,0
37,801,False,0.0810503458688375,0
37,802,False,0.2332597297899884,0
37,803,False,0.4563029734443914,0
37,804,False,0.1109951227085874,0
37,805,False,0.524107383079782,0
37,806,False,0.2494485341513156,0
37,807,False,0.3576596696917246,0
37,808,False,0.1411241998676989,0
37,809,False,0.2562193556155805,0
37,810,False,0.5239791499617252,0
37,811,False,0.4819498063691885,0
37,812,False,0.2639644320402215,0
37,813,False,0.223514158884564,0
37,814,False,0.2764270470816738,0
37,815,False,0.321129255341407,0
37,816,False,0.557406885681536,0
37,817,False,0.1621890861748199,0
37,818,False,0.154807479392052,0
37,819,False,0.2096039228273493,0
37,820,False,0.1068665371877108,0
37,821,False,0.36441921405229,0
37,822,False,0.069854215232803,0
37,823,False,0.5752524381494896,0
37,824,False,0.2816515588456469,0
37,825,False,0.3794411536939451,0
37,826,False,0.0456596310029253,0
37,827,False,0.3907392159198113,0
37,828,False,0.3259029406210039,0
37,829,False,0.3450841502829877,0
37,830,False,0.2370136739010705,0
37,831,False,0.4243518655493258,0
37,832,False,0.1288120009908881,0
37,833,False,0.3299114686361586,0
37,834,False,0.0667555305661823,0
37,835,False,0.1057107830323264,0
37,836,False,0.5357995621053333,0
37,837,False,0.1595713437757506,0
37,838,False,0.1228798987176632,0
37,839,False,0.3099564477393267,0
37,840,False,0.5006741240171694,0
37,841,False,0.1925333812435086,0
37,842,False,0.6798139772747849,0
37,843,False,0.1658069239561412,0
37,844,False,0.445325731706341,0
37,845,False,0.2871034665903474,0
37,846,False,0.2051521024846308,0
37,847,False,0.3569482999794101,0
37,848,False,0.0872053159749631,0
37,849,False,0.23791157291652,0
37,850,False,0.2125906368597829,0
37,851,False,0.3380474712276761,0
37,852,False,0.2905275608427198,0
37,853,False,0.3479181328972756,0
37,854,False,0.4221996077051169,0
37,855,False,0.2424964231836355,0
37,856,False,0.3024763373927353,0
37,857,False,0.5685546252018754,0
37,858,False,0.2939324011203272,0
37,859,False,0.2371806947234474,0
37,860,False,0.4348483136027772,0
37,861,False,0.2476647534198212,0
37,862,False,0.5915252921662858,0
37,863,False,0.4941427378687356,0
37,864,False,0.1927509224419929,0
37,865,False,0.215708580571228,0
37,866,False,0.4548274324248505,0
37,867,False,0.432033472949111,0
37,868,False,0.4727380263938699,0
37,869,False,0.2538973946761992,0
37,870,False,0.2857213617632627,0
37,871,False,0.2317922806044498,0
37,872,False,0.2332041462800099,0
37,873,False,0.1697303259220881,0
37,874,False,0.4915121741124872,0
37,875,False,0.3319587751508012,0
37,876,False,0.3427031340245881,0
37,877,False,0.4732074603715058,0
37,878,False,0.057826174727944,0
37,879,False,0.3342823374545915,0
37,880,False,0.5055663733930453,0
37,881,False,0.1092677169367234,0
37,882,False,0.476371862104171,0
37,883,False,0.3351520189164386,0
37,884,False,0.3113112656037834,0
37,885,False,0.3156514521042243,0
37,886,False,0.1342593059642669,0
37,887,False,0.0426125165402731,0
37,888,False,0.4402492515093427,0
37,889,False,0.1195934956640864,0
37,890,False,0.2000779313230957,0
37,891,True,0.7007817975708072,0
37,892,False,0.2817555447671213,0
37,893,False,0.3492651154755515,0
37,894,False,0.183486628129589,0
37,895,False,0.5023166737897836,0
37,896,False,0.0624500784100217,0
37,897,False,0.4354437700393007,0
37,898,False,0.0920630148030118,0
37,899,False,0.6257518883853295,0
37,900,False,0.3770081169472025,0
37,901,False,0.1271719790497805,0
37,902,False,0.2743528735631583,0
37,903,False,0.3825666156869312,0
37,904,False,0.1784396198271592,0
37,905,False,0.2162905367743838,0
37,906,False,0.5209740341645329,0
37,907,False,0.279074004926693,0
37,908,False,0.4849887995749727,0
37,909,False,0.3481128642195799,0
37,910,False,0.3776973082787966,0
37,911,False,0.4552676384890686,0
37,912,False,0.564636774420852,0
37,913,False,0.1352549552408208,0
37,914,False,0.4189062970344011,0
37,915,True,0.6277239733678208,0
37,916,False,0.4233062618932802,0
37,917,False,0.3242865327317485,0
37,918,False,0.5237323534287259,0
37,919,False,0.6843643932117193,0
37,920,False,0.3592652758898438,0
37,921,False,0.3939614324212918,0
37,922,False,0.3799956547644613,0
37,923,False,0.0841743365393104,0
37,924,False,0.4372271147397712,0
37,925,False,0.0941077935758852,0
37,926,False,0.3982612864989766,0
37,927,False,0.0776550664575109,0
37,928,False,0.1282124549316295,0
37,929,False,0.2142506430565661,0
37,930,False,0.1898088523955465,0
37,931,False,0.449549690409468,0
37,932,False,0.2340831361350911,0
37,933,False,0.1004746869111375,0
37,934,False,0.1752910699720822,0
37,935,False,0.3112062459089998,0
37,936,False,0.3072581434169985,0
37,937,False,0.3162298390616307,0
37,938,False,0.4493230296578294,0
37,939,False,0.4992607592612914,0
37,940,False,0.3797328747609579,0
37,941,False,0.2587951204847887,0
37,942,False,0.217206502029108,0
37,943,False,0.6337271424536701,0
37,944,False,0.3024225452045582,0
37,945,False,0.353243831536729,0
37,946,False,0.1960088011812329,0
37,947,False,0.194604146338236,0
37,948,False,0.1201659626916901,0
37,949,False,0.2881738348704263,0
37,950,False,0.1945107684338112,0
37,951,False,0.2219017467003496,0
37,952,False,0.4924424140581507,0
37,953,False,0.0850659978225831,0
37,954,False,0.1707846803550596,0
37,955,False,0.3275299415979275,0
37,956,False,0.3146017534698956,0
37,957,False,0.5591300431761457,0
37,958,False,0.0569074657411333,0
37,959,False,0.5215862971395819,0
37,960,False,0.1109111744624726,0
37,961,False,0.2265228453079547,0
37,962,False,0.0823237952883983,0
37,963,False,0.0203376211117979,0
37,964,False,0.515099224706211,0
37,965,False,0.1524295832997067,0
37,966,False,0.401561690342304,0
37,967,False,0.1934741652155991,0
37,968,True,0.5676055160091945,0
37,969,False,0.207457529958512,0
37,970,False,0.2430327927543291,0
37,971,False,0.1686796225990403,0
37,972,False,0.1197872134843499,0
37,973,False,0.4281637369757693,0
37,974,False,0.2805328520070296,0
37,975,False,0.0255304591814648,0
37,976,False,0.5758838933798938,0
37,977,False,0.2466749134265328,0
37,978,False,0.1265914119379539,0
37,979,False,0.076905262823075,0
37,980,False,0.1317865994756037,0
37,981,False,0.3423522504030944,0
37,982,False,0.4422870444385288,0
37,983,False,0.2290208014335576,0
37,984,True,0.8133424050014515,0
37,985,False,0.2079234242657764,0
37,986,False,0.2608344425937606,0
37,987,False,0.1095262841662347,0
37,988,False,0.2508512520003949,0
37,989,False,0.4615262690501316,0
37,990,False,0.6224521206393593,0
37,991,False,0.3984798933684013,0
37,992,False,0.0587343222846886,0
37,993,False,0.0996858624336007,0
37,994,False,0.0587453867701584,0
37,995,False,0.1404948127964428,0
37,996,False,0.1813561796987826,0
37,997,False,0.1207732276954052,0
37,998,False,0.3803905055871858,0
37,999,False,0.115508747068787,0
38,0,False,0.3536766572335658,0
38,1,False,0.2485580660782393,0
38,2,False,0.4159590873381714,0
38,3,False,0.1599675758099919,0
38,4,False,0.5502830780616322,0
38,5,False,0.110945287593398,0
38,6,False,0.5098966417920571,0
38,7,False,0.1772703794727445,0
38,8,False,0.1982904719133444,0
38,9,False,0.3762367882135499,0
38,10,False,0.5434668040445325,0
38,11,False,0.0847637629426502,0
38,12,False,0.3579287927839609,0
38,13,False,0.2733207739503824,0
38,14,False,0.1343761410948502,0
38,15,False,0.3532548500048075,0
38,16,False,0.1327901214327579,0
38,17,False,0.326434368425168,0
38,18,False,0.1658104012585459,0
38,19,False,0.207734214505591,0
38,20,False,0.2634084880828478,0
38,21,False,0.3900143303664891,0
38,22,False,0.1536454700072753,0
38,23,False,0.3055023511983206,0
38,24,False,0.203313881265596,0
38,25,False,0.1838768760882306,0
38,26,False,0.3678240872354807,0
38,27,False,0.2020967664638769,0
38,28,False,0.1863395045288194,0
38,29,False,0.2835202997539891,0
38,30,False,0.1003993030662121,0
38,31,False,0.207729389165234,0
38,32,False,0.3096377073595142,0
38,33,False,0.0443858001226034,0
38,34,False,0.1245792134455452,0
38,35,False,0.2110033201581862,0
38,36,False,0.3581887554246956,0
38,37,False,0.6522422663601021,0
38,38,False,0.1622660260567806,0
38,39,False,0.0694242954698856,0
38,40,False,0.076848080809821,0
38,41,False,0.1744335165862888,0
38,42,False,0.5434537469656785,0
38,43,False,0.0616539134466732,0
38,44,False,0.2356865066312641,0
38,45,False,0.3132941266752032,0
38,46,False,0.1525833147039861,0
38,47,False,0.3868863360183782,0
38,48,False,0.4845897602554896,0
38,49,False,0.0959387779732849,0
38,50,False,0.3662241584833629,0
38,51,False,0.2983728426907024,0
38,52,False,0.2237663665214278,0
38,53,False,0.1642916485213648,0
38,54,False,0.4613858274628866,0
38,55,False,0.0983214607503696,0
38,56,False,0.179247512983417,0
38,57,False,0.3430187325979972,0
38,58,False,0.2746698380360602,0
38,59,False,0.4432945779277498,0
38,60,False,0.1327244318952246,0
38,61,False,0.4006430877209991,0
38,62,False,0.3225960385009868,0
38,63,False,0.2923618255131976,0
38,64,False,0.1135769732526367,0
38,65,False,0.3415589572254627,0
38,66,False,0.1699958739594175,0
38,67,True,0.8014732049023443,0
38,68,False,0.1317706240875745,0
38,69,False,0.125499659191502,0
38,70,False,0.3370138954716539,0
38,71,False,0.0343986220052017,0
38,72,False,0.159377520333094,0
38,73,False,0.2615158445906097,0
38,74,False,0.2491194021961276,0
38,75,False,0.0685869246308145,0
38,76,False,0.4595064072499054,0
38,77,False,0.5414781386117564,0
38,78,False,0.2605960618109315,0
38,79,False,0.067535907483785,0
38,80,False,0.0467688349727268,0
38,81,False,0.127131476580951,0
38,82,False,0.3265987258278122,0
38,83,False,0.1191248654111389,0
38,84,False,0.1077670455014623,0
38,85,False,0.3246010263074086,0
38,86,False,0.2193544911847561,0
38,87,False,0.3047922320216946,0
38,88,False,0.403730071467841,0
38,89,False,0.1841289216978105,0
38,90,False,0.2344736594858819,0
38,91,False,0.175068748991844,0
38,92,False,0.2673316734797696,0
38,93,False,0.238699744225137,0
38,94,False,0.3257956107307604,0
38,95,False,0.4434878606676832,0
38,96,False,0.3855671372233749,0
38,97,False,0.0961525816865667,0
38,98,False,0.2089847738799713,0
38,99,False,0.1661962342804483,0
38,100,False,0.2272148735050511,0
38,101,False,0.4759204964642726,0
38,102,False,0.1158847910316493,0
38,103,False,0.1718540724955221,0
38,104,False,0.2409358088306848,0
38,105,False,0.1965854535395116,0
38,106,False,0.1545074012420307,0
38,107,False,0.3024753876496196,0
38,108,False,0.2628503990216566,0
38,109,False,0.1783854898271363,0
38,110,False,0.0714033686941217,0
38,111,False,0.3680479351839821,0
38,112,False,0.1650023992108502,0
38,113,True,0.6463769483914986,0
38,114,False,0.5031230845032987,0
38,115,False,0.4086469850455971,0
38,116,False,0.3784719386186747,0
38,117,False,0.4808171104256128,0
38,118,False,0.4501527714550122,0
38,119,False,0.3148546559271867,0
38,120,False,0.3458306244455384,0
38,121,False,0.5386521682270735,0
38,122,False,0.3061721796943814,0
38,123,False,0.145588134244425,0
38,124,False,0.4518857472364912,0
38,125,False,0.3599374248179245,0
38,126,False,0.061906433771692,0
38,127,False,0.2328545928203029,0
38,128,False,0.1920824664494293,0
38,129,False,0.5199092769591175,0
38,130,False,0.2201943740399156,0
38,131,False,0.1377202357514125,0
38,132,False,0.471971286182723,0
38,133,False,0.1588460545173127,0
38,134,False,0.0596894752708395,0
38,135,False,0.3408156596522683,0
38,136,False,0.3066486182634088,0
38,137,False,0.2789555071166884,0
38,138,False,0.3288097857207583,0
38,139,False,0.4064901896391388,0
38,140,False,0.3234596782435212,0
38,141,False,0.1813428850517404,0
38,142,False,0.110344420804029,0
38,143,False,0.0626113417445731,0
38,144,False,0.3893738659278771,0
38,145,False,0.2208119923981546,0
38,146,False,0.1705774606874289,0
38,147,False,0.0676360338470681,0
38,148,False,0.2063693713019656,0
38,149,False,0.3587901228827754,0
38,150,False,0.316899984774653,0
38,151,False,0.1365637082251592,0
38,152,False,0.2170837430502517,0
38,153,False,0.1363792431986001,0
38,154,False,0.0637349304068678,0
38,155,False,0.5785716282335199,0
38,156,False,0.1673754331871321,0
38,157,False,0.485750585203021,0
38,158,False,0.2231288814404552,0
38,159,False,0.3734488472849538,0
38,160,False,0.3866075694193058,0
38,161,False,0.2910392925454743,0
38,162,False,0.3584957567261279,0
38,163,False,0.3688485254461,0
38,164,False,0.4338558481917234,0
38,165,False,0.0593243266171532,0
38,166,False,0.1537383027458395,0
38,167,True,0.690927168796683,0
38,168,False,0.0492709683183529,0
38,169,False,0.1859158401713941,0
38,170,False,0.2715695031402613,0
38,171,False,0.3219105263709601,0
38,172,False,0.4820942894903152,0
38,173,False,0.319706275524256,0
38,174,False,0.4916099383257625,0
38,175,False,0.1841729708671041,0
38,176,False,0.0293922497739453,0
38,177,False,0.4383244007111607,0
38,178,False,0.2201991781916555,0
38,179,False,0.1272898020531447,0
38,180,False,0.5623099425360222,0
38,181,False,0.1351692568264888,0
38,182,False,0.1892652527031718,0
38,183,False,0.2788522124309327,0
38,184,False,0.2584988688589334,0
38,185,False,0.1713624183536284,0
38,186,False,0.3902904125361203,0
38,187,False,0.1388409287646581,0
38,188,False,0.4659217194194351,0
38,189,False,0.6157519764816631,0
38,190,False,0.3073799210471541,0
38,191,False,0.3116610941567272,0
38,192,False,0.1347012643177103,0
38,193,True,0.7239031844967967,0
38,194,False,0.1191002777077864,0
38,195,False,0.2853857889201115,0
38,196,False,0.514309690041867,0
38,197,False,0.15648979507517,0
38,198,False,0.2605575260313472,0
38,199,False,0.1398135905354235,0
38,200,False,0.388093991336372,0
38,201,False,0.4641645770320866,0
38,202,False,0.1284580477416679,0
38,203,False,0.0552063959733059,0
38,204,False,0.0172791270801268,0
38,205,False,0.1592498686850636,0
38,206,False,0.2667449952728772,0
38,207,False,0.529692033598347,0
38,208,False,0.3071017670062408,0
38,209,False,0.2504805636294226,0
38,210,False,0.4035583213875158,0
38,211,False,0.3696214928596068,0
38,212,False,0.2207809777676418,0
38,213,False,0.0907414859941739,0
38,214,False,0.4262985613707276,0
38,215,False,0.3076570372812911,0
38,216,False,0.0868688695425104,0
38,217,False,0.3198826790647721,0
38,218,False,0.1724594545811701,0
38,219,False,0.5236077465948994,0
38,220,False,0.144113060499894,0
38,221,False,0.4369016405600799,0
38,222,False,0.5620366156958401,0
38,223,False,0.2038808086447868,0
38,224,False,0.2652600697023149,0
38,225,False,0.342996453032718,0
38,226,False,0.3081745146780117,0
38,227,False,0.0784764086339576,0
38,228,False,0.2041784285394985,0
38,229,False,0.4675748017124985,0
38,230,False,0.2244438821429141,0
38,231,False,0.5642742600782021,0
38,232,False,0.4583638031993273,0
38,233,False,0.2287323521569573,0
38,234,False,0.1941625323271394,0
38,235,False,0.1140487847503583,0
38,236,False,0.1188638980722389,0
38,237,False,0.224300325608497,0
38,238,False,0.1748455929095408,0
38,239,False,0.2381018443075495,0
38,240,False,0.4379433493911621,0
38,241,False,0.3050820962749862,0
38,242,False,0.4110151238583872,0
38,243,False,0.2384113862023676,0
38,244,False,0.3055585620380799,0
38,245,False,0.2243119866738172,0
38,246,False,0.2283035041843001,0
38,247,False,0.601389322500987,0
38,248,False,0.1861016376343618,0
38,249,False,0.3322376533914182,0
38,250,False,0.1535906531023021,0
38,251,True,0.5895945688191788,0
38,252,False,0.1360111358496654,0
38,253,False,0.1452923245069306,0
38,254,False,0.4696325075583425,0
38,255,False,0.3470548878739906,0
38,256,False,0.2243778179558153,0
38,257,False,0.380680807328598,0
38,258,False,0.2527384697197175,0
38,259,False,0.1918417920208668,0
38,260,False,0.217770879130423,0
38,261,False,0.5469541833338392,0
38,262,False,0.4320278193633133,0
38,263,False,0.337528941637207,0
38,264,False,0.2801225539599779,0
38,265,False,0.2046927163646063,0
38,266,False,0.1978288911575661,0
38,267,False,0.4200987516052237,0
38,268,False,0.0945684310647346,0
38,269,False,0.0683369109310005,0
38,270,False,0.3733711511916154,0
38,271,False,0.1814974593978298,0
38,272,False,0.4688203508208859,0
38,273,False,0.4418376196321603,0
38,274,False,0.2731195652421582,0
38,275,False,0.4417392325829916,0
38,276,False,0.4514994659346463,0
38,277,False,0.5143025110676812,0
38,278,False,0.1984804228376855,0
38,279,False,0.0562449592429087,0
38,280,False,0.0130969161112021,0
38,281,False,0.4422153449338335,0
38,282,False,0.2563288233480382,0
38,283,False,0.1200803715075963,0
38,284,False,0.2906548683413762,0
38,285,False,0.248426499061781,0
38,286,False,0.273114962563885,0
38,287,False,0.2310327453733966,0
38,288,False,0.3977583849607771,0
38,289,False,0.1228099507461072,0
38,290,False,0.2443124657062036,0
38,291,False,0.1690550311731764,0
38,292,False,0.3630143517577401,0
38,293,False,0.1593915793032425,0
38,294,False,0.0980124610961424,0
38,295,False,0.325874443929199,0
38,296,False,0.3065108052415546,0
38,297,False,0.0767121836501658,0
38,298,False,0.4728620841435421,0
38,299,False,0.3157011011273116,0
38,300,False,0.2063096419420389,0
38,301,False,0.0386729386542437,0
38,302,False,0.4168670056078366,0
38,303,False,0.3052640817200645,0
38,304,False,0.360409463644948,0
38,305,False,0.3196523721264053,0
38,306,False,0.0603920315480385,0
38,307,False,0.2176756192715158,0
38,308,False,0.4233910425225104,0
38,309,False,0.0857535961606485,0
38,310,False,0.241142100263168,0
38,311,False,0.1068213695009309,0
38,312,False,0.3939974320667165,0
38,313,False,0.2557226333708657,0
38,314,False,0.3840811292272226,0
38,315,False,0.3661458059524538,0
38,316,False,0.5816434885743039,0
38,317,False,0.5621775612709531,0
38,318,False,0.0884444403006964,0
38,319,False,0.3446235300029249,0
38,320,False,0.6095654722173228,0
38,321,False,0.3141309765261968,0
38,322,False,0.6479463612947148,0
38,323,False,0.2265019195492524,0
38,324,False,0.4532267059451018,0
38,325,False,0.5996218506997747,0
38,326,False,0.1362318623539835,0
38,327,False,0.2361379497655822,0
38,328,False,0.6046614565204121,0
38,329,False,0.2920487185984639,0
38,330,False,0.4004222737895427,0
38,331,False,0.4507710944195557,0
38,332,False,0.1848018664101324,0
38,333,False,0.4101929338053977,0
38,334,False,0.34973434990572,0
38,335,False,0.1756191969893639,0
38,336,False,0.2052622268743936,0
38,337,False,0.6085560017364287,0
38,338,False,0.141658770535373,0
38,339,False,0.43593946275941,0
38,340,False,0.3082365330185971,0
38,341,False,0.4550063988010734,0
38,342,False,0.4275490847618506,0
38,343,False,0.2781861683282088,0
38,344,False,0.1852405523576611,0
38,345,False,0.5553171992560851,0
38,346,False,0.5031820579410835,0
38,347,False,0.3218467203585847,0
38,348,False,0.2940375021670958,0
38,349,False,0.1254493851034331,0
38,350,False,0.4444012505601111,0
38,351,False,0.5757688148776429,0
38,352,False,0.1238108655661201,0
38,353,False,0.1417424749206275,0
38,354,False,0.1872751990226918,0
38,355,False,0.1912672864319361,0
38,356,False,0.2750086185191396,0
38,357,False,0.2594732652222252,0
38,358,False,0.1160173375309619,0
38,359,False,0.5878548997680135,0
38,360,False,0.141844276079871,0
38,361,False,0.2670940915387836,0
38,362,False,0.1693494018369503,0
38,363,False,0.5051295998717548,0
38,364,False,0.2152263011559128,0
38,365,False,0.3026792843884116,0
38,366,False,0.6043368946581595,0
38,367,False,0.2264428247113664,0
38,368,False,0.3300102349170474,0
38,369,False,0.1552676357183774,0
38,370,False,0.2640383541633144,0
38,371,False,0.3870555710169233,0
38,372,False,0.1219581579427709,0
38,373,False,0.2307343681279402,0
38,374,False,0.3374328449762505,0
38,375,False,0.0724104629791323,0
38,376,False,0.3782207354851397,0
38,377,False,0.3194343997975769,0
38,378,False,0.1972597201780969,0
38,379,False,0.287172100514021,0
38,380,False,0.6008221918617068,0
38,381,False,0.0971226057228562,0
38,382,False,0.2750073539162113,0
38,383,False,0.5045933992123101,0
38,384,False,0.1595183596132539,0
38,385,False,0.2144434659745125,0
38,386,False,0.4631573276497399,0
38,387,False,0.278102406698222,0
38,388,False,0.185040538482732,0
38,389,False,0.1145555589074245,0
38,390,False,0.4228950555098883,0
38,391,False,0.6440679634524121,0
38,392,False,0.3083255266751108,0
38,393,False,0.4105774245043222,0
38,394,False,0.1960542058844075,0
38,395,False,0.1388747735087824,0
38,396,False,0.0985267612391955,0
38,397,False,0.3672611312390035,0
38,398,False,0.5073793345737749,0
38,399,False,0.2364619685412546,0
38,400,False,0.4056361401586,0
38,401,False,0.2649097709889378,0
38,402,False,0.3808117943964557,0
38,403,False,0.2253317470448952,0
38,404,False,0.0451536951706062,0
38,405,False,0.1643660328395617,0
38,406,False,0.1914306997277393,0
38,407,False,0.2616461141449531,0
38,408,False,0.3563937219389386,0
38,409,False,0.0807393667249193,0
38,410,False,0.1084574754788678,0
38,411,False,0.2455266465423252,0
38,412,False,0.5453972463065507,0
38,413,False,0.3355411391283527,0
38,414,False,0.1119325748862738,0
38,415,False,0.0786186195421999,0
38,416,False,0.2232495599779229,0
38,417,False,0.2393448930531098,0
38,418,False,0.4691650839986767,0
38,419,False,0.1093010128782776,0
38,420,False,0.350841738423868,0
38,421,False,0.1147332768168895,0
38,422,False,0.5209560844968074,0
38,423,False,0.4629191165410449,0
38,424,False,0.4458084306295856,0
38,425,False,0.4507456473585096,0
38,426,False,0.207768701685737,0
38,427,False,0.5530846398930729,0
38,428,False,0.2414057853315312,0
38,429,False,0.3521991446239845,0
38,430,False,0.5623335554103934,0
38,431,False,0.066028107172517,0
38,432,False,0.4780103627939779,0
38,433,False,0.3619557421910525,0
38,434,False,0.4016190764260652,0
38,435,False,0.1447690887902211,0
38,436,False,0.1485361833971406,0
38,437,False,0.2673122822770018,0
38,438,False,0.2665058948831771,0
38,439,False,0.2016844401116823,0
38,440,False,0.5191348577625704,0
38,441,False,0.0125769688314679,0
38,442,False,0.230059532111924,0
38,443,False,0.0891624767452996,0
38,444,False,0.5437183231209585,0
38,445,False,0.3380641675028336,0
38,446,False,0.2209937767876525,0
38,447,False,0.1223216696690601,0
38,448,False,0.327157746156919,0
38,449,False,0.0999748268202887,0
38,450,False,0.3375920398739411,0
38,451,False,0.5828544730774738,0
38,452,False,0.5490326088038333,0
38,453,False,0.1444002153105774,0
38,454,False,0.5397886850088234,0
38,455,False,0.0491039142380159,0
38,456,False,0.2269298672078842,0
38,457,False,0.1507116244682386,0
38,458,False,0.0397742668078514,0
38,459,False,0.4199586775519187,0
38,460,False,0.4703209324057288,0
38,461,False,0.4593225624256609,0
38,462,False,0.2928697416440324,0
38,463,False,0.3253208111970423,0
38,464,False,0.608299740483025,0
38,465,False,0.227995917813659,0
38,466,False,0.3285833899501695,0
38,467,False,0.188908839828141,0
38,468,False,0.4759491652842039,0
38,469,False,0.4619524675485082,0
38,470,False,0.3355219672420451,0
38,471,False,0.2913305263540643,0
38,472,False,0.3010360813901332,0
38,473,False,0.3271906689077269,0
38,474,False,0.0676409928670715,0
38,475,False,0.3328039645201829,0
38,476,False,0.5689403837780267,0
38,477,False,0.1687368232740908,0
38,478,False,0.3234785077429782,0
38,479,False,0.2595142364225923,0
38,480,False,0.2107341076181594,0
38,481,False,0.4454389315848823,0
38,482,False,0.1925251778170265,0
38,483,False,0.4215730229751968,0
38,484,False,0.3147556062634345,0
38,485,False,0.089175148068904,0
38,486,False,0.1813974974553684,0
38,487,False,0.2888520759798477,0
38,488,False,0.1912204640490106,0
38,489,False,0.254632025981011,0
38,490,False,0.2626091579593145,0
38,491,False,0.1868577020761625,0
38,492,False,0.1235656832485277,0
38,493,False,0.3590902667010948,0
38,494,False,0.0072479127321231,0
38,495,False,0.2254122917396397,0
38,496,False,0.3682584032090778,0
38,497,False,0.4700537573475749,0
38,498,False,0.2334079593854568,0
38,499,False,0.604550623924786,0
38,500,False,0.1116182558215075,0
38,501,False,0.2918006363881575,0
38,502,False,0.2436788503320043,0
38,503,False,0.0911729007382388,0
38,504,False,0.3423826121689441,0
38,505,False,0.2613583638874165,0
38,506,False,0.1054542174997974,0
38,507,False,0.3394195895177768,0
38,508,False,0.0667440465050857,0
38,509,False,0.3948447858495602,0
38,510,False,0.1701597344690188,0
38,511,True,0.6912093386389426,0
38,512,False,0.1701650430716366,0
38,513,False,0.259658072094199,0
38,514,False,0.3408592494335257,0
38,515,False,0.1936145912070428,0
38,516,False,0.4421189571746821,0
38,517,False,0.2918146343826823,0
38,518,False,0.0431616328618451,0
38,519,False,0.0852628517039114,0
38,520,False,0.4737658354893495,0
38,521,False,0.2739533039710695,0
38,522,False,0.2373952074488494,0
38,523,False,0.2670788820929144,0
38,524,False,0.1034879707346583,0
38,525,False,0.2279511321623418,0
38,526,False,0.2627333305254055,0
38,527,False,0.6891140409001313,0
38,528,False,0.2505649400674639,0
38,529,False,0.2446496929766223,0
38,530,False,0.2767384149382149,0
38,531,False,0.2722051205048573,0
38,532,False,0.2299484569093162,0
38,533,False,0.4257053209843408,0
38,534,False,0.2227111874163941,0
38,535,False,0.4773689304451496,0
38,536,False,0.2310129865169898,0
38,537,False,0.4314435361946498,0
38,538,False,0.3868797602101907,0
38,539,False,0.208678135078325,0
38,540,False,0.0900249981999672,0
38,541,False,0.6038569167009646,0
38,542,False,0.2265233252301209,0
38,543,False,0.3042970610133372,0
38,544,False,0.1646258613749868,0
38,545,False,0.1823972362349482,0
38,546,False,0.4766491048877699,0
38,547,False,0.5264086385938195,0
38,548,False,0.3609203123415569,0
38,549,False,0.2509553296201303,0
38,550,False,0.3835316726535463,0
38,551,False,0.1959117186620537,0
38,552,False,0.2976150813463317,0
38,553,False,0.1323735027451481,0
38,554,False,0.126311680440905,0
38,555,False,0.3547665226580853,0
38,556,False,0.3219807096428471,0
38,557,False,0.310809260614259,0
38,558,False,0.2266135263526242,0
38,559,False,0.3116613226660596,0
38,560,False,0.1721735905143979,0
38,561,False,0.0414669752128248,0
38,562,False,0.2761974130074415,0
38,563,False,0.094253560316938,0
38,564,False,0.4118445340829866,0
38,565,False,0.5157009792685964,0
38,566,False,0.6342283268293691,0
38,567,False,0.2717021731900056,0
38,568,False,0.1611555559536509,0
38,569,False,0.3019616530585536,0
38,570,False,0.2474761658633007,0
38,571,False,0.2773672197869529,0
38,572,False,0.4722249959604593,0
38,573,False,0.2190395136759253,0
38,574,False,0.2513040412624526,0
38,575,False,0.1344989142255937,0
38,576,False,0.2575375190463321,0
38,577,False,0.5758311543371692,0
38,578,False,0.1747889880746776,0
38,579,False,0.4404393990716352,0
38,580,False,0.239968723155057,0
38,581,False,0.4457504855829945,0
38,582,False,0.4181457323941839,0
38,583,False,0.1247787246488094,0
38,584,False,0.4135696874278296,0
38,585,False,0.0855221607194543,0
38,586,False,0.102384952851844,0
38,587,False,0.2285050887405005,0
38,588,False,0.5466614162505907,0
38,589,False,0.3510850322437097,0
38,590,False,0.1394105760462668,0
38,591,False,0.0536995154899485,0
38,592,False,0.3806987361056626,0
38,593,False,0.2794224044294483,0
38,594,False,0.3066911814390244,0
38,595,False,0.3430330836467324,0
38,596,False,0.476114544370721,0
38,597,False,0.2554704259647891,0
38,598,False,0.5012006017832084,0
38,599,False,0.154006662960799,0
38,600,False,0.0632323404051646,0
38,601,False,0.4483454588827538,0
38,602,False,0.1099758633977806,0
38,603,False,0.2998031027074426,0
38,604,False,0.5363077304756033,0
38,605,False,0.0670542699936395,0
38,606,False,0.3373425781481131,0
38,607,False,0.0616375155621336,0
38,608,False,0.2669105924136806,0
38,609,False,0.0146819331277921,0
38,610,False,0.0929129012701737,0
38,611,False,0.1620845901138898,0
38,612,False,0.0555877186492738,0
38,613,False,0.3628731421368042,0
38,614,False,0.326185553069642,0
38,615,False,0.5516768599767246,0
38,616,False,0.1099186560623747,0
38,617,False,0.2171848103951794,0
38,618,False,0.0782209788311515,0
38,619,False,0.1767688055025618,0
38,620,True,0.5954379734962468,0
38,621,False,0.3971726866093809,0
38,622,False,0.1055672064555032,0
38,623,False,0.0311859105555057,0
38,624,False,0.0279579619790819,0
38,625,False,0.3679765943353593,0
38,626,False,0.159129571300425,0
38,627,True,0.7380869638355531,0
38,628,False,0.2436991769678001,0
38,629,False,0.170977740591307,0
38,630,False,0.0807239819987891,0
38,631,False,0.4477791997522805,0
38,632,False,0.197351654715525,0
38,633,False,0.2614729695537015,0
38,634,False,0.2791904822094437,0
38,635,False,0.2492464228769708,0
38,636,False,0.3888004532026781,0
38,637,False,0.0898309777348184,0
38,638,False,0.2393537041475697,0
38,639,False,0.2004520499405746,0
38,640,False,0.4009969437535314,0
38,641,False,0.4674355152035755,0
38,642,False,0.1279157924541819,0
38,643,False,0.403734941984525,0
38,644,False,0.0894865576156005,0
38,645,False,0.2478156639906327,0
38,646,False,0.26449203451846,0
38,647,False,0.4549932251283338,0
38,648,False,0.3895079338725103,0
38,649,False,0.0971817728565808,0
38,650,False,0.3828986050331805,0
38,651,False,0.297838427885603,0
38,652,False,0.5903979088514874,0
38,653,False,0.1760983318750708,0
38,654,False,0.2144134952920709,0
38,655,False,0.6204682337798468,0
38,656,False,0.4872331449600042,0
38,657,False,0.0962069245149607,0
38,658,False,0.2496558034719668,0
38,659,False,0.341237799092246,0
38,660,False,0.4009150563139554,0
38,661,False,0.1179359076194324,0
38,662,True,0.5572754113921149,0
38,663,False,0.0629427880187678,0
38,664,False,0.1229522065476816,0
38,665,False,0.5302969759506505,0
38,666,False,0.2709993961105075,0
38,667,False,0.2770890275188418,0
38,668,False,0.301184192228817,0
38,669,False,0.1401494015576146,0
38,670,False,0.0737337849011167,0
38,671,False,0.3291565105170932,0
38,672,False,0.359768584824016,0
38,673,False,0.3097774732702404,0
38,674,False,0.180350414287884,0
38,675,False,0.1104932580161498,0
38,676,False,0.2268526189451653,0
38,677,True,0.6389059701703222,0
38,678,False,0.2431391535156832,0
38,679,False,0.2159680460480785,0
38,680,False,0.2485571743584797,0
38,681,False,0.2374704597128737,0
38,682,False,0.5319284493276698,0
38,683,False,0.3904389243462244,0
38,684,False,0.1697375890428857,0
38,685,False,0.204026175015018,0
38,686,False,0.2549263267105989,0
38,687,False,0.2890608269629373,0
38,688,False,0.1407896901376907,0
38,689,False,0.1884686348827569,0
38,690,False,0.5651992012277928,0
38,691,False,0.5441384134079766,0
38,692,False,0.2074958132489381,0
38,693,False,0.1937947313120766,0
38,694,False,0.3917365978571069,0
38,695,False,0.0549042835324885,0
38,696,False,0.513200034727355,0
38,697,False,0.1680138488305095,0
38,698,False,0.3498451382963249,0
38,699,False,0.0647089915680699,0
38,700,False,0.3992098512519557,0
38,701,False,0.3602074853627584,0
38,702,False,0.3368158164406375,0
38,703,False,0.1256675155755714,0
38,704,False,0.186745643052941,0
38,705,False,0.3090542956810058,0
38,706,False,0.1611047165510067,0
38,707,False,0.156019393834899,0
38,708,False,0.4891720840330514,0
38,709,False,0.0405952160464261,0
38,710,False,0.5013100171730703,0
38,711,False,0.125480123667906,0
38,712,False,0.3783262469877855,0
38,713,False,0.3222129037148611,0
38,714,False,0.1213622535720952,0
38,715,False,0.164766719941082,0
38,716,False,0.4210690230658028,0
38,717,False,0.2230656431040991,0
38,718,True,0.7475416808203147,0
38,719,False,0.1765326311521286,0
38,720,False,0.1693998756977423,0
38,721,False,0.1012367631091599,0
38,722,False,0.1552197678852778,0
38,723,False,0.2516719879928031,0
38,724,False,0.6988438963940432,0
38,725,False,0.1628761947287865,0
38,726,False,0.035861074519571,0
38,727,False,0.1868926162656133,0
38,728,False,0.2802197590789023,0
38,729,False,0.5039853388745347,0
38,730,False,0.2905356993774629,0
38,731,False,0.2137032540043945,0
38,732,False,0.1742040407701023,0
38,733,False,0.3991960073625363,0
38,734,False,0.2659319496638474,0
38,735,False,0.4020401338219225,0
38,736,False,0.1054043592980552,0
38,737,False,0.1896220786800948,0
38,738,False,0.3548328182831716,0
38,739,False,0.0785174307392475,0
38,740,False,0.123504889954708,0
38,741,False,0.2413778454503063,0
38,742,False,0.4688543103047804,0
38,743,False,0.5491671814360513,0
38,744,False,0.1320866566288173,0
38,745,False,0.2989363140201345,0
38,746,False,0.5146805029932751,0
38,747,False,0.4008971368260078,0
38,748,False,0.2842255949831302,0
38,749,False,0.317544110113382,0
38,750,False,0.1384834698703489,0
38,751,False,0.2009712364540103,0
38,752,False,0.2418896431622072,0
38,753,False,0.2295611941890383,0
38,754,False,0.2156860757163646,0
38,755,False,0.1231095801822028,0
38,756,False,0.5160624858560737,0
38,757,False,0.2623139249573352,0
38,758,False,0.2309942687514944,0
38,759,False,0.0959512859344814,0
38,760,False,0.340353357371217,0
38,761,False,0.1569467002743433,0
38,762,False,0.1620025771710848,0
38,763,False,0.1945993531314553,0
38,764,False,0.3889033363849212,0
38,765,False,0.3240072686151163,0
38,766,False,0.0569606868617727,0
38,767,False,0.5068443274386882,0
38,768,False,0.3043925052678168,0
38,769,False,0.2972452247392276,0
38,770,False,0.1367056096153261,0
38,771,False,0.4491401171221709,0
38,772,False,0.2518147960573942,0
38,773,False,0.1695139260731264,0
38,774,False,0.0801464927057364,0
38,775,False,0.2325370523553835,0
38,776,False,0.4841625365767797,0
38,777,False,0.1693257626556566,0
38,778,False,0.0747789270014016,0
38,779,False,0.1852423234921943,0
38,780,False,0.1679635137045052,0
38,781,False,0.2763354949660545,0
38,782,False,0.1309785515470798,0
38,783,False,0.1542500262093677,0
38,784,False,0.0899353835301188,0
38,785,False,0.3465590425511273,0
38,786,False,0.1649902537464189,0
38,787,False,0.1454381844637113,0
38,788,False,0.451163889216197,0
38,789,False,0.5292063498589319,0
38,790,False,0.3771771971387949,0
38,791,False,0.4977153092263308,0
38,792,False,0.4231845666292447,0
38,793,False,0.2173364748969555,0
38,794,False,0.1054974346874186,0
38,795,False,0.177115816076833,0
38,796,False,0.1560104234247701,0
38,797,False,0.3583027272484148,0
38,798,False,0.2382117203777517,0
38,799,False,0.0444376371349206,0
38,800,False,0.1774341564063493,0
38,801,False,0.0810503458688375,0
38,802,False,0.2332597297899884,0
38,803,False,0.4563029734443914,0
38,804,False,0.1109951227085874,0
38,805,False,0.524107383079782,0
38,806,False,0.2494485341513156,0
38,807,False,0.3576596696917246,0
38,808,False,0.1411241998676989,0
38,809,False,0.2562193556155805,0
38,810,False,0.5239791499617252,0
38,811,False,0.4819498063691885,0
38,812,False,0.2639644320402215,0
38,813,False,0.223514158884564,0
38,814,False,0.2764270470816738,0
38,815,False,0.321129255341407,0
38,816,False,0.557406885681536,0
38,817,False,0.1621890861748199,0
38,818,False,0.154807479392052,0
38,819,False,0.2096039228273493,0
38,820,False,0.1068665371877108,0
38,821,False,0.36441921405229,0
38,822,False,0.069854215232803,0
38,823,False,0.5752524381494896,0
38,824,False,0.2816515588456469,0
38,825,False,0.3794411536939451,0
38,826,False,0.0456596310029253,0
38,827,False,0.3907392159198113,0
38,828,False,0.3259029406210039,0
38,829,False,0.3450841502829877,0
38,830,False,0.2370136739010705,0
38,831,False,0.4243518655493258,0
38,832,False,0.1288120009908881,0
38,833,False,0.3299114686361586,0
38,834,False,0.0667555305661823,0
38,835,False,0.1057107830323264,0
38,836,False,0.5357995621053333,0
38,837,False,0.1595713437757506,0
38,838,False,0.1228798987176632,0
38,839,False,0.3099564477393267,0
38,840,False,0.5006741240171694,0
38,841,False,0.1925333812435086,0
38,842,False,0.6798139772747849,0
38,843,False,0.1658069239561412,0
38,844,False,0.445325731706341,0
38,845,False,0.2871034665903474,0
38,846,False,0.2051521024846308,0
38,847,False,0.3569482999794101,0
38,848,False,0.0872053159749631,0
38,849,False,0.23791157291652,0
38,850,False,0.2125906368597829,0
38,851,False,0.3380474712276761,0
38,852,False,0.2905275608427198,0
38,853,False,0.3479181328972756,0
38,854,False,0.4221996077051169,0
38,855,False,0.2424964231836355,0
38,856,False,0.3024763373927353,0
38,857,False,0.5685546252018754,0
38,858,False,0.2939324011203272,0
38,859,False,0.2371806947234474,0
38,860,False,0.4348483136027772,0
38,861,False,0.2476647534198212,0
38,862,False,0.5915252921662858,0
38,863,False,0.4941427378687356,0
38,864,False,0.1927509224419929,0
38,865,False,0.215708580571228,0
38,866,False,0.4548274324248505,0
38,867,False,0.432033472949111,0
38,868,False,0.4727380263938699,0
38,869,False,0.2538973946761992,0
38,870,False,0.2857213617632627,0
38,871,False,0.2317922806044498,0
38,872,False,0.2332041462800099,0
38,873,False,0.1697303259220881,0
38,874,False,0.4915121741124872,0
38,875,False,0.3319587751508012,0
38,876,False,0.3427031340245881,0
38,877,False,0.4732074603715058,0
38,878,False,0.057826174727944,0
38,879,False,0.3342823374545915,0
38,880,False,0.5055663733930453,0
38,881,False,0.1092677169367234,0
38,882,False,0.476371862104171,0
38,883,False,0.3351520189164386,0
38,884,False,0.3113112656037834,0
38,885,False,0.3156514521042243,0
38,886,False,0.1342593059642669,0
38,887,False,0.0426125165402731,0
38,888,False,0.4402492515093427,0
38,889,False,0.1195934956640864,0
38,890,False,0.2000779313230957,0
38,891,True,0.7007817975708072,0
38,892,False,0.2817555447671213,0
38,893,False,0.3492651154755515,0
38,894,False,0.183486628129589,0
38,895,False,0.5023166737897836,0
38,896,False,0.0624500784100217,0
38,897,False,0.4354437700393007,0
38,898,False,0.0920630148030118,0
38,899,False,0.6257518883853295,0
38,900,False,0.3770081169472025,0
38,901,False,0.1271719790497805,0
38,902,False,0.2743528735631583,0
38,903,False,0.3825666156869312,0
38,904,False,0.1784396198271592,0
38,905,False,0.2162905367743838,0
38,906,False,0.5209740341645329,0
38,907,False,0.279074004926693,0
38,908,False,0.4849887995749727,0
38,909,False,0.3481128642195799,0
38,910,False,0.3776973082787966,0
38,911,False,0.4552676384890686,0
38,912,False,0.564636774420852,0
38,913,False,0.1352549552408208,0
38,914,False,0.4189062970344011,0
38,915,True,0.6277239733678208,0
38,916,False,0.4233062618932802,0
38,917,False,0.3242865327317485,0
38,918,False,0.5237323534287259,0
38,919,False,0.6843643932117193,0
38,920,False,0.3592652758898438,0
38,921,False,0.3939614324212918,0
38,922,False,0.3799956547644613,0
38,923,False,0.0841743365393104,0
38,924,False,0.4372271147397712,0
38,925,False,0.0941077935758852,0
38,926,False,0.3982612864989766,0
38,927,False,0.0776550664575109,0
38,928,False,0.1282124549316295,0
38,929,False,0.2142506430565661,0
38,930,False,0.1898088523955465,0
38,931,False,0.449549690409468,0
38,932,False,0.2340831361350911,0
38,933,False,0.1004746869111375,0
38,934,False,0.1752910699720822,0
38,935,False,0.3112062459089998,0
38,936,False,0.3072581434169985,0
38,937,False,0.3162298390616307,0
38,938,False,0.4493230296578294,0
38,939,False,0.4992607592612914,0
38,940,False,0.3797328747609579,0
38,941,False,0.2587951204847887,0
38,942,False,0.217206502029108,0
38,943,False,0.6337271424536701,0
38,944,False,0.3024225452045582,0
38,945,False,0.353243831536729,0
38,946,False,0.1960088011812329,0
38,947,False,0.194604146338236,0
38,948,False,0.1201659626916901,0
38,949,False,0.2881738348704263,0
38,950,False,0.1945107684338112,0
38,951,False,0.2219017467003496,0
38,952,False,0.4924424140581507,0
38,953,False,0.0850659978225831,0
38,954,False,0.1707846803550596,0
38,955,False,0.3275299415979275,0
38,956,False,0.3146017534698956,0
38,957,False,0.5591300431761457,0
38,958,False,0.0569074657411333,0
38,959,False,0.5215862971395819,0
38,960,False,0.1109111744624726,0
38,961,False,0.2265228453079547,0
38,962,False,0.0823237952883983,0
38,963,False,0.0203376211117979,0
38,964,False,0.515099224706211,0
38,965,False,0.1524295832997067,0
38,966,False,0.401561690342304,0
38,967,False,0.1934741652155991,0
38,968,True,0.5676055160091945,0
38,969,False,0.207457529958512,0
38,970,False,0.2430327927543291,0
38,971,False,0.1686796225990403,0
38,972,False,0.1197872134843499,0
38,973,False,0.4281637369757693,0
38,974,False,0.2805328520070296,0
38,975,False,0.0255304591814648,0
38,976,False,0.5758838933798938,0
38,977,False,0.2466749134265328,0
38,978,False,0.1265914119379539,0
38,979,False,0.076905262823075,0
38,980,False,0.1317865994756037,0
38,981,False,0.3423522504030944,0
38,982,False,0.4422870444385288,0
38,983,False,0.2290208014335576,0
38,984,True,0.8133424050014515,0
38,985,False,0.2079234242657764,0
38,986,False,0.2608344425937606,0
38,987,False,0.1095262841662347,0
38,988,False,0.2508512520003949,0
38,989,False,0.4615262690501316,0
38,990,False,0.6224521206393593,0
38,991,False,0.3984798933684013,0
38,992,False,0.0587343222846886,0
38,993,False,0.0996858624336007,0
38,994,False,0.0587453867701584,0
38,995,False,0.1404948127964428,0
38,996,False,0.1813561796987826,0
38,997,False,0.1207732276954052,0
38,998,False,0.3803905055871858,0
38,999,False,0.115508747068787,0
39,0,False,0.3536766572335658,0
39,1,False,0.2485580660782393,0
39,2,False,0.4159590873381714,0
39,3,False,0.1599675758099919,0
39,4,False,0.5502830780616322,0
39,5,False,0.110945287593398,0
39,6,False,0.5098966417920571,0
39,7,False,0.1772703794727445,0
39,8,False,0.1982904719133444,0
39,9,False,0.3762367882135499,0
39,10,False,0.5434668040445325,0
39,11,False,0.0847637629426502,0
39,12,False,0.3579287927839609,0
39,13,False,0.2733207739503824,0
39,14,False,0.1343761410948502,0
39,15,False,0.3532548500048075,0
39,16,False,0.1327901214327579,0
39,17,False,0.326434368425168,0
39,18,False,0.1658104012585459,0
39,19,False,0.207734214505591,0
39,20,False,0.2634084880828478,0
39,21,False,0.3900143303664891,0
39,22,False,0.1536454700072753,0
39,23,False,0.3055023511983206,0
39,24,False,0.203313881265596,0
39,25,False,0.1838768760882306,0
39,26,False,0.3678240872354807,0
39,27,False,0.2020967664638769,0
39,28,False,0.1863395045288194,0
39,29,False,0.2835202997539891,0
39,30,False,0.1003993030662121,0
39,31,False,0.207729389165234,0
39,32,False,0.3096377073595142,0
39,33,False,0.0443858001226034,0
39,34,False,0.1245792134455452,0
39,35,False,0.2110033201581862,0
39,36,False,0.3581887554246956,0
39,37,False,0.6522422663601021,0
39,38,False,0.1622660260567806,0
39,39,False,0.0694242954698856,0
39,40,False,0.076848080809821,0
39,41,False,0.1744335165862888,0
39,42,False,0.5434537469656785,0
39,43,False,0.0616539134466732,0
39,44,False,0.2356865066312641,0
39,45,False,0.3132941266752032,0
39,46,False,0.1525833147039861,0
39,47,False,0.3868863360183782,0
39,48,False,0.4845897602554896,0
39,49,False,0.0959387779732849,0
39,50,False,0.3662241584833629,0
39,51,False,0.2983728426907024,0
39,52,False,0.2237663665214278,0
39,53,False,0.1642916485213648,0
39,54,False,0.4613858274628866,0
39,55,False,0.0983214607503696,0
39,56,False,0.179247512983417,0
39,57,False,0.3430187325979972,0
39,58,False,0.2746698380360602,0
39,59,False,0.4432945779277498,0
39,60,False,0.1327244318952246,0
39,61,False,0.4006430877209991,0
39,62,False,0.3225960385009868,0
39,63,False,0.2923618255131976,0
39,64,False,0.1135769732526367,0
39,65,False,0.3415589572254627,0
39,66,False,0.1699958739594175,0
39,67,True,0.8014732049023443,0
39,68,False,0.1317706240875745,0
39,69,False,0.125499659191502,0
39,70,False,0.3370138954716539,0
39,71,False,0.0343986220052017,0
39,72,False,0.159377520333094,0
39,73,False,0.2615158445906097,0
39,74,False,0.2491194021961276,0
39,75,False,0.0685869246308145,0
39,76,False,0.4595064072499054,0
39,77,False,0.5414781386117564,0
39,78,False,0.2605960618109315,0
39,79,False,0.067535907483785,0
39,80,False,0.0467688349727268,0
39,81,False,0.127131476580951,0
39,82,False,0.3265987258278122,0
39,83,False,0.1191248654111389,0
39,84,False,0.1077670455014623,0
39,85,False,0.3246010263074086,0
39,86,False,0.2193544911847561,0
39,87,False,0.3047922320216946,0
39,88,False,0.403730071467841,0
39,89,False,0.1841289216978105,0
39,90,False,0.2344736594858819,0
39,91,False,0.175068748991844,0
39,92,False,0.2673316734797696,0
39,93,False,0.238699744225137,0
39,94,False,0.3257956107307604,0
39,95,False,0.4434878606676832,0
39,96,False,0.3855671372233749,0
39,97,False,0.0961525816865667,0
39,98,False,0.2089847738799713,0
39,99,False,0.1661962342804483,0
39,100,False,0.2272148735050511,0
39,101,False,0.4759204964642726,0
39,102,False,0.1158847910316493,0
39,103,False,0.1718540724955221,0
39,104,False,0.2409358088306848,0
39,105,False,0.1965854535395116,0
39,106,False,0.1545074012420307,0
39,107,False,0.3024753876496196,0
39,108,False,0.2628503990216566,0
39,109,False,0.1783854898271363,0
39,110,False,0.0714033686941217,0
39,111,False,0.3680479351839821,0
39,112,False,0.1650023992108502,0
39,113,True,0.6463769483914986,0
39,114,False,0.5031230845032987,0
39,115,False,0.4086469850455971,0
39,116,False,0.3784719386186747,0
39,117,False,0.4808171104256128,0
39,118,False,0.4501527714550122,0
39,119,False,0.3148546559271867,0
39,120,False,0.3458306244455384,0
39,121,False,0.5386521682270735,0
39,122,False,0.3061721796943814,0
39,123,False,0.145588134244425,0
39,124,False,0.4518857472364912,0
39,125,False,0.3599374248179245,0
39,126,False,0.061906433771692,0
39,127,False,0.2328545928203029,0
39,128,False,0.1920824664494293,0
39,129,False,0.5199092769591175,0
39,130,False,0.2201943740399156,0
39,131,False,0.1377202357514125,0
39,132,False,0.471971286182723,0
39,133,False,0.1588460545173127,0
39,134,False,0.0596894752708395,0
39,135,False,0.3408156596522683,0
39,136,False,0.3066486182634088,0
39,137,False,0.2789555071166884,0
39,138,False,0.3288097857207583,0
39,139,False,0.4064901896391388,0
39,140,False,0.3234596782435212,0
39,141,False,0.1813428850517404,0
39,142,False,0.110344420804029,0
39,143,False,0.0626113417445731,0
39,144,False,0.3893738659278771,0
39,145,False,0.2208119923981546,0
39,146,False,0.1705774606874289,0
39,147,False,0.0676360338470681,0
39,148,False,0.2063693713019656,0
39,149,False,0.3587901228827754,0
39,150,False,0.316899984774653,0
39,151,False,0.1365637082251592,0
39,152,False,0.2170837430502517,0
39,153,False,0.1363792431986001,0
39,154,False,0.0637349304068678,0
39,155,False,0.5785716282335199,0
39,156,False,0.1673754331871321,0
39,157,False,0.485750585203021,0
39,158,False,0.2231288814404552,0
39,159,False,0.3734488472849538,0
39,160,False,0.3866075694193058,0
39,161,False,0.2910392925454743,0
39,162,False,0.3584957567261279,0
39,163,False,0.3688485254461,0
39,164,False,0.4338558481917234,0
39,165,False,0.0593243266171532,0
39,166,False,0.1537383027458395,0
39,167,True,0.690927168796683,0
39,168,False,0.0492709683183529,0
39,169,False,0.1859158401713941,0
39,170,False,0.2715695031402613,0
39,171,False,0.3219105263709601,0
39,172,False,0.4820942894903152,0
39,173,False,0.319706275524256,0
39,174,False,0.4916099383257625,0
39,175,False,0.1841729708671041,0
39,176,False,0.0293922497739453,0
39,177,False,0.4383244007111607,0
39,178,False,0.2201991781916555,0
39,179,False,0.1272898020531447,0
39,180,False,0.5623099425360222,0
39,181,False,0.1351692568264888,0
39,182,False,0.1892652527031718,0
39,183,False,0.2788522124309327,0
39,184,False,0.2584988688589334,0
39,185,False,0.1713624183536284,0
39,186,False,0.3902904125361203,0
39,187,False,0.1388409287646581,0
39,188,False,0.4659217194194351,0
39,189,False,0.6157519764816631,0
39,190,False,0.3073799210471541,0
39,191,False,0.3116610941567272,0
39,192,False,0.1347012643177103,0
39,193,True,0.7239031844967967,0
39,194,False,0.1191002777077864,0
39,195,False,0.2853857889201115,0
39,196,False,0.514309690041867,0
39,197,False,0.15648979507517,0
39,198,False,0.2605575260313472,0
39,199,False,0.1398135905354235,0
39,200,False,0.388093991336372,0
39,201,False,0.4641645770320866,0
39,202,False,0.1284580477416679,0
39,203,False,0.0552063959733059,0
39,204,False,0.0172791270801268,0
39,205,False,0.1592498686850636,0
39,206,False,0.2667449952728772,0
39,207,False,0.529692033598347,0
39,208,False,0.3071017670062408,0
39,209,False,0.2504805636294226,0
39,210,False,0.4035583213875158,0
39,211,False,0.3696214928596068,0
39,212,False,0.2207809777676418,0
39,213,False,0.0907414859941739,0
39,214,False,0.4262985613707276,0
39,215,False,0.3076570372812911,0
39,216,False,0.0868688695425104,0
39,217,False,0.3198826790647721,0
39,218,False,0.1724594545811701,0
39,219,False,0.5236077465948994,0
39,220,False,0.144113060499894,0
39,221,False,0.4369016405600799,0
39,222,False,0.5620366156958401,0
39,223,False,0.2038808086447868,0
39,224,False,0.2652600697023149,0
39,225,False,0.342996453032718,0
39,226,False,0.3081745146780117,0
39,227,False,0.0784764086339576,0
39,228,False,0.2041784285394985,0
39,229,False,0.4675748017124985,0
39,230,False,0.2244438821429141,0
39,231,False,0.5642742600782021,0
39,232,False,0.4583638031993273,0
39,233,False,0.2287323521569573,0
39,234,False,0.1941625323271394,0
39,235,False,0.1140487847503583,0
39,236,False,0.1188638980722389,0
39,237,False,0.224300325608497,0
39,238,False,0.1748455929095408,0
39,239,False,0.2381018443075495,0
39,240,False,0.4379433493911621,0
39,241,False,0.3050820962749862,0
39,242,False,0.4110151238583872,0
39,243,False,0.2384113862023676,0
39,244,False,0.3055585620380799,0
39,245,False,0.2243119866738172,0
39,246,False,0.2283035041843001,0
39,247,False,0.601389322500987,0
39,248,False,0.1861016376343618,0
39,249,False,0.3322376533914182,0
39,250,False,0.1535906531023021,0
39,251,True,0.5895945688191788,0
39,252,False,0.1360111358496654,0
39,253,False,0.1452923245069306,0
39,254,False,0.4696325075583425,0
39,255,False,0.3470548878739906,0
39,256,False,0.2243778179558153,0
39,257,False,0.380680807328598,0
39,258,False,0.2527384697197175,0
39,259,False,0.1918417920208668,0
39,260,False,0.217770879130423,0
39,261,False,0.5469541833338392,0
39,262,False,0.4320278193633133,0
39,263,False,0.337528941637207,0
39,264,False,0.2801225539599779,0
39,265,False,0.2046927163646063,0
39,266,False,0.1978288911575661,0
39,267,False,0.4200987516052237,0
39,268,False,0.0945684310647346,0
39,269,False,0.0683369109310005,0
39,270,False,0.3733711511916154,0
39,271,False,0.1814974593978298,0
39,272,False,0.4688203508208859,0
39,273,False,0.4418376196321603,0
39,274,False,0.2731195652421582,0
39,275,False,0.4417392325829916,0
39,276,False,0.4514994659346463,0
39,277,False,0.5143025110676812,0
39,278,False,0.1984804228376855,0
39,279,False,0.0562449592429087,0
39,280,False,0.0130969161112021,0
39,281,False,0.4422153449338335,0
39,282,False,0.2563288233480382,0
39,283,False,0.1200803715075963,0
39,284,False,0.2906548683413762,0
39,285,False,0.248426499061781,0
39,286,False,0.273114962563885,0
39,287,False,0.2310327453733966,0
39,288,False,0.3977583849607771,0
39,289,False,0.1228099507461072,0
39,290,False,0.2443124657062036,0
39,291,False,0.1690550311731764,0
39,292,False,0.3630143517577401,0
39,293,False,0.1593915793032425,0
39,294,False,0.0980124610961424,0
39,295,False,0.325874443929199,0
39,296,False,0.3065108052415546,0
39,297,False,0.0767121836501658,0
39,298,False,0.4728620841435421,0
39,299,False,0.3157011011273116,0
39,300,False,0.2063096419420389,0
39,301,False,0.0386729386542437,0
39,302,False,0.4168670056078366,0
39,303,False,0.3052640817200645,0
39,304,False,0.360409463644948,0
39,305,False,0.3196523721264053,0
39,306,False,0.0603920315480385,0
39,307,False,0.2176756192715158,0
39,308,False,0.4233910425225104,0
39,309,False,0.0857535961606485,0
39,310,False,0.241142100263168,0
39,311,False,0.1068213695009309,0
39,312,False,0.3939974320667165,0
39,313,False,0.2557226333708657,0
39,314,False,0.3840811292272226,0
39,315,False,0.3661458059524538,0
39,316,False,0.5816434885743039,0
39,317,False,0.5621775612709531,0
39,318,False,0.0884444403006964,0
39,319,False,0.3446235300029249,0
39,320,False,0.6095654722173228,0
39,321,False,0.3141309765261968,0
39,322,False,0.6479463612947148,0
39,323,False,0.2265019195492524,0
39,324,False,0.4532267059451018,0
39,325,False,0.5996218506997747,0
39,326,False,0.1362318623539835,0
39,327,False,0.2361379497655822,0
39,328,False,0.6046614565204121,0
39,329,False,0.2920487185984639,0
39,330,False,0.4004222737895427,0
39,331,False,0.4507710944195557,0
39,332,False,0.1848018664101324,0
39,333,False,0.4101929338053977,0
39,334,False,0.34973434990572,0
39,335,False,0.1756191969893639,0
39,336,False,0.2052622268743936,0
39,337,False,0.6085560017364287,0
39,338,False,0.141658770535373,0
39,339,False,0.43593946275941,0
39,340,False,0.3082365330185971,0
39,341,False,0.4550063988010734,0
39,342,False,0.4275490847618506,0
39,343,False,0.2781861683282088,0
39,344,False,0.1852405523576611,0
39,345,False,0.5553171992560851,0
39,346,False,0.5031820579410835,0
39,347,False,0.3218467203585847,0
39,348,False,0.2940375021670958,0
39,349,False,0.1254493851034331,0
39,350,False,0.4444012505601111,0
39,351,False,0.5757688148776429,0
39,352,False,0.1238108655661201,0
39,353,False,0.1417424749206275,0
39,354,False,0.1872751990226918,0
39,355,False,0.1912672864319361,0
39,356,False,0.2750086185191396,0
39,357,False,0.2594732652222252,0
39,358,False,0.1160173375309619,0
39,359,False,0.5878548997680135,0
39,360,False,0.141844276079871,0
39,361,False,0.2670940915387836,0
39,362,False,0.1693494018369503,0
39,363,False,0.5051295998717548,0
39,364,False,0.2152263011559128,0
39,365,False,0.3026792843884116,0
39,366,False,0.6043368946581595,0
39,367,False,0.2264428247113664,0
39,368,False,0.3300102349170474,0
39,369,False,0.1552676357183774,0
39,370,False,0.2640383541633144,0
39,371,False,0.3870555710169233,0
39,372,False,0.1219581579427709,0
39,373,False,0.2307343681279402,0
39,374,False,0.3374328449762505,0
39,375,False,0.0724104629791323,0
39,376,False,0.3782207354851397,0
39,377,False,0.3194343997975769,0
39,378,False,0.1972597201780969,0
39,379,False,0.287172100514021,0
39,380,False,0.6008221918617068,0
39,381,False,0.0971226057228562,0
39,382,False,0.2750073539162113,0
39,383,False,0.5045933992123101,0
39,384,False,0.1595183596132539,0
39,385,False,0.2144434659745125,0
39,386,False,0.4631573276497399,0
39,387,False,0.278102406698222,0
39,388,False,0.185040538482732,0
39,389,False,0.1145555589074245,0
39,390,False,0.4228950555098883,0
39,391,False,0.6440679634524121,0
39,392,False,0.3083255266751108,0
39,393,False,0.4105774245043222,0
39,394,False,0.1960542058844075,0
39,395,False,0.1388747735087824,0
39,396,False,0.0985267612391955,0
39,397,False,0.3672611312390035,0
39,398,False,0.5073793345737749,0
39,399,False,0.2364619685412546,0
39,400,False,0.4056361401586,0
39,401,False,0.2649097709889378,0
39,402,False,0.3808117943964557,0
39,403,False,0.2253317470448952,0
39,404,False,0.0451536951706062,0
39,405,False,0.1643660328395617,0
39,406,False,0.1914306997277393,0
39,407,False,0.2616461141449531,0
39,408,False,0.3563937219389386,0
39,409,False,0.0807393667249193,0
39,410,False,0.1084574754788678,0
39,411,False,0.2455266465423252,0
39,412,False,0.5453972463065507,0
39,413,False,0.3355411391283527,0
39,414,False,0.1119325748862738,0
39,415,False,0.0786186195421999,0
39,416,False,0.2232495599779229,0
39,417,False,0.2393448930531098,0
39,418,False,0.4691650839986767,0
39,419,False,0.1093010128782776,0
39,420,False,0.350841738423868,0
39,421,False,0.1147332768168895,0
39,422,False,0.5209560844968074,0
39,423,False,0.4629191165410449,0
39,424,False,0.4458084306295856,0
39,425,False,0.4507456473585096,0
39,426,False,0.207768701685737,0
39,427,False,0.5530846398930729,0
39,428,False,0.2414057853315312,0
39,429,False,0.3521991446239845,0
39,430,False,0.5623335554103934,0
39,431,False,0.066028107172517,0
39,432,False,0.4780103627939779,0
39,433,False,0.3619557421910525,0
39,434,False,0.4016190764260652,0
39,435,False,0.1447690887902211,0
39,436,False,0.1485361833971406,0
39,437,False,0.2673122822770018,0
39,438,False,0.2665058948831771,0
39,439,False,0.2016844401116823,0
39,440,False,0.5191348577625704,0
39,441,False,0.0125769688314679,0
39,442,False,0.230059532111924,0
39,443,False,0.0891624767452996,0
39,444,False,0.5437183231209585,0
39,445,False,0.3380641675028336,0
39,446,False,0.2209937767876525,0
39,447,False,0.1223216696690601,0
39,448,False,0.327157746156919,0
39,449,False,0.0999748268202887,0
39,450,False,0.3375920398739411,0
39,451,False,0.5828544730774738,0
39,452,False,0.5490326088038333,0
39,453,False,0.1444002153105774,0
39,454,False,0.5397886850088234,0
39,455,False,0.0491039142380159,0
39,456,False,0.2269298672078842,0
39,457,False,0.1507116244682386,0
39,458,False,0.0397742668078514,0
39,459,False,0.4199586775519187,0
39,460,False,0.4703209324057288,0
39,461,False,0.4593225624256609,0
39,462,False,0.2928697416440324,0
39,463,False,0.3253208111970423,0
39,464,False,0.608299740483025,0
39,465,False,0.227995917813659,0
39,466,False,0.3285833899501695,0
39,467,False,0.188908839828141,0
39,468,False,0.4759491652842039,0
39,469,False,0.4619524675485082,0
39,470,False,0.3355219672420451,0
39,471,False,0.2913305263540643,0
39,472,False,0.3010360813901332,0
39,473,False,0.3271906689077269,0
39,474,False,0.0676409928670715,0
39,475,False,0.3328039645201829,0
39,476,False,0.5689403837780267,0
39,477,False,0.1687368232740908,0
39,478,False,0.3234785077429782,0
39,479,False,0.2595142364225923,0
39,480,False,0.2107341076181594,0
39,481,False,0.4454389315848823,0
39,482,False,0.1925251778170265,0
39,483,False,0.4215730229751968,0
39,484,False,0.3147556062634345,0
39,485,False,0.089175148068904,0
39,486,False,0.1813974974553684,0
39,487,False,0.2888520759798477,0
39,488,False,0.1912204640490106,0
39,489,False,0.254632025981011,0
39,490,False,0.2626091579593145,0
39,491,False,0.1868577020761625,0
39,492,False,0.1235656832485277,0
39,493,False,0.3590902667010948,0
39,494,False,0.0072479127321231,0
39,495,False,0.2254122917396397,0
39,496,False,0.3682584032090778,0
39,497,False,0.4700537573475749,0
39,498,False,0.2334079593854568,0
39,499,False,0.604550623924786,0
39,500,False,0.1116182558215075,0
39,501,False,0.2918006363881575,0
39,502,False,0.2436788503320043,0
39,503,False,0.0911729007382388,0
39,504,False,0.3423826121689441,0
39,505,False,0.2613583638874165,0
39,506,False,0.1054542174997974,0
39,507,False,0.3394195895177768,0
39,508,False,0.0667440465050857,0
39,509,False,0.3948447858495602,0
39,510,False,0.1701597344690188,0
39,511,True,0.6912093386389426,0
39,512,False,0.1701650430716366,0
39,513,False,0.259658072094199,0
39,514,False,0.3408592494335257,0
39,515,False,0.1936145912070428,0
39,516,False,0.4421189571746821,0
39,517,False,0.2918146343826823,0
39,518,False,0.0431616328618451,0
39,519,False,0.0852628517039114,0
39,520,False,0.4737658354893495,0
39,521,False,0.2739533039710695,0
39,522,False,0.2373952074488494,0
39,523,False,0.2670788820929144,0
39,524,False,0.1034879707346583,0
39,525,False,0.2279511321623418,0
39,526,False,0.2627333305254055,0
39,527,False,0.6891140409001313,0
39,528,False,0.2505649400674639,0
39,529,False,0.2446496929766223,0
39,530,False,0.2767384149382149,0
39,531,False,0.2722051205048573,0
39,532,False,0.2299484569093162,0
39,533,False,0.4257053209843408,0
39,534,False,0.2227111874163941,0
39,535,False,0.4773689304451496,0
39,536,False,0.2310129865169898,0
39,537,False,0.4314435361946498,0
39,538,False,0.3868797602101907,0
39,539,False,0.208678135078325,0
39,540,False,0.0900249981999672,0
39,541,False,0.6038569167009646,0
39,542,False,0.2265233252301209,0
39,543,False,0.3042970610133372,0
39,544,False,0.1646258613749868,0
39,545,False,0.1823972362349482,0
39,546,False,0.4766491048877699,0
39,547,False,0.5264086385938195,0
39,548,False,0.3609203123415569,0
39,549,False,0.2509553296201303,0
39,550,False,0.3835316726535463,0
39,551,False,0.1959117186620537,0
39,552,False,0.2976150813463317,0
39,553,False,0.1323735027451481,0
39,554,False,0.126311680440905,0
39,555,False,0.3547665226580853,0
39,556,False,0.3219807096428471,0
39,557,False,0.310809260614259,0
39,558,False,0.2266135263526242,0
39,559,False,0.3116613226660596,0
39,560,False,0.1721735905143979,0
39,561,False,0.0414669752128248,0
39,562,False,0.2761974130074415,0
39,563,False,0.094253560316938,0
39,564,False,0.4118445340829866,0
39,565,False,0.5157009792685964,0
39,566,False,0.6342283268293691,0
39,567,False,0.2717021731900056,0
39,568,False,0.1611555559536509,0
39,569,False,0.3019616530585536,0
39,570,False,0.2474761658633007,0
39,571,False,0.2773672197869529,0
39,572,False,0.4722249959604593,0
39,573,False,0.2190395136759253,0
39,574,False,0.2513040412624526,0
39,575,False,0.1344989142255937,0
39,576,False,0.2575375190463321,0
39,577,False,0.5758311543371692,0
39,578,False,0.1747889880746776,0
39,579,False,0.4404393990716352,0
39,580,False,0.239968723155057,0
39,581,False,0.4457504855829945,0
39,582,False,0.4181457323941839,0
39,583,False,0.1247787246488094,0
39,584,False,0.4135696874278296,0
39,585,False,0.0855221607194543,0
39,586,False,0.102384952851844,0
39,587,False,0.2285050887405005,0
39,588,False,0.5466614162505907,0
39,589,False,0.3510850322437097,0
39,590,False,0.1394105760462668,0
39,591,False,0.0536995154899485,0
39,592,False,0.3806987361056626,0
39,593,False,0.2794224044294483,0
39,594,False,0.3066911814390244,0
39,595,False,0.3430330836467324,0
39,596,False,0.476114544370721,0
39,597,False,0.2554704259647891,0
39,598,False,0.5012006017832084,0
39,599,False,0.154006662960799,0
39,600,False,0.0632323404051646,0
39,601,False,0.4483454588827538,0
39,602,False,0.1099758633977806,0
39,603,False,0.2998031027074426,0
39,604,False,0.5363077304756033,0
39,605,False,0.0670542699936395,0
39,606,False,0.3373425781481131,0
39,607,False,0.0616375155621336,0
39,608,False,0.2669105924136806,0
39,609,False,0.0146819331277921,0
39,610,False,0.0929129012701737,0
39,611,False,0.1620845901138898,0
39,612,False,0.0555877186492738,0
39,613,False,0.3628731421368042,0
39,614,False,0.326185553069642,0
39,615,False,0.5516768599767246,0
39,616,False,0.1099186560623747,0
39,617,False,0.2171848103951794,0
39,618,False,0.0782209788311515,0
39,619,False,0.1767688055025618,0
39,620,True,0.5954379734962468,0
39,621,False,0.3971726866093809,0
39,622,False,0.1055672064555032,0
39,623,False,0.0311859105555057,0
39,624,False,0.0279579619790819,0
39,625,False,0.3679765943353593,0
39,626,False,0.159129571300425,0
39,627,True,0.7380869638355531,0
39,628,False,0.2436991769678001,0
39,629,False,0.170977740591307,0
39,630,False,0.0807239819987891,0
39,631,False,0.4477791997522805,0
39,632,False,0.197351654715525,0
39,633,False,0.2614729695537015,0
39,634,False,0.2791904822094437,0
39,635,False,0.2492464228769708,0
39,636,False,0.3888004532026781,0
39,637,False,0.0898309777348184,0
39,638,False,0.2393537041475697,0
39,639,False,0.2004520499405746,0
39,640,False,0.4009969437535314,0
39,641,False,0.4674355152035755,0
39,642,False,0.1279157924541819,0
39,643,False,0.403734941984525,0
39,644,False,0.0894865576156005,0
39,645,False,0.2478156639906327,0
39,646,False,0.26449203451846,0
39,647,False,0.4549932251283338,0
39,648,False,0.3895079338725103,0
39,649,False,0.0971817728565808,0
39,650,False,0.3828986050331805,0
39,651,False,0.297838427885603,0
39,652,False,0.5903979088514874,0
39,653,False,0.1760983318750708,0
39,654,False,0.2144134952920709,0
39,655,False,0.6204682337798468,0
39,656,False,0.4872331449600042,0
39,657,False,0.0962069245149607,0
39,658,False,0.2496558034719668,0
39,659,False,0.341237799092246,0
39,660,False,0.4009150563139554,0
39,661,False,0.1179359076194324,0
39,662,True,0.5572754113921149,0
39,663,False,0.0629427880187678,0
39,664,False,0.1229522065476816,0
39,665,False,0.5302969759506505,0
39,666,False,0.2709993961105075,0
39,667,False,0.2770890275188418,0
39,668,False,0.301184192228817,0
39,669,False,0.1401494015576146,0
39,670,False,0.0737337849011167,0
39,671,False,0.3291565105170932,0
39,672,False,0.359768584824016,0
39,673,False,0.3097774732702404,0
39,674,False,0.180350414287884,0
39,675,False,0.1104932580161498,0
39,676,False,0.2268526189451653,0
39,677,True,0.6389059701703222,0
39,678,False,0.2431391535156832,0
39,679,False,0.2159680460480785,0
39,680,False,0.2485571743584797,0
39,681,False,0.2374704597128737,0
39,682,False,0.5319284493276698,0
39,683,False,0.3904389243462244,0
39,684,False,0.1697375890428857,0
39,685,False,0.204026175015018,0
39,686,False,0.2549263267105989,0
39,687,False,0.2890608269629373,0
39,688,False,0.1407896901376907,0
39,689,False,0.1884686348827569,0
39,690,False,0.5651992012277928,0
39,691,False,0.5441384134079766,0
39,692,False,0.2074958132489381,0
39,693,False,0.1937947313120766,0
39,694,False,0.3917365978571069,0
39,695,False,0.0549042835324885,0
39,696,False,0.513200034727355,0
39,697,False,0.1680138488305095,0
39,698,False,0.3498451382963249,0
39,699,False,0.0647089915680699,0
39,700,False,0.3992098512519557,0
39,701,False,0.3602074853627584,0
39,702,False,0.3368158164406375,0
39,703,False,0.1256675155755714,0
39,704,False,0.186745643052941,0
39,705,False,0.3090542956810058,0
39,706,False,0.1611047165510067,0
39,707,False,0.156019393834899,0
39,708,False,0.4891720840330514,0
39,709,False,0.0405952160464261,0
39,710,False,0.5013100171730703,0
39,711,False,0.125480123667906,0
39,712,False,0.3783262469877855,0
39,713,False,0.3222129037148611,0
39,714,False,0.1213622535720952,0
39,715,False,0.164766719941082,0
39,716,False,0.4210690230658028,0
39,717,False,0.2230656431040991,0
39,718,True,0.7475416808203147,0
39,719,False,0.1765326311521286,0
39,720,False,0.1693998756977423,0
39,721,False,0.1012367631091599,0
39,722,False,0.1552197678852778,0
39,723,False,0.2516719879928031,0
39,724,False,0.6988438963940432,0
39,725,False,0.1628761947287865,0
39,726,False,0.035861074519571,0
39,727,False,0.1868926162656133,0
39,728,False,0.2802197590789023,0
39,729,False,0.5039853388745347,0
39,730,False,0.2905356993774629,0
39,731,False,0.2137032540043945,0
39,732,False,0.1742040407701023,0
39,733,False,0.3991960073625363,0
39,734,False,0.2659319496638474,0
39,735,False,0.4020401338219225,0
39,736,False,0.1054043592980552,0
39,737,False,0.1896220786800948,0
39,738,False,0.3548328182831716,0
39,739,False,0.0785174307392475,0
39,740,False,0.123504889954708,0
39,741,False,0.2413778454503063,0
39,742,False,0.4688543103047804,0
39,743,False,0.5491671814360513,0
39,744,False,0.1320866566288173,0
39,745,False,0.2989363140201345,0
39,746,False,0.5146805029932751,0
39,747,False,0.4008971368260078,0
39,748,False,0.2842255949831302,0
39,749,False,0.317544110113382,0
39,750,False,0.1384834698703489,0
39,751,False,0.2009712364540103,0
39,752,False,0.2418896431622072,0
39,753,False,0.2295611941890383,0
39,754,False,0.2156860757163646,0
39,755,False,0.1231095801822028,0
39,756,False,0.5160624858560737,0
39,757,False,0.2623139249573352,0
39,758,False,0.2309942687514944,0
39,759,False,0.0959512859344814,0
39,760,False,0.340353357371217,0
39,761,False,0.1569467002743433,0
39,762,False,0.1620025771710848,0
39,763,False,0.1945993531314553,0
39,764,False,0.3889033363849212,0
39,765,False,0.3240072686151163,0
39,766,False,0.0569606868617727,0
39,767,False,0.5068443274386882,0
39,768,False,0.3043925052678168,0
39,769,False,0.2972452247392276,0
39,770,False,0.1367056096153261,0
39,771,False,0.4491401171221709,0
39,772,False,0.2518147960573942,0
39,773,False,0.1695139260731264,0
39,774,False,0.0801464927057364,0
39,775,False,0.2325370523553835,0
39,776,False,0.4841625365767797,0
39,777,False,0.1693257626556566,0
39,778,False,0.0747789270014016,0
39,779,False,0.1852423234921943,0
39,780,False,0.1679635137045052,0
39,781,False,0.2763354949660545,0
39,782,False,0.1309785515470798,0
39,783,False,0.1542500262093677,0
39,784,False,0.0899353835301188,0
39,785,False,0.3465590425511273,0
39,786,False,0.1649902537464189,0
39,787,False,0.1454381844637113,0
39,788,False,0.451163889216197,0
39,789,False,0.5292063498589319,0
39,790,False,0.3771771971387949,0
39,791,False,0.4977153092263308,0
39,792,False,0.4231845666292447,0
39,793,False,0.2173364748969555,0
39,794,False,0.1054974346874186,0
39,795,False,0.177115816076833,0
39,796,False,0.1560104234247701,0
39,797,False,0.3583027272484148,0
39,798,False,0.2382117203777517,0
39,799,False,0.0444376371349206,0
39,800,False,0.1774341564063493,0
39,801,False,0.0810503458688375,0
39,802,False,0.2332597297899884,0
39,803,False,0.4563029734443914,0
39,804,False,0.1109951227085874,0
39,805,False,0.524107383079782,0
39,806,False,0.2494485341513156,0
39,807,False,0.3576596696917246,0
39,808,False,0.1411241998676989,0
39,809,False,0.2562193556155805,0
39,810,False,0.5239791499617252,0
39,811,False,0.4819498063691885,0
39,812,False,0.2639644320402215,0
39,813,False,0.223514158884564,0
39,814,False,0.2764270470816738,0
39,815,False,0.321129255341407,0
39,816,False,0.557406885681536,0
39,817,False,0.1621890861748199,0
39,818,False,0.154807479392052,0
39,819,False,0.2096039228273493,0
39,820,False,0.1068665371877108,0
39,821,False,0.36441921405229,0
39,822,False,0.069854215232803,0
39,823,False,0.5752524381494896,0
39,824,False,0.2816515588456469,0
39,825,False,0.3794411536939451,0
39,826,False,0.0456596310029253,0
39,827,False,0.3907392159198113,0
39,828,False,0.3259029406210039,0
39,829,False,0.3450841502829877,0
39,830,False,0.2370136739010705,0
39,831,False,0.4243518655493258,0
39,832,False,0.1288120009908881,0
39,833,False,0.3299114686361586,0
39,834,False,0.0667555305661823,0
39,835,False,0.1057107830323264,0
39,836,False,0.5357995621053333,0
39,837,False,0.1595713437757506,0
39,838,False,0.1228798987176632,0
39,839,False,0.3099564477393267,0
39,840,False,0.5006741240171694,0
39,841,False,0.1925333812435086,0
39,842,False,0.6798139772747849,0
39,843,False,0.1658069239561412,0
39,844,False,0.445325731706341,0
39,845,False,0.2871034665903474,0
39,846,False,0.2051521024846308,0
39,847,False,0.3569482999794101,0
39,848,False,0.0872053159749631,0
39,849,False,0.23791157291652,0
39,850,False,0.2125906368597829,0
39,851,False,0.3380474712276761,0
39,852,False,0.2905275608427198,0
39,853,False,0.3479181328972756,0
39,854,False,0.4221996077051169,0
39,855,False,0.2424964231836355,0
39,856,False,0.3024763373927353,0
39,857,False,0.5685546252018754,0
39,858,False,0.2939324011203272,0
39,859,False,0.2371806947234474,0
39,860,False,0.4348483136027772,0
39,861,False,0.2476647534198212,0
39,862,False,0.5915252921662858,0
39,863,False,0.4941427378687356,0
39,864,False,0.1927509224419929,0
39,865,False,0.215708580571228,0
39,866,False,0.4548274324248505,0
39,867,False,0.432033472949111,0
39,868,False,0.4727380263938699,0
39,869,False,0.2538973946761992,0
39,870,False,0.2857213617632627,0
39,871,False,0.2317922806044498,0
39,872,False,0.2332041462800099,0
39,873,False,0.1697303259220881,0
39,874,False,0.4915121741124872,0
39,875,False,0.3319587751508012,0
39,876,False,0.3427031340245881,0
39,877,False,0.4732074603715058,0
39,878,False,0.057826174727944,0
39,879,False,0.3342823374545915,0
39,880,False,0.5055663733930453,0
39,881,False,0.1092677169367234,0
39,882,False,0.476371862104171,0
39,883,False,0.3351520189164386,0
39,884,False,0.3113112656037834,0
39,885,False,0.3156514521042243,0
39,886,False,0.1342593059642669,0
39,887,False,0.0426125165402731,0
39,888,False,0.4402492515093427,0
39,889,False,0.1195934956640864,0
39,890,False,0.2000779313230957,0
39,891,True,0.7007817975708072,0
39,892,False,0.2817555447671213,0
39,893,False,0.3492651154755515,0
39,894,False,0.183486628129589,0
39,895,False,0.5023166737897836,0
39,896,False,0.0624500784100217,0
39,897,False,0.4354437700393007,0
39,898,False,0.0920630148030118,0
39,899,False,0.6257518883853295,0
39,900,False,0.3770081169472025,0
39,901,False,0.1271719790497805,0
39,902,False,0.2743528735631583,0
39,903,False,0.3825666156869312,0
39,904,False,0.1784396198271592,0
39,905,False,0.2162905367743838,0
39,906,False,0.5209740341645329,0
39,907,False,0.279074004926693,0
39,908,False,0.4849887995749727,0
39,909,False,0.3481128642195799,0
39,910,False,0.3776973082787966,0
39,911,False,0.4552676384890686,0
39,912,False,0.564636774420852,0
39,913,False,0.1352549552408208,0
39,914,False,0.4189062970344011,0
39,915,True,0.6277239733678208,0
39,916,False,0.4233062618932802,0
39,917,False,0.3242865327317485,0
39,918,False,0.5237323534287259,0
39,919,False,0.6843643932117193,0
39,920,False,0.3592652758898438,0
39,921,False,0.3939614324212918,0
39,922,False,0.3799956547644613,0
39,923,False,0.0841743365393104,0
39,924,False,0.4372271147397712,0
39,925,False,0.0941077935758852,0
39,926,False,0.3982612864989766,0
39,927,False,0.0776550664575109,0
39,928,False,0.1282124549316295,0
39,929,False,0.2142506430565661,0
39,930,False,0.1898088523955465,0
39,931,False,0.449549690409468,0
39,932,False,0.2340831361350911,0
39,933,False,0.1004746869111375,0
39,934,False,0.1752910699720822,0
39,935,False,0.3112062459089998,0
39,936,False,0.3072581434169985,0
39,937,False,0.3162298390616307,0
39,938,False,0.4493230296578294,0
39,939,False,0.4992607592612914,0
39,940,False,0.3797328747609579,0
39,941,False,0.2587951204847887,0
39,942,False,0.217206502029108,0
39,943,False,0.6337271424536701,0
39,944,False,0.3024225452045582,0
39,945,False,0.353243831536729,0
39,946,False,0.1960088011812329,0
39,947,False,0.194604146338236,0
39,948,False,0.1201659626916901,0
39,949,False,0.2881738348704263,0
39,950,False,0.1945107684338112,0
39,951,False,0.2219017467003496,0
39,952,False,0.4924424140581507,0
39,953,False,0.0850659978225831,0
39,954,False,0.1707846803550596,0
39,955,False,0.3275299415979275,0
39,956,False,0.3146017534698956,0
39,957,False,0.5591300431761457,0
39,958,False,0.0569074657411333,0
39,959,False,0.5215862971395819,0
39,960,False,0.1109111744624726,0
39,961,False,0.2265228453079547,0
39,962,False,0.0823237952883983,0
39,963,False,0.0203376211117979,0
39,964,False,0.515099224706211,0
39,965,False,0.1524295832997067,0
39,966,False,0.401561690342304,0
39,967,False,0.1934741652155991,0
39,968,True,0.5676055160091945,0
39,969,False,0.207457529958512,0
39,970,False,0.2430327927543291,0
39,971,False,0.1686796225990403,0
39,972,False,0.1197872134843499,0
39,973,False,0.4281637369757693,0
39,974,False,0.2805328520070296,0
39,975,False,0.0255304591814648,0
39,976,False,0.5758838933798938,0
39,977,False,0.2466749134265328,0
39,978,False,0.1265914119379539,0
39,979,False,0.076905262823075,0
39,980,False,0.1317865994756037,0
39,981,False,0.3423522504030944,0
39,982,False,0.4422870444385288,0
39,983,False,0.2290208014335576,0
39,984,True,0.8133424050014515,0
39,985,False,0.2079234242657764,0
39,986,False,0.2608344425937606,0
39,987,False,0.1095262841662347,0
39,988,False,0.2508512520003949,0
39,989,False,0.4615262690501316,0
39,990,False,0.6224521206393593,0
39,991,False,0.3984798933684013,0
39,992,False,0.0587343222846886,0
39,993,False,0.0996858624336007,0
39,994,False,0.0587453867701584,0
39,995,False,0.1404948127964428,0
39,996,False,0.1813561796987826,0
39,997,False,0.1207732276954052,0
39,998,False,0.3803905055871858,0
39,999,False,0.115508747068787,0
