day,agent_id,mask_wearing_status,risk_perception,social_influence,cluster_id,age,occupation
30,0,False,0.3536766572335658,0.0,1,41,Blue Collar
30,1,True,0.2485580660782393,0.0,1,3,Blue Collar
30,2,False,0.4159590873381714,0.018287166299997715,2,13,Student
30,3,False,0.1599675758099919,0.0,2,38,Student
30,4,True,0.5502830780616322,0.16080714467964335,0,58,White Collar
30,5,False,0.110945287593398,0.0,1,19,Blue Collar
30,6,True,0.5098966417920571,0.0,2,27,Student
30,7,False,0.1772703794727445,0.0,0,21,White Collar
30,8,False,0.1982904719133444,0.0,1,27,Blue Collar
30,9,False,0.3762367882135499,0.0,2,31,Student
30,10,False,0.5434668040445325,0.0077562605039914745,0,52,White Collar
30,11,False,0.0847637629426502,0.0,1,7,Blue Collar
30,12,False,0.3579287927839609,0.0,0,44,White Collar
30,13,True,0.2733207739503824,0.0,0,46,White Collar
30,14,True,0.1343761410948502,0.0,1,40,Blue Collar
30,15,False,0.3532548500048075,0.0,2,7,Student
30,16,False,0.1327901214327579,0.0,1,80,Blue Collar
30,17,True,0.326434368425168,0.0,1,48,Blue Collar
30,18,False,0.1658104012585459,0.0,2,21,Student
30,19,True,0.207734214505591,0.0,2,51,Student
30,20,False,0.2634084880828478,0.0,0,61,White Collar
30,21,False,0.3900143303664891,0.0,0,36,White Collar
30,22,True,0.1536454700072753,0.0,0,37,White Collar
30,23,False,0.3055023511983206,0.0,0,98,White Collar
30,24,True,0.203313881265596,0.0,1,45,Blue Collar
30,25,False,0.1838768760882306,0.0,0,21,White Collar
30,26,True,0.3678240872354807,0.0,3,27,Retired
30,27,False,0.2020967664638769,0.0,1,3,Blue Collar
30,28,False,0.1863395045288194,0.0,0,39,White Collar
30,29,False,0.2835202997539891,0.0,3,0,Retired
30,30,True,0.1003993030662121,0.0,1,35,Blue Collar
30,31,False,0.207729389165234,0.0,1,9,Blue Collar
30,32,False,0.3096377073595142,0.0,1,11,Blue Collar
30,33,False,0.0443858001226034,0.0,3,57,Retired
30,34,False,0.1245792134455452,0.0,3,22,Retired
30,35,True,0.2110033201581862,0.0,2,50,Student
30,36,False,0.3581887554246956,0.0,2,21,Student
30,37,True,0.6522422663601021,0.031421671561564946,1,17,Blue Collar
30,38,True,0.1622660260567806,0.0,2,36,Student
30,39,True,0.0694242954698856,0.0,3,47,Retired
30,40,False,0.076848080809821,0.0,0,63,White Collar
30,41,False,0.1744335165862888,0.0,1,55,Blue Collar
30,42,False,0.5434537469656785,0.14670730707892116,0,21,White Collar
30,43,False,0.0616539134466732,0.0,2,26,Student
30,44,False,0.2356865066312641,0.11451661132768876,3,2,Retired
30,45,False,0.3132941266752032,0.0,0,7,White Collar
30,46,False,0.1525833147039861,0.0,0,37,White Collar
30,47,False,0.3868863360183782,0.0,2,32,Student
30,48,False,0.4845897602554896,0.06404138400182718,0,32,White Collar
30,49,False,0.0959387779732849,0.0,2,3,Student
30,50,False,0.3662241584833629,0.04847952421614454,2,44,Student
30,51,False,0.2983728426907024,0.0,2,32,Student
30,52,True,0.2237663665214278,0.0,0,43,White Collar
30,53,False,0.1642916485213648,0.0,1,20,Blue Collar
30,54,True,0.4613858274628866,0.01785253223676586,3,2,Retired
30,55,True,0.0983214607503696,0.0,0,15,White Collar
30,56,True,0.179247512983417,0.0,0,76,White Collar
30,57,True,0.3430187325979972,0.0,0,33,White Collar
30,58,False,0.2746698380360602,0.0,1,58,Blue Collar
30,59,False,0.4432945779277498,0.0,3,6,Retired
30,60,False,0.1327244318952246,0.0,2,29,Student
30,61,True,0.4006430877209991,0.0,2,35,Student
30,62,False,0.3225960385009868,0.093608269560849,2,5,Student
30,63,False,0.2923618255131976,0.0,2,53,Student
30,64,False,0.1135769732526367,0.0,2,38,Student
30,65,False,0.3415589572254627,0.055145149230537815,0,59,White Collar
30,66,True,0.1699958739594175,0.0,2,29,Student
30,67,True,0.8014732049023443,0.0747675527382356,0,50,White Collar
30,68,False,0.1317706240875745,0.0,0,66,White Collar
30,69,False,0.125499659191502,0.0,0,70,White Collar
30,70,True,0.3370138954716539,0.0,1,11,Blue Collar
30,71,False,0.0343986220052017,0.0,0,24,White Collar
30,72,False,0.159377520333094,0.0,0,39,White Collar
30,73,False,0.2615158445906097,0.0,2,40,Student
30,74,True,0.2491194021961276,0.010887125874386894,1,22,Blue Collar
30,75,False,0.0685869246308145,0.0,1,25,Blue Collar
30,76,False,0.4595064072499054,0.23046247023035804,0,49,White Collar
30,77,True,0.5414781386117564,0.1616453907381042,2,69,Student
30,78,True,0.2605960618109315,0.0,0,19,White Collar
30,79,False,0.067535907483785,0.0,1,76,Blue Collar
30,80,False,0.0467688349727268,0.0,2,19,Student
30,81,True,0.127131476580951,0.0,0,45,White Collar
30,82,False,0.3265987258278122,0.0,0,23,White Collar
30,83,True,0.1191248654111389,0.0,1,20,Blue Collar
30,84,True,0.1077670455014623,0.0,0,22,White Collar
30,85,True,0.3246010263074086,0.1103085097163482,1,60,Blue Collar
30,86,True,0.2193544911847561,0.0,3,24,Retired
30,87,False,0.3047922320216946,0.0,2,41,Student
30,88,False,0.403730071467841,0.014208128538326648,1,54,Blue Collar
30,89,False,0.1841289216978105,0.0,2,49,Student
30,90,False,0.2344736594858819,0.09294605889951524,1,20,Blue Collar
30,91,False,0.175068748991844,0.0,0,55,White Collar
30,92,False,0.2673316734797696,0.0,2,48,Student
30,93,False,0.238699744225137,0.0,3,21,Retired
30,94,False,0.3257956107307604,0.10186432149419211,1,53,Blue Collar
30,95,True,0.4434878606676832,0.0,2,19,Student
30,96,True,0.3855671372233749,0.0,2,8,Student
30,97,False,0.0961525816865667,0.0,0,29,White Collar
30,98,False,0.2089847738799713,0.0,2,18,Student
30,99,False,0.1661962342804483,0.0,3,35,Retired
30,100,False,0.2272148735050511,0.0,1,64,Blue Collar
30,101,True,0.4759204964642726,0.014541259136500284,3,40,Retired
30,102,True,0.1158847910316493,0.0,1,44,Blue Collar
30,103,False,0.1718540724955221,0.0,0,32,White Collar
30,104,False,0.2409358088306848,0.05625330368383097,0,25,White Collar
30,105,False,0.1965854535395116,0.0,1,46,Blue Collar
30,106,False,0.1545074012420307,0.0,0,19,White Collar
30,107,False,0.3024753876496196,0.09043507094403314,1,60,Blue Collar
30,108,False,0.2628503990216566,0.0,0,25,White Collar
30,109,True,0.1783854898271363,0.0,1,76,Blue Collar
30,110,False,0.0714033686941217,0.0,0,60,White Collar
30,111,True,0.3680479351839821,0.03193285698996329,0,62,White Collar
30,112,False,0.1650023992108502,0.0,2,1,Student
30,113,False,0.6463769483914986,0.1873090837775846,0,43,White Collar
30,114,True,0.5031230845032987,0.055941917811083985,0,31,White Collar
30,115,False,0.4086469850455971,0.0,1,41,Blue Collar
30,116,False,0.3784719386186747,0.14110102307025751,0,65,White Collar
30,117,True,0.4808171104256128,0.16723398415540724,0,99,White Collar
30,118,False,0.4501527714550122,0.021040860120854765,0,73,White Collar
30,119,True,0.3148546559271867,0.0,0,58,White Collar
30,120,True,0.3458306244455384,0.0,1,60,Blue Collar
30,121,False,0.5386521682270735,0.11843524454879911,0,36,White Collar
30,122,False,0.3061721796943814,0.0,0,55,White Collar
30,123,False,0.145588134244425,0.0,1,65,Blue Collar
30,124,False,0.4518857472364912,0.0,2,33,Student
30,125,False,0.3599374248179245,0.0,1,29,Blue Collar
30,126,False,0.061906433771692,0.0,1,12,Blue Collar
30,127,False,0.2328545928203029,0.0,0,13,White Collar
30,128,False,0.1920824664494293,0.0,0,13,White Collar
30,129,True,0.5199092769591175,0.0,1,67,Blue Collar
30,130,False,0.2201943740399156,0.0,3,19,Retired
30,131,False,0.1377202357514125,0.0,0,32,White Collar
30,132,True,0.471971286182723,0.13910674140893725,0,48,White Collar
30,133,False,0.1588460545173127,0.006229615267932531,0,31,White Collar
30,134,False,0.0596894752708395,0.0,1,24,Blue Collar
30,135,False,0.3408156596522683,0.0,2,100,Student
30,136,False,0.3066486182634088,0.0,2,19,Student
30,137,False,0.2789555071166884,0.0,2,46,Student
30,138,False,0.3288097857207583,0.0,0,29,White Collar
30,139,True,0.4064901896391388,0.24883543842520411,0,32,White Collar
30,140,False,0.3234596782435212,0.2094685821785977,2,17,Student
30,141,False,0.1813428850517404,0.0,1,21,Blue Collar
30,142,False,0.110344420804029,0.0,2,48,Student
30,143,False,0.0626113417445731,0.0,0,4,White Collar
30,144,True,0.3893738659278771,0.0,1,95,Blue Collar
30,145,False,0.2208119923981546,0.0,1,3,Blue Collar
30,146,False,0.1705774606874289,0.0,2,37,Student
30,147,False,0.0676360338470681,0.0,0,53,White Collar
30,148,False,0.2063693713019656,0.0,2,7,Student
30,149,False,0.3587901228827754,0.0,1,60,Blue Collar
30,150,False,0.316899984774653,0.0799956929442116,0,20,White Collar
30,151,True,0.1365637082251592,0.0,1,35,Blue Collar
30,152,False,0.2170837430502517,0.0,2,34,Student
30,153,False,0.1363792431986001,0.0,1,55,Blue Collar
30,154,False,0.0637349304068678,0.0,0,61,White Collar
30,155,True,0.5785716282335199,0.07753177353780305,0,34,White Collar
30,156,False,0.1673754331871321,0.0,1,29,Blue Collar
30,157,False,0.485750585203021,0.04647243464479178,2,14,Student
30,158,False,0.2231288814404552,0.0,0,53,White Collar
30,159,True,0.3734488472849538,0.14318074269063685,2,34,Student
30,160,False,0.3866075694193058,0.0,1,38,Blue Collar
30,161,False,0.2910392925454743,0.0,2,6,Student
30,162,True,0.3584957567261279,0.0,1,26,Blue Collar
30,163,False,0.3688485254461,0.0,2,19,Student
30,164,True,0.4338558481917234,0.0,1,50,Blue Collar
30,165,False,0.0593243266171532,0.0,0,30,White Collar
30,166,False,0.1537383027458395,0.0,0,33,White Collar
30,167,False,0.690927168796683,0.13508534555978485,0,6,White Collar
30,168,False,0.0492709683183529,0.0,2,77,Student
30,169,True,0.1859158401713941,0.0071126586616447884,3,37,Retired
30,170,True,0.2715695031402613,0.0,1,22,Blue Collar
30,171,False,0.3219105263709601,0.14367087999701544,2,28,Student
30,172,False,0.4820942894903152,0.1622193571758962,0,20,White Collar
30,173,True,0.319706275524256,0.0,2,15,Student
30,174,False,0.4916099383257625,0.0,0,34,White Collar
30,175,False,0.1841729708671041,0.0,2,15,Student
30,176,False,0.0293922497739453,0.0,1,37,Blue Collar
30,177,False,0.4383244007111607,0.0,3,18,Retired
30,178,True,0.2201991781916555,0.0,1,36,Blue Collar
30,179,False,0.1272898020531447,0.0,1,48,Blue Collar
30,180,True,0.5623099425360222,0.11303385513408798,1,85,Blue Collar
30,181,False,0.1351692568264888,0.0,2,38,Student
30,182,False,0.1892652527031718,0.0,1,6,Blue Collar
30,183,True,0.2788522124309327,0.0,2,7,Student
30,184,False,0.2584988688589334,0.0,1,14,Blue Collar
30,185,True,0.1713624183536284,0.0,1,9,Blue Collar
30,186,True,0.3902904125361203,0.0,2,40,Student
30,187,True,0.1388409287646581,0.0,1,59,Blue Collar
30,188,True,0.4659217194194351,0.01704326308596954,2,36,Student
30,189,False,0.6157519764816631,0.006715230059561539,2,23,Student
30,190,False,0.3073799210471541,0.0,3,37,Retired
30,191,True,0.3116610941567272,0.0,1,28,Blue Collar
30,192,True,0.1347012643177103,0.0,0,34,White Collar
30,193,True,0.7239031844967967,0.1411250038449982,0,64,White Collar
30,194,False,0.1191002777077864,0.0,0,18,White Collar
30,195,True,0.2853857889201115,0.0,0,49,White Collar
30,196,False,0.514309690041867,0.17130062723387918,1,16,Blue Collar
30,197,False,0.15648979507517,0.0,0,18,White Collar
30,198,True,0.2605575260313472,0.0,0,96,White Collar
30,199,False,0.1398135905354235,0.0,0,46,White Collar
30,200,True,0.388093991336372,0.0,1,31,Blue Collar
30,201,False,0.4641645770320866,0.0,0,29,White Collar
30,202,True,0.1284580477416679,0.0,1,57,Blue Collar
30,203,False,0.0552063959733059,0.0,0,55,White Collar
30,204,False,0.0172791270801268,0.0,1,34,Blue Collar
30,205,False,0.1592498686850636,0.0,2,36,Student
30,206,False,0.2667449952728772,0.0,2,56,Student
30,207,True,0.529692033598347,0.08150809394352143,1,48,Blue Collar
30,208,True,0.3071017670062408,0.0,2,13,Student
30,209,False,0.2504805636294226,0.0,3,95,Retired
30,210,False,0.4035583213875158,0.11390467515867048,0,9,White Collar
30,211,False,0.3696214928596068,0.1343205862706709,2,56,Student
30,212,True,0.2207809777676418,0.0,0,38,White Collar
30,213,False,0.0907414859941739,0.0,1,49,Blue Collar
30,214,True,0.4262985613707276,0.0,0,35,White Collar
30,215,True,0.3076570372812911,0.0,0,59,White Collar
30,216,True,0.0868688695425104,0.0,0,55,White Collar
30,217,False,0.3198826790647721,0.0,0,36,White Collar
30,218,False,0.1724594545811701,0.0,2,63,Student
30,219,False,0.5236077465948994,0.06193669433027649,2,54,Student
30,220,False,0.144113060499894,0.0,0,53,White Collar
30,221,True,0.4369016405600799,0.0,0,45,White Collar
30,222,True,0.5620366156958401,0.25135526980407313,0,37,White Collar
30,223,False,0.2038808086447868,0.0,0,44,White Collar
30,224,False,0.2652600697023149,0.0,1,54,Blue Collar
30,225,True,0.342996453032718,0.0,0,8,White Collar
30,226,True,0.3081745146780117,0.0,1,51,Blue Collar
30,227,False,0.0784764086339576,0.0,1,29,Blue Collar
30,228,False,0.2041784285394985,0.0,2,36,Student
30,229,False,0.4675748017124985,0.0,3,50,Retired
30,230,True,0.2244438821429141,0.0,1,22,Blue Collar
30,231,False,0.5642742600782021,0.14087843290489266,1,5,Blue Collar
30,232,True,0.4583638031993273,0.0,0,1,White Collar
30,233,False,0.2287323521569573,0.0,0,16,White Collar
30,234,False,0.1941625323271394,0.0668699716702123,2,5,Student
30,235,False,0.1140487847503583,0.0,0,48,White Collar
30,236,False,0.1188638980722389,0.0,0,39,White Collar
30,237,False,0.224300325608497,0.0,3,14,Retired
30,238,False,0.1748455929095408,0.0,3,14,Retired
30,239,False,0.2381018443075495,0.0,1,32,Blue Collar
30,240,True,0.4379433493911621,0.0,1,31,Blue Collar
30,241,False,0.3050820962749862,0.0,0,30,White Collar
30,242,True,0.4110151238583872,0.0,0,40,White Collar
30,243,False,0.2384113862023676,0.0,1,65,Blue Collar
30,244,False,0.3055585620380799,0.0,1,56,Blue Collar
30,245,False,0.2243119866738172,0.0,1,48,Blue Collar
30,246,False,0.2283035041843001,0.0,0,60,White Collar
30,247,True,0.601389322500987,0.10531389308719763,1,62,Blue Collar
30,248,True,0.1861016376343618,0.0,0,68,White Collar
30,249,True,0.3322376533914182,0.0,2,23,Student
30,250,False,0.1535906531023021,0.0,2,46,Student
30,251,True,0.5895945688191788,0.06668473132177266,0,52,White Collar
30,252,False,0.1360111358496654,0.0,3,49,Retired
30,253,True,0.1452923245069306,0.0,1,84,Blue Collar
30,254,False,0.4696325075583425,0.0,2,2,Student
30,255,False,0.3470548878739906,0.031045897147148893,1,64,Blue Collar
30,256,False,0.2243778179558153,0.0,0,58,White Collar
30,257,False,0.380680807328598,0.0,2,17,Student
30,258,False,0.2527384697197175,0.0,0,49,White Collar
30,259,False,0.1918417920208668,0.0,1,72,Blue Collar
30,260,False,0.217770879130423,0.0,0,58,White Collar
30,261,True,0.5469541833338392,0.03560728988115225,1,61,Blue Collar
30,262,True,0.4320278193633133,0.0,2,32,Student
30,263,False,0.337528941637207,0.005231725459414083,2,15,Student
30,264,True,0.2801225539599779,0.0,0,31,White Collar
30,265,False,0.2046927163646063,0.0,0,58,White Collar
30,266,True,0.1978288911575661,0.0,1,13,Blue Collar
30,267,False,0.4200987516052237,0.016794705416482092,2,49,Student
30,268,False,0.0945684310647346,0.0,1,26,Blue Collar
30,269,False,0.0683369109310005,0.0,3,58,Retired
30,270,True,0.3733711511916154,0.0,2,8,Student
30,271,True,0.1814974593978298,0.0,2,55,Student
30,272,True,0.4688203508208859,0.002222133605384091,2,41,Student
30,273,False,0.4418376196321603,0.0,2,79,Student
30,274,True,0.2731195652421582,0.0,1,25,Blue Collar
30,275,True,0.4417392325829916,0.20340510634274028,2,60,Student
30,276,False,0.4514994659346463,0.0,0,4,White Collar
30,277,True,0.5143025110676812,0.017604333447579168,2,0,Student
30,278,True,0.1984804228376855,0.0,0,59,White Collar
30,279,False,0.0562449592429087,0.06359471710510578,0,13,White Collar
30,280,False,0.0130969161112021,0.0,0,30,White Collar
30,281,False,0.4422153449338335,0.0,2,38,Student
30,282,False,0.2563288233480382,0.0,0,57,White Collar
30,283,True,0.1200803715075963,0.0,1,15,Blue Collar
30,284,False,0.2906548683413762,0.0,2,14,Student
30,285,False,0.248426499061781,0.0,2,43,Student
30,286,True,0.273114962563885,0.0,0,29,White Collar
30,287,False,0.2310327453733966,0.0,1,35,Blue Collar
30,288,False,0.3977583849607771,0.0,1,61,Blue Collar
30,289,True,0.1228099507461072,0.0,0,47,White Collar
30,290,True,0.2443124657062036,0.0,0,33,White Collar
30,291,False,0.1690550311731764,0.0,1,29,Blue Collar
30,292,True,0.3630143517577401,0.0,2,15,Student
30,293,False,0.1593915793032425,0.0,1,3,Blue Collar
30,294,False,0.0980124610961424,0.0,0,1,White Collar
30,295,False,0.325874443929199,0.0,0,22,White Collar
30,296,True,0.3065108052415546,0.0,1,93,Blue Collar
30,297,False,0.0767121836501658,0.0,0,85,White Collar
30,298,True,0.4728620841435421,0.0,0,40,White Collar
30,299,True,0.3157011011273116,0.07830850852905158,0,36,White Collar
30,300,False,0.2063096419420389,0.0,1,32,Blue Collar
30,301,True,0.0386729386542437,0.0,1,60,Blue Collar
30,302,True,0.4168670056078366,0.0037995523495234496,1,62,Blue Collar
30,303,True,0.3052640817200645,0.0,3,9,Retired
30,304,True,0.360409463644948,0.0,0,4,White Collar
30,305,True,0.3196523721264053,0.0,2,0,Student
30,306,True,0.0603920315480385,0.0,0,33,White Collar
30,307,True,0.2176756192715158,0.0,3,65,Retired
30,308,True,0.4233910425225104,0.0,2,45,Student
30,309,False,0.0857535961606485,0.0,0,49,White Collar
30,310,True,0.241142100263168,0.0,0,54,White Collar
30,311,False,0.1068213695009309,0.0,2,13,Student
30,312,True,0.3939974320667165,0.0,1,35,Blue Collar
30,313,False,0.2557226333708657,0.0,2,38,Student
30,314,True,0.3840811292272226,0.19560684856994587,1,74,Blue Collar
30,315,True,0.3661458059524538,0.0,1,15,Blue Collar
30,316,False,0.5816434885743039,0.09978508193644453,0,26,White Collar
30,317,True,0.5621775612709531,0.21979646471407788,0,43,White Collar
30,318,True,0.0884444403006964,0.0,3,33,Retired
30,319,True,0.3446235300029249,0.0,0,37,White Collar
30,320,True,0.6095654722173228,0.31458633400752534,2,31,Student
30,321,True,0.3141309765261968,0.09041615964175587,0,60,White Collar
30,322,True,0.6479463612947148,0.16703896769719773,1,32,Blue Collar
30,323,True,0.2265019195492524,0.0,2,35,Student
30,324,False,0.4532267059451018,0.0,0,48,White Collar
30,325,False,0.5996218506997747,0.20959590512968662,0,22,White Collar
30,326,False,0.1362318623539835,0.0,1,52,Blue Collar
30,327,True,0.2361379497655822,0.0,2,48,Student
30,328,True,0.6046614565204121,0.17076055372390453,1,4,Blue Collar
30,329,False,0.2920487185984639,0.0,0,15,White Collar
30,330,True,0.4004222737895427,0.0,3,40,Retired
30,331,True,0.4507710944195557,0.0,0,60,White Collar
30,332,False,0.1848018664101324,0.0,2,33,Student
30,333,True,0.4101929338053977,0.0,0,27,White Collar
30,334,True,0.34973434990572,0.0,0,14,White Collar
30,335,False,0.1756191969893639,0.0,1,43,Blue Collar
30,336,True,0.2052622268743936,0.0,0,16,White Collar
30,337,True,0.6085560017364287,0.04405814567645444,0,68,White Collar
30,338,False,0.141658770535373,0.0,1,51,Blue Collar
30,339,True,0.43593946275941,0.0,2,94,Student
30,340,True,0.3082365330185971,0.0,0,21,White Collar
30,341,True,0.4550063988010734,0.30827840168353193,3,33,Retired
30,342,False,0.4275490847618506,0.0,0,52,White Collar
30,343,True,0.2781861683282088,0.0,1,29,Blue Collar
30,344,False,0.1852405523576611,0.0,2,51,Student
30,345,False,0.5553171992560851,0.0,0,50,White Collar
30,346,True,0.5031820579410835,0.0,0,75,White Collar
30,347,True,0.3218467203585847,0.0,0,11,White Collar
30,348,False,0.2940375021670958,0.0,0,45,White Collar
30,349,True,0.1254493851034331,0.13349671030444343,1,31,Blue Collar
30,350,False,0.4444012505601111,0.010631675847163347,2,16,Student
30,351,False,0.5757688148776429,0.07526778660106281,0,19,White Collar
30,352,True,0.1238108655661201,0.0,2,34,Student
30,353,True,0.1417424749206275,0.0,1,9,Blue Collar
30,354,True,0.1872751990226918,0.0,1,64,Blue Collar
30,355,False,0.1912672864319361,0.0,2,38,Student
30,356,True,0.2750086185191396,0.0,1,5,Blue Collar
30,357,False,0.2594732652222252,0.0,3,26,Retired
30,358,False,0.1160173375309619,0.0,2,55,Student
30,359,True,0.5878548997680135,0.002345428887034373,3,96,Retired
30,360,True,0.141844276079871,0.0,3,59,Retired
30,361,True,0.2670940915387836,0.0,0,31,White Collar
30,362,True,0.1693494018369503,0.0,1,6,Blue Collar
30,363,True,0.5051295998717548,0.15899235146592955,0,39,White Collar
30,364,False,0.2152263011559128,0.0,1,99,Blue Collar
30,365,False,0.3026792843884116,0.04259499283186685,0,49,White Collar
30,366,True,0.6043368946581595,0.18664515339403592,3,43,Retired
30,367,False,0.2264428247113664,0.0,3,30,Retired
30,368,False,0.3300102349170474,0.05426770795177521,2,30,Student
30,369,True,0.1552676357183774,0.0,0,19,White Collar
30,370,True,0.2640383541633144,0.0,1,51,Blue Collar
30,371,True,0.3870555710169233,0.06400812677288242,1,34,Blue Collar
30,372,True,0.1219581579427709,0.0,1,55,Blue Collar
30,373,False,0.2307343681279402,0.0,1,6,Blue Collar
30,374,True,0.3374328449762505,0.0,0,57,White Collar
30,375,True,0.0724104629791323,0.0,2,22,Student
30,376,False,0.3782207354851397,0.0,2,55,Student
30,377,True,0.3194343997975769,0.0,2,36,Student
30,378,False,0.1972597201780969,0.0,0,23,White Collar
30,379,True,0.287172100514021,0.0,0,37,White Collar
30,380,False,0.6008221918617068,0.2154174264158602,2,11,Student
30,381,True,0.0971226057228562,0.0,0,35,White Collar
30,382,False,0.2750073539162113,0.0,0,39,White Collar
30,383,True,0.5045933992123101,0.1983334175162581,1,52,Blue Collar
30,384,True,0.1595183596132539,0.0,2,61,Student
30,385,True,0.2144434659745125,0.0,2,45,Student
30,386,True,0.4631573276497399,0.0,1,46,Blue Collar
30,387,False,0.278102406698222,0.0,1,96,Blue Collar
30,388,False,0.185040538482732,0.0,2,14,Student
30,389,False,0.1145555589074245,0.0,0,42,White Collar
30,390,False,0.4228950555098883,0.12130573410842405,0,36,White Collar
30,391,True,0.6440679634524121,0.0,0,50,White Collar
30,392,False,0.3083255266751108,0.0,0,51,White Collar
30,393,True,0.4105774245043222,0.029401576716153843,1,31,Blue Collar
30,394,True,0.1960542058844075,0.0,0,24,White Collar
30,395,True,0.1388747735087824,0.0,0,99,White Collar
30,396,False,0.0985267612391955,0.0,1,32,Blue Collar
30,397,False,0.3672611312390035,0.0,2,29,Student
30,398,False,0.5073793345737749,0.0,1,33,Blue Collar
30,399,True,0.2364619685412546,0.0,0,52,White Collar
30,400,True,0.4056361401586,0.015250995613968366,0,93,White Collar
30,401,True,0.2649097709889378,0.0,1,70,Blue Collar
30,402,False,0.3808117943964557,0.05652855834052223,2,40,Student
30,403,False,0.2253317470448952,0.0,1,62,Blue Collar
30,404,False,0.0451536951706062,0.0,0,11,White Collar
30,405,False,0.1643660328395617,0.0,1,4,Blue Collar
30,406,False,0.1914306997277393,0.0,0,21,White Collar
30,407,True,0.2616461141449531,0.0,0,39,White Collar
30,408,False,0.3563937219389386,0.0,0,5,White Collar
30,409,False,0.0807393667249193,0.05043697661038593,1,27,Blue Collar
30,410,False,0.1084574754788678,0.0,0,38,White Collar
30,411,True,0.2455266465423252,0.0,2,22,Student
30,412,False,0.5453972463065507,0.0,3,14,Retired
30,413,True,0.3355411391283527,0.0,1,86,Blue Collar
30,414,False,0.1119325748862738,0.0,1,28,Blue Collar
30,415,False,0.0786186195421999,0.0,1,63,Blue Collar
30,416,False,0.2232495599779229,0.0,3,22,Retired
30,417,False,0.2393448930531098,0.0,2,34,Student
30,418,False,0.4691650839986767,0.1512195432995012,2,36,Student
30,419,False,0.1093010128782776,0.0,3,12,Retired
30,420,False,0.350841738423868,0.23877934197485318,1,32,Blue Collar
30,421,True,0.1147332768168895,0.0,0,70,White Collar
30,422,False,0.5209560844968074,0.034164467450102376,1,36,Blue Collar
30,423,False,0.4629191165410449,0.0,0,93,White Collar
30,424,False,0.4458084306295856,0.09100742378705845,2,57,Student
30,425,False,0.4507456473585096,0.0,0,26,White Collar
30,426,False,0.207768701685737,0.0,0,43,White Collar
30,427,True,0.5530846398930729,0.06873176052855706,1,23,Blue Collar
30,428,True,0.2414057853315312,0.0,0,5,White Collar
30,429,True,0.3521991446239845,0.0,1,10,Blue Collar
30,430,False,0.5623335554103934,0.2130438066774123,2,41,Student
30,431,False,0.066028107172517,0.0,1,49,Blue Collar
30,432,True,0.4780103627939779,0.24515707114254082,2,39,Student
30,433,False,0.3619557421910525,0.0,3,39,Retired
30,434,False,0.4016190764260652,0.0,0,62,White Collar
30,435,False,0.1447690887902211,0.0,0,46,White Collar
30,436,False,0.1485361833971406,0.0,2,38,Student
30,437,False,0.2673122822770018,0.0,3,30,Retired
30,438,True,0.2665058948831771,0.0,2,36,Student
30,439,False,0.2016844401116823,0.0,2,14,Student
30,440,True,0.5191348577625704,0.2150918314851492,1,31,Blue Collar
30,441,False,0.0125769688314679,0.0,1,76,Blue Collar
30,442,False,0.230059532111924,0.0,1,47,Blue Collar
30,443,False,0.0891624767452996,0.0,1,34,Blue Collar
30,444,False,0.5437183231209585,0.049242646660902945,0,12,White Collar
30,445,True,0.3380641675028336,0.0,2,30,Student
30,446,False,0.2209937767876525,0.0,1,39,Blue Collar
30,447,True,0.1223216696690601,0.017272209861029952,0,3,White Collar
30,448,False,0.327157746156919,0.02410974761710649,0,65,White Collar
30,449,False,0.0999748268202887,0.0,2,17,Student
30,450,False,0.3375920398739411,0.0,0,16,White Collar
30,451,True,0.5828544730774738,0.07180734111199505,1,60,Blue Collar
30,452,False,0.5490326088038333,0.14325170139830212,0,91,White Collar
30,453,False,0.1444002153105774,0.0,1,30,Blue Collar
30,454,True,0.5397886850088234,0.0,2,35,Student
30,455,False,0.0491039142380159,0.0,0,56,White Collar
30,456,True,0.2269298672078842,0.0,0,45,White Collar
30,457,True,0.1507116244682386,0.0,0,9,White Collar
30,458,False,0.0397742668078514,0.0,1,34,Blue Collar
30,459,True,0.4199586775519187,0.06179409242500267,0,52,White Collar
30,460,True,0.4703209324057288,0.0017700497610675936,1,28,Blue Collar
30,461,False,0.4593225624256609,0.15685666798542097,0,41,White Collar
30,462,True,0.2928697416440324,0.0,0,65,White Collar
30,463,False,0.3253208111970423,0.0,2,15,Student
30,464,False,0.608299740483025,0.04631267678950063,2,53,Student
30,465,True,0.227995917813659,0.0,2,3,Student
30,466,True,0.3285833899501695,0.0,1,32,Blue Collar
30,467,True,0.188908839828141,0.0,1,56,Blue Collar
30,468,True,0.4759491652842039,0.0,0,4,White Collar
30,469,True,0.4619524675485082,0.029264489248401082,0,96,White Collar
30,470,True,0.3355219672420451,0.0,0,17,White Collar
30,471,False,0.2913305263540643,0.0,1,64,Blue Collar
30,472,False,0.3010360813901332,0.0,2,34,Student
30,473,True,0.3271906689077269,0.03022223382442535,3,26,Retired
30,474,True,0.0676409928670715,0.0,2,63,Student
30,475,True,0.3328039645201829,0.0,0,30,White Collar
30,476,True,0.5689403837780267,0.11892896959258337,2,50,Student
30,477,True,0.1687368232740908,0.0,1,31,Blue Collar
30,478,False,0.3234785077429782,0.02302826776499367,2,50,Student
30,479,True,0.2595142364225923,0.0,1,14,Blue Collar
30,480,True,0.2107341076181594,0.0,0,36,White Collar
30,481,True,0.4454389315848823,0.0,1,22,Blue Collar
30,482,False,0.1925251778170265,0.07622742668820581,3,40,Retired
30,483,True,0.4215730229751968,0.0,0,22,White Collar
30,484,False,0.3147556062634345,0.0,2,4,Student
30,485,True,0.089175148068904,0.0,1,92,Blue Collar
30,486,False,0.1813974974553684,0.0,2,39,Student
30,487,True,0.2888520759798477,0.0,2,39,Student
30,488,True,0.1912204640490106,0.0,0,48,White Collar
30,489,True,0.254632025981011,0.0,0,77,White Collar
30,490,True,0.2626091579593145,0.0,3,68,Retired
30,491,True,0.1868577020761625,0.0,1,28,Blue Collar
30,492,False,0.1235656832485277,0.0,3,22,Retired
30,493,True,0.3590902667010948,0.16644761905378175,0,39,White Collar
30,494,False,0.0072479127321231,0.0,0,98,White Collar
30,495,False,0.2254122917396397,0.0,1,5,Blue Collar
30,496,True,0.3682584032090778,0.016478644426234035,1,41,Blue Collar
30,497,True,0.4700537573475749,0.11432146926880099,2,25,Student
30,498,False,0.2334079593854568,0.0,0,54,White Collar
30,499,True,0.604550623924786,0.0,3,46,Retired
30,500,True,0.1116182558215075,0.0,0,66,White Collar
30,501,True,0.2918006363881575,0.0,0,51,White Collar
30,502,True,0.2436788503320043,0.13711380597688916,1,11,Blue Collar
30,503,False,0.0911729007382388,0.0,2,9,Student
30,504,True,0.3423826121689441,0.0,1,85,Blue Collar
30,505,True,0.2613583638874165,0.0,1,89,Blue Collar
30,506,False,0.1054542174997974,0.0,0,4,White Collar
30,507,True,0.3394195895177768,0.03310476052441458,3,36,Retired
30,508,True,0.0667440465050857,0.0,1,47,Blue Collar
30,509,False,0.3948447858495602,0.0,0,21,White Collar
30,510,True,0.1701597344690188,0.0,2,37,Student
30,511,True,0.6912093386389426,0.0,0,78,White Collar
30,512,False,0.1701650430716366,0.0,0,35,White Collar
30,513,True,0.259658072094199,0.0,2,56,Student
30,514,True,0.3408592494335257,0.0,2,55,Student
30,515,False,0.1936145912070428,0.0,0,36,White Collar
30,516,True,0.4421189571746821,0.04140319958923022,0,53,White Collar
30,517,False,0.2918146343826823,0.031688273790105526,2,21,Student
30,518,True,0.0431616328618451,0.0,3,1,Retired
30,519,True,0.0852628517039114,0.0,0,68,White Collar
30,520,True,0.4737658354893495,0.0,0,13,White Collar
30,521,False,0.2739533039710695,0.0,0,31,White Collar
30,522,True,0.2373952074488494,0.0,2,58,Student
30,523,True,0.2670788820929144,0.06882105240506542,0,17,White Collar
30,524,False,0.1034879707346583,0.0,1,66,Blue Collar
30,525,True,0.2279511321623418,0.0,0,36,White Collar
30,526,False,0.2627333305254055,0.0,0,33,White Collar
30,527,True,0.6891140409001313,0.0,2,73,Student
30,528,True,0.2505649400674639,0.04747139150669505,2,41,Student
30,529,True,0.2446496929766223,0.0,0,33,White Collar
30,530,False,0.2767384149382149,0.043049579773800084,0,1,White Collar
30,531,True,0.2722051205048573,0.0,2,20,Student
30,532,True,0.2299484569093162,0.0,0,37,White Collar
30,533,False,0.4257053209843408,0.23381768698699879,2,51,Student
30,534,True,0.2227111874163941,0.0,2,99,Student
30,535,True,0.4773689304451496,0.261659201633172,1,18,Blue Collar
30,536,True,0.2310129865169898,0.0,0,54,White Collar
30,537,True,0.4314435361946498,0.0,1,39,Blue Collar
30,538,False,0.3868797602101907,0.0,0,32,White Collar
30,539,False,0.208678135078325,0.0,0,17,White Collar
30,540,True,0.0900249981999672,0.0,1,23,Blue Collar
30,541,True,0.6038569167009646,0.145861621606534,0,32,White Collar
30,542,False,0.2265233252301209,0.0012927731822963695,0,25,White Collar
30,543,False,0.3042970610133372,0.03893975899242008,2,30,Student
30,544,False,0.1646258613749868,0.0,0,8,White Collar
30,545,False,0.1823972362349482,0.0,2,2,Student
30,546,True,0.4766491048877699,0.09027706830099758,2,58,Student
30,547,True,0.5264086385938195,0.25884363033303215,3,85,Retired
30,548,False,0.3609203123415569,0.1633985944957449,1,73,Blue Collar
30,549,True,0.2509553296201303,0.0034362586731608857,0,79,White Collar
30,550,True,0.3835316726535463,0.09423358765115941,0,28,White Collar
30,551,False,0.1959117186620537,0.0,0,27,White Collar
30,552,True,0.2976150813463317,0.0,1,34,Blue Collar
30,553,True,0.1323735027451481,0.0,0,29,White Collar
30,554,False,0.126311680440905,0.0,2,23,Student
30,555,False,0.3547665226580853,0.0,0,32,White Collar
30,556,True,0.3219807096428471,0.10048895770051058,1,37,Blue Collar
30,557,False,0.310809260614259,0.0,0,62,White Collar
30,558,True,0.2266135263526242,0.0,1,39,Blue Collar
30,559,False,0.3116613226660596,0.0,2,52,Student
30,560,True,0.1721735905143979,0.0,3,36,Retired
30,561,True,0.0414669752128248,0.0,3,21,Retired
30,562,True,0.2761974130074415,0.0,2,54,Student
30,563,False,0.094253560316938,0.0,2,4,Student
30,564,False,0.4118445340829866,0.0,1,38,Blue Collar
30,565,False,0.5157009792685964,0.004897664328414486,2,97,Student
30,566,True,0.6342283268293691,0.0,0,19,White Collar
30,567,False,0.2717021731900056,0.0,0,67,White Collar
30,568,True,0.1611555559536509,0.0,2,24,Student
30,569,True,0.3019616530585536,0.0,1,6,Blue Collar
30,570,True,0.2474761658633007,0.0,2,31,Student
30,571,False,0.2773672197869529,0.13600337335964452,3,26,Retired
30,572,True,0.4722249959604593,0.0024425303860603487,1,43,Blue Collar
30,573,True,0.2190395136759253,0.0,0,43,White Collar
30,574,False,0.2513040412624526,0.0,2,39,Student
30,575,True,0.1344989142255937,0.0,1,32,Blue Collar
30,576,True,0.2575375190463321,0.10213020988221178,1,72,Blue Collar
30,577,True,0.5758311543371692,0.05511344403642893,0,37,White Collar
30,578,False,0.1747889880746776,0.0,1,8,Blue Collar
30,579,False,0.4404393990716352,0.19392928274947413,2,10,Student
30,580,True,0.239968723155057,0.0,3,12,Retired
30,581,True,0.4457504855829945,0.0,1,37,Blue Collar
30,582,True,0.4181457323941839,0.0,0,51,White Collar
30,583,False,0.1247787246488094,0.0,1,63,Blue Collar
30,584,False,0.4135696874278296,0.0,2,69,Student
30,585,False,0.0855221607194543,0.0,3,12,Retired
30,586,False,0.102384952851844,0.0,0,55,White Collar
30,587,True,0.2285050887405005,0.06944920265687227,2,93,Student
30,588,True,0.5466614162505907,0.24107048509611317,0,38,White Collar
30,589,True,0.3510850322437097,0.0,2,8,Student
30,590,True,0.1394105760462668,0.0,0,64,White Collar
30,591,False,0.0536995154899485,0.0,0,9,White Collar
30,592,True,0.3806987361056626,0.0,2,2,Student
30,593,True,0.2794224044294483,0.1298803259234112,2,32,Student
30,594,False,0.3066911814390244,0.0,0,38,White Collar
30,595,False,0.3430330836467324,0.0,0,28,White Collar
30,596,True,0.476114544370721,0.02754707696259079,3,58,Retired
30,597,True,0.2554704259647891,0.0,1,24,Blue Collar
30,598,True,0.5012006017832084,0.01436453160629192,0,27,White Collar
30,599,False,0.154006662960799,0.0,0,32,White Collar
30,600,False,0.0632323404051646,0.0,1,26,Blue Collar
30,601,True,0.4483454588827538,0.0,2,55,Student
30,602,True,0.1099758633977806,0.0,1,87,Blue Collar
30,603,False,0.2998031027074426,0.0,0,55,White Collar
30,604,False,0.5363077304756033,0.12386801405135178,2,60,Student
30,605,True,0.0670542699936395,0.0,0,78,White Collar
30,606,False,0.3373425781481131,0.0,0,29,White Collar
30,607,False,0.0616375155621336,0.0,1,37,Blue Collar
30,608,True,0.2669105924136806,0.0,0,31,White Collar
30,609,False,0.0146819331277921,0.0,2,17,Student
30,610,False,0.0929129012701737,0.0,3,14,Retired
30,611,True,0.1620845901138898,0.0,2,63,Student
30,612,True,0.0555877186492738,0.0,0,62,White Collar
30,613,False,0.3628731421368042,0.017910260735460204,2,40,Student
30,614,False,0.326185553069642,0.008277503504835582,3,33,Retired
30,615,True,0.5516768599767246,0.2661471237464535,3,35,Retired
30,616,True,0.1099186560623747,0.0,1,20,Blue Collar
30,617,False,0.2171848103951794,0.0,0,58,White Collar
30,618,False,0.0782209788311515,0.0,1,7,Blue Collar
30,619,False,0.1767688055025618,0.0,0,42,White Collar
30,620,False,0.5954379734962468,0.08490114582990227,0,65,White Collar
30,621,True,0.3971726866093809,0.01432357692870978,0,3,White Collar
30,622,True,0.1055672064555032,0.0,1,37,Blue Collar
30,623,False,0.0311859105555057,0.0,1,33,Blue Collar
30,624,True,0.0279579619790819,0.0,3,30,Retired
30,625,True,0.3679765943353593,0.0,2,21,Student
30,626,False,0.159129571300425,0.0,0,9,White Collar
30,627,True,0.7380869638355531,0.0,0,30,White Collar
30,628,False,0.2436991769678001,0.0,2,51,Student
30,629,True,0.170977740591307,0.0,1,41,Blue Collar
30,630,False,0.0807239819987891,0.0,3,46,Retired
30,631,True,0.4477791997522805,0.0,2,36,Student
30,632,False,0.197351654715525,0.0,1,80,Blue Collar
30,633,True,0.2614729695537015,0.0,0,13,White Collar
30,634,True,0.2791904822094437,0.0,0,55,White Collar
30,635,False,0.2492464228769708,0.0,0,47,White Collar
30,636,False,0.3888004532026781,0.1966998524572275,2,59,Student
30,637,True,0.0898309777348184,0.0,2,10,Student
30,638,True,0.2393537041475697,0.0,0,56,White Collar
30,639,True,0.2004520499405746,0.0,0,38,White Collar
30,640,True,0.4009969437535314,0.06324014768020231,1,33,Blue Collar
30,641,False,0.4674355152035755,0.14665155875792008,3,50,Retired
30,642,True,0.1279157924541819,0.0,2,51,Student
30,643,False,0.403734941984525,0.14376688112606822,0,4,White Collar
30,644,False,0.0894865576156005,0.0,0,12,White Collar
30,645,True,0.2478156639906327,0.0,3,39,Retired
30,646,True,0.26449203451846,0.0,2,9,Student
30,647,True,0.4549932251283338,0.11986231723147323,1,20,Blue Collar
30,648,False,0.3895079338725103,0.0,1,25,Blue Collar
30,649,True,0.0971817728565808,0.0,0,34,White Collar
30,650,True,0.3828986050331805,0.0,0,55,White Collar
30,651,False,0.297838427885603,0.0,0,7,White Collar
30,652,False,0.5903979088514874,0.11336984209759271,1,24,Blue Collar
30,653,False,0.1760983318750708,0.0,0,56,White Collar
30,654,True,0.2144134952920709,0.0,1,17,Blue Collar
30,655,True,0.6204682337798468,0.0235939443772053,1,42,Blue Collar
30,656,True,0.4872331449600042,0.0,2,32,Student
30,657,False,0.0962069245149607,0.0,1,50,Blue Collar
30,658,False,0.2496558034719668,0.0,0,21,White Collar
30,659,True,0.341237799092246,0.09305005796145804,2,48,Student
30,660,False,0.4009150563139554,0.0,1,63,Blue Collar
30,661,False,0.1179359076194324,0.0,1,47,Blue Collar
30,662,False,0.5572754113921149,0.11184594698270578,0,36,White Collar
30,663,True,0.0629427880187678,0.0,0,28,White Collar
30,664,True,0.1229522065476816,0.0,1,62,Blue Collar
30,665,False,0.5302969759506505,0.1135892358004218,3,54,Retired
30,666,True,0.2709993961105075,0.029392638902116297,1,45,Blue Collar
30,667,False,0.2770890275188418,0.0,1,10,Blue Collar
30,668,False,0.301184192228817,0.0,2,56,Student
30,669,True,0.1401494015576146,0.0,0,53,White Collar
30,670,False,0.0737337849011167,0.0,0,43,White Collar
30,671,True,0.3291565105170932,0.0,0,52,White Collar
30,672,False,0.359768584824016,0.0,1,21,Blue Collar
30,673,False,0.3097774732702404,0.0,1,52,Blue Collar
30,674,False,0.180350414287884,0.0,1,32,Blue Collar
30,675,True,0.1104932580161498,0.0,0,28,White Collar
30,676,False,0.2268526189451653,0.0,1,34,Blue Collar
30,677,False,0.6389059701703222,0.266501323337198,2,42,Student
30,678,False,0.2431391535156832,0.0,3,22,Retired
30,679,False,0.2159680460480785,0.0,2,32,Student
30,680,False,0.2485571743584797,0.010319395790037489,2,9,Student
30,681,True,0.2374704597128737,0.0,0,39,White Collar
30,682,True,0.5319284493276698,0.4159570918217125,2,61,Student
30,683,False,0.3904389243462244,0.13123991047758515,0,26,White Collar
30,684,True,0.1697375890428857,0.0,0,6,White Collar
30,685,True,0.204026175015018,0.0,0,40,White Collar
30,686,True,0.2549263267105989,0.0,3,22,Retired
30,687,True,0.2890608269629373,0.0,2,2,Student
30,688,True,0.1407896901376907,0.0,0,44,White Collar
30,689,True,0.1884686348827569,0.0,1,4,Blue Collar
30,690,True,0.5651992012277928,0.08115591900240526,2,18,Student
30,691,True,0.5441384134079766,0.02466360784231242,1,25,Blue Collar
30,692,True,0.2074958132489381,0.07938933846037377,0,40,White Collar
30,693,True,0.1937947313120766,0.0,1,45,Blue Collar
30,694,False,0.3917365978571069,0.054273430043677684,0,32,White Collar
30,695,False,0.0549042835324885,0.0,2,21,Student
30,696,True,0.513200034727355,0.0,1,50,Blue Collar
30,697,True,0.1680138488305095,0.0,1,62,Blue Collar
30,698,True,0.3498451382963249,0.14474160011144815,1,47,Blue Collar
30,699,False,0.0647089915680699,0.0,0,7,White Collar
30,700,False,0.3992098512519557,0.0,2,38,Student
30,701,False,0.3602074853627584,0.0,3,11,Retired
30,702,True,0.3368158164406375,0.0,0,59,White Collar
30,703,False,0.1256675155755714,0.0,3,15,Retired
30,704,False,0.186745643052941,0.0,2,2,Student
30,705,False,0.3090542956810058,0.0,0,91,White Collar
30,706,True,0.1611047165510067,0.03549733966919005,0,32,White Collar
30,707,True,0.156019393834899,0.0,1,58,Blue Collar
30,708,False,0.4891720840330514,0.0,3,35,Retired
30,709,False,0.0405952160464261,0.0,0,10,White Collar
30,710,False,0.5013100171730703,0.0,1,62,Blue Collar
30,711,True,0.125480123667906,0.0,2,26,Student
30,712,True,0.3783262469877855,0.12486361578385874,1,33,Blue Collar
30,713,True,0.3222129037148611,0.019148816650741196,1,62,Blue Collar
30,714,True,0.1213622535720952,0.0,2,63,Student
30,715,False,0.164766719941082,0.12265075038721596,1,35,Blue Collar
30,716,True,0.4210690230658028,0.0,1,4,Blue Collar
30,717,True,0.2230656431040991,0.0,1,44,Blue Collar
30,718,True,0.7475416808203147,0.0,0,49,White Collar
30,719,True,0.1765326311521286,0.0,0,70,White Collar
30,720,False,0.1693998756977423,0.0,2,18,Student
30,721,False,0.1012367631091599,0.0,1,59,Blue Collar
30,722,False,0.1552197678852778,0.0,2,41,Student
30,723,False,0.2516719879928031,0.0,0,34,White Collar
30,724,False,0.6988438963940432,0.045883022209487756,0,1,White Collar
30,725,True,0.1628761947287865,0.22154662402236347,2,54,Student
30,726,False,0.035861074519571,0.0,0,86,White Collar
30,727,True,0.1868926162656133,0.0,1,35,Blue Collar
30,728,True,0.2802197590789023,0.0,3,35,Retired
30,729,True,0.5039853388745347,0.14734738672990488,1,14,Blue Collar
30,730,True,0.2905356993774629,0.0,0,21,White Collar
30,731,True,0.2137032540043945,0.0,1,37,Blue Collar
30,732,True,0.1742040407701023,0.0,0,30,White Collar
30,733,True,0.3991960073625363,0.0,1,47,Blue Collar
30,734,False,0.2659319496638474,0.026737163929115126,2,45,Student
30,735,True,0.4020401338219225,0.0,1,30,Blue Collar
30,736,False,0.1054043592980552,0.0,2,10,Student
30,737,False,0.1896220786800948,0.0,0,64,White Collar
30,738,True,0.3548328182831716,0.24163015062957938,0,92,White Collar
30,739,False,0.0785174307392475,0.0,2,83,Student
30,740,False,0.123504889954708,0.0,0,57,White Collar
30,741,True,0.2413778454503063,0.0,0,21,White Collar
30,742,True,0.4688543103047804,0.1867827252685249,2,53,Student
30,743,False,0.5491671814360513,0.019174107187558798,2,23,Student
30,744,False,0.1320866566288173,0.0,1,31,Blue Collar
30,745,False,0.2989363140201345,0.0,2,27,Student
30,746,False,0.5146805029932751,0.07063218273413752,2,18,Student
30,747,True,0.4008971368260078,0.0,0,29,White Collar
30,748,False,0.2842255949831302,0.0,0,79,White Collar
30,749,False,0.317544110113382,0.0,2,43,Student
30,750,False,0.1384834698703489,0.0,1,63,Blue Collar
30,751,False,0.2009712364540103,0.0,2,45,Student
30,752,False,0.2418896431622072,0.0,2,35,Student
30,753,True,0.2295611941890383,0.0,2,46,Student
30,754,True,0.2156860757163646,0.0,2,36,Student
30,755,True,0.1231095801822028,0.0,2,45,Student
30,756,False,0.5160624858560737,0.09405021674518765,2,48,Student
30,757,True,0.2623139249573352,0.0,3,39,Retired
30,758,False,0.2309942687514944,0.03351872813190171,2,21,Student
30,759,True,0.0959512859344814,0.0,1,94,Blue Collar
30,760,False,0.340353357371217,0.0,2,51,Student
30,761,False,0.1569467002743433,0.0,0,18,White Collar
30,762,True,0.1620025771710848,0.0,1,31,Blue Collar
30,763,True,0.1945993531314553,0.0,0,24,White Collar
30,764,False,0.3889033363849212,0.07316178798305234,1,7,Blue Collar
30,765,False,0.3240072686151163,0.0,2,56,Student
30,766,True,0.0569606868617727,0.0,1,6,Blue Collar
30,767,False,0.5068443274386882,0.17466978052835685,1,36,Blue Collar
30,768,True,0.3043925052678168,0.04232276456291939,0,52,White Collar
30,769,False,0.2972452247392276,0.0,0,37,White Collar
30,770,False,0.1367056096153261,0.0,0,10,White Collar
30,771,True,0.4491401171221709,0.0,2,49,Student
30,772,False,0.2518147960573942,0.0,3,37,Retired
30,773,True,0.1695139260731264,0.0,0,7,White Collar
30,774,False,0.0801464927057364,0.0,1,69,Blue Collar
30,775,False,0.2325370523553835,0.0,0,31,White Collar
30,776,False,0.4841625365767797,0.0700990957199723,2,46,Student
30,777,True,0.1693257626556566,0.0,3,52,Retired
30,778,False,0.0747789270014016,0.0,0,59,White Collar
30,779,True,0.1852423234921943,0.0,0,15,White Collar
30,780,True,0.1679635137045052,0.0,2,1,Student
30,781,False,0.2763354949660545,0.05220138739241886,0,19,White Collar
30,782,False,0.1309785515470798,0.0,1,51,Blue Collar
30,783,False,0.1542500262093677,0.0,2,51,Student
30,784,True,0.0899353835301188,0.0,1,45,Blue Collar
30,785,False,0.3465590425511273,0.03291488882964355,0,43,White Collar
30,786,False,0.1649902537464189,0.0,0,22,White Collar
30,787,True,0.1454381844637113,0.0,1,93,Blue Collar
30,788,True,0.451163889216197,0.0,1,46,Blue Collar
30,789,False,0.5292063498589319,0.0,1,60,Blue Collar
30,790,True,0.3771771971387949,0.12109150859358808,0,24,White Collar
30,791,True,0.4977153092263308,0.0,1,24,Blue Collar
30,792,True,0.4231845666292447,0.0,1,91,Blue Collar
30,793,False,0.2173364748969555,0.0,1,24,Blue Collar
30,794,True,0.1054974346874186,0.0,1,80,Blue Collar
30,795,False,0.177115816076833,0.0,1,29,Blue Collar
30,796,True,0.1560104234247701,0.0,1,76,Blue Collar
30,797,True,0.3583027272484148,0.0,1,62,Blue Collar
30,798,False,0.2382117203777517,0.0,2,27,Student
30,799,False,0.0444376371349206,0.0,1,22,Blue Collar
30,800,True,0.1774341564063493,0.0,3,32,Retired
30,801,True,0.0810503458688375,0.0,0,31,White Collar
30,802,False,0.2332597297899884,0.0,1,59,Blue Collar
30,803,True,0.4563029734443914,0.08347275891322592,1,2,Blue Collar
30,804,False,0.1109951227085874,0.0,3,8,Retired
30,805,False,0.524107383079782,0.19515464539210725,2,12,Student
30,806,True,0.2494485341513156,0.0,0,71,White Collar
30,807,False,0.3576596696917246,0.0,2,63,Student
30,808,True,0.1411241998676989,0.0,2,13,Student
30,809,False,0.2562193556155805,0.0,0,25,White Collar
30,810,True,0.5239791499617252,0.0,0,100,White Collar
30,811,False,0.4819498063691885,0.024250021820558354,0,20,White Collar
30,812,False,0.2639644320402215,0.0,0,20,White Collar
30,813,False,0.223514158884564,0.0,1,40,Blue Collar
30,814,False,0.2764270470816738,0.0,2,6,Student
30,815,True,0.321129255341407,0.0,0,3,White Collar
30,816,False,0.557406885681536,0.11083030388737658,0,40,White Collar
30,817,True,0.1621890861748199,0.0,1,30,Blue Collar
30,818,True,0.154807479392052,0.0,0,27,White Collar
30,819,True,0.2096039228273493,0.0,2,59,Student
30,820,True,0.1068665371877108,0.0,1,43,Blue Collar
30,821,True,0.36441921405229,0.0,2,37,Student
30,822,False,0.069854215232803,0.0,0,35,White Collar
30,823,False,0.5752524381494896,0.11981281446274489,0,56,White Collar
30,824,False,0.2816515588456469,0.04785897282631535,3,31,Retired
30,825,False,0.3794411536939451,0.0,1,35,Blue Collar
30,826,False,0.0456596310029253,0.0,3,44,Retired
30,827,False,0.3907392159198113,0.0,3,76,Retired
30,828,False,0.3259029406210039,0.0,2,13,Student
30,829,True,0.3450841502829877,0.19261751207733974,2,39,Student
30,830,False,0.2370136739010705,0.0,2,21,Student
30,831,True,0.4243518655493258,0.0,0,27,White Collar
30,832,False,0.1288120009908881,0.0,0,18,White Collar
30,833,False,0.3299114686361586,0.0,0,23,White Collar
30,834,False,0.0667555305661823,0.05185608469750569,3,72,Retired
30,835,True,0.1057107830323264,0.0,1,9,Blue Collar
30,836,False,0.5357995621053333,0.16781809473423898,0,49,White Collar
30,837,True,0.1595713437757506,0.0,2,42,Student
30,838,True,0.1228798987176632,0.0,1,62,Blue Collar
30,839,True,0.3099564477393267,0.0810690963734848,1,51,Blue Collar
30,840,True,0.5006741240171694,0.0,1,27,Blue Collar
30,841,False,0.1925333812435086,0.0,0,50,White Collar
30,842,False,0.6798139772747849,0.041003602860517296,2,62,Student
30,843,False,0.1658069239561412,0.0,1,14,Blue Collar
30,844,True,0.445325731706341,0.023173364514129324,1,60,Blue Collar
30,845,False,0.2871034665903474,0.0,1,32,Blue Collar
30,846,False,0.2051521024846308,0.0,0,42,White Collar
30,847,True,0.3569482999794101,0.0,0,35,White Collar
30,848,False,0.0872053159749631,0.0,2,37,Student
30,849,True,0.23791157291652,0.16527182379389715,2,42,Student
30,850,False,0.2125906368597829,0.0,0,78,White Collar
30,851,True,0.3380474712276761,0.11517842698190545,3,39,Retired
30,852,False,0.2905275608427198,0.06142042305170259,0,34,White Collar
30,853,True,0.3479181328972756,0.07083795001405213,0,59,White Collar
30,854,True,0.4221996077051169,0.018384184141509108,1,49,Blue Collar
30,855,True,0.2424964231836355,0.0,2,31,Student
30,856,True,0.3024763373927353,0.030737671334711503,1,47,Blue Collar
30,857,False,0.5685546252018754,0.02691634223797945,1,49,Blue Collar
30,858,True,0.2939324011203272,0.0,1,65,Blue Collar
30,859,True,0.2371806947234474,0.0,1,5,Blue Collar
30,860,True,0.4348483136027772,0.0,1,28,Blue Collar
30,861,False,0.2476647534198212,0.0,1,31,Blue Collar
30,862,True,0.5915252921662858,0.0,1,28,Blue Collar
30,863,False,0.4941427378687356,0.039138692610369674,2,22,Student
30,864,True,0.1927509224419929,0.0,0,89,White Collar
30,865,True,0.215708580571228,0.0,2,40,Student
30,866,True,0.4548274324248505,0.0,1,86,Blue Collar
30,867,True,0.432033472949111,0.0,0,61,White Collar
30,868,False,0.4727380263938699,0.08680145949926033,1,42,Blue Collar
30,869,True,0.2538973946761992,0.0,0,62,White Collar
30,870,False,0.2857213617632627,0.0,3,15,Retired
30,871,False,0.2317922806044498,0.0,1,31,Blue Collar
30,872,False,0.2332041462800099,0.0,0,78,White Collar
30,873,True,0.1697303259220881,0.0,1,61,Blue Collar
30,874,True,0.4915121741124872,0.0628522585718474,0,57,White Collar
30,875,True,0.3319587751508012,0.0,2,58,Student
30,876,True,0.3427031340245881,0.0,1,8,Blue Collar
30,877,True,0.4732074603715058,0.0,1,87,Blue Collar
30,878,False,0.057826174727944,0.0,0,28,White Collar
30,879,False,0.3342823374545915,0.0,0,37,White Collar
30,880,True,0.5055663733930453,0.13990365125581272,0,39,White Collar
30,881,True,0.1092677169367234,0.03619309984927954,0,6,White Collar
30,882,False,0.476371862104171,0.02931752341525029,0,28,White Collar
30,883,False,0.3351520189164386,0.0,0,6,White Collar
30,884,False,0.3113112656037834,0.0,2,55,Student
30,885,True,0.3156514521042243,0.0,0,2,White Collar
30,886,True,0.1342593059642669,0.0,2,1,Student
30,887,False,0.0426125165402731,0.0,0,46,White Collar
30,888,True,0.4402492515093427,0.0,2,65,Student
30,889,True,0.1195934956640864,0.0,0,53,White Collar
30,890,False,0.2000779313230957,0.0,2,17,Student
30,891,False,0.7007817975708072,0.0,1,10,Blue Collar
30,892,False,0.2817555447671213,0.0,1,0,Blue Collar
30,893,False,0.3492651154755515,0.07174189621372962,0,52,White Collar
30,894,True,0.183486628129589,0.0,2,28,Student
30,895,True,0.5023166737897836,0.0,0,28,White Collar
30,896,True,0.0624500784100217,0.0,1,32,Blue Collar
30,897,False,0.4354437700393007,0.039518478834120685,0,34,White Collar
30,898,True,0.0920630148030118,0.0,2,91,Student
30,899,True,0.6257518883853295,0.1688382167983255,1,79,Blue Collar
30,900,True,0.3770081169472025,0.0,1,11,Blue Collar
30,901,False,0.1271719790497805,0.0,0,39,White Collar
30,902,False,0.2743528735631583,0.05985501538861826,1,1,Blue Collar
30,903,False,0.3825666156869312,0.0,0,3,White Collar
30,904,False,0.1784396198271592,0.0,1,34,Blue Collar
30,905,True,0.2162905367743838,0.0,0,41,White Collar
30,906,False,0.5209740341645329,0.0007569734766617042,1,49,Blue Collar
30,907,False,0.279074004926693,0.0,0,22,White Collar
30,908,False,0.4849887995749727,0.0,0,22,White Collar
30,909,False,0.3481128642195799,0.015391972822574984,3,57,Retired
30,910,False,0.3776973082787966,0.023149675804924663,2,24,Student
30,911,True,0.4552676384890686,0.07531885679150419,0,34,White Collar
30,912,True,0.564636774420852,0.0,1,44,Blue Collar
30,913,False,0.1352549552408208,0.0,1,2,Blue Collar
30,914,False,0.4189062970344011,0.0,1,49,Blue Collar
30,915,True,0.6277239733678208,0.0,0,82,White Collar
30,916,True,0.4233062618932802,0.09507122409839253,1,1,Blue Collar
30,917,False,0.3242865327317485,0.0,1,54,Blue Collar
30,918,True,0.5237323534287259,0.17882275941832804,2,42,Student
30,919,False,0.6843643932117193,0.2735582892453172,0,51,White Collar
30,920,True,0.3592652758898438,0.0,2,64,Student
30,921,False,0.3939614324212918,0.0,0,12,White Collar
30,922,False,0.3799956547644613,0.19636620055763088,1,63,Blue Collar
30,923,False,0.0841743365393104,0.0,2,46,Student
30,924,True,0.4372271147397712,0.13844600952911557,2,5,Student
30,925,False,0.0941077935758852,0.0,1,37,Blue Collar
30,926,True,0.3982612864989766,0.0,1,30,Blue Collar
30,927,False,0.0776550664575109,0.0,3,64,Retired
30,928,True,0.1282124549316295,0.0,1,73,Blue Collar
30,929,True,0.2142506430565661,0.0,2,10,Student
30,930,False,0.1898088523955465,0.0,1,37,Blue Collar
30,931,True,0.449549690409468,0.04953989611851661,0,87,White Collar
30,932,False,0.2340831361350911,0.0,1,54,Blue Collar
30,933,False,0.1004746869111375,0.0,1,40,Blue Collar
30,934,False,0.1752910699720822,0.0,2,60,Student
30,935,True,0.3112062459089998,0.0,1,15,Blue Collar
30,936,False,0.3072581434169985,0.04086185627787653,0,15,White Collar
30,937,True,0.3162298390616307,0.1864197120295935,2,35,Student
30,938,False,0.4493230296578294,0.10974891220839855,2,26,Student
30,939,False,0.4992607592612914,0.2776206828350472,1,21,Blue Collar
30,940,False,0.3797328747609579,0.0,1,15,Blue Collar
30,941,True,0.2587951204847887,0.04497708437069614,0,20,White Collar
30,942,True,0.217206502029108,0.0,1,9,Blue Collar
30,943,False,0.6337271424536701,0.021603678454348685,3,55,Retired
30,944,False,0.3024225452045582,0.04008449012133153,1,7,Blue Collar
30,945,False,0.353243831536729,0.0,0,60,White Collar
30,946,True,0.1960088011812329,0.0,2,44,Student
30,947,False,0.194604146338236,0.0,1,11,Blue Collar
30,948,False,0.1201659626916901,0.0,0,35,White Collar
30,949,False,0.2881738348704263,0.0,2,56,Student
30,950,False,0.1945107684338112,0.0,0,44,White Collar
30,951,False,0.2219017467003496,0.0,2,12,Student
30,952,True,0.4924424140581507,0.025917664060083667,2,10,Student
30,953,False,0.0850659978225831,0.0,1,73,Blue Collar
30,954,True,0.1707846803550596,0.0337576015282548,2,57,Student
30,955,False,0.3275299415979275,0.0,0,20,White Collar
30,956,False,0.3146017534698956,0.0,1,35,Blue Collar
30,957,True,0.5591300431761457,0.247873179713137,1,46,Blue Collar
30,958,True,0.0569074657411333,0.0,1,38,Blue Collar
30,959,True,0.5215862971395819,0.07023494918761097,3,54,Retired
30,960,True,0.1109111744624726,0.0,0,49,White Collar
30,961,True,0.2265228453079547,0.0,2,23,Student
30,962,False,0.0823237952883983,0.0,0,57,White Collar
30,963,False,0.0203376211117979,0.0,1,63,Blue Collar
30,964,False,0.515099224706211,0.15401718542030024,1,25,Blue Collar
30,965,True,0.1524295832997067,0.0,2,40,Student
30,966,True,0.401561690342304,0.0,0,77,White Collar
30,967,True,0.1934741652155991,0.0,1,22,Blue Collar
30,968,False,0.5676055160091945,0.135026196440939,1,40,Blue Collar
30,969,True,0.207457529958512,0.0,0,58,White Collar
30,970,False,0.2430327927543291,0.0,2,57,Student
30,971,False,0.1686796225990403,0.0,2,1,Student
30,972,False,0.1197872134843499,0.0,1,9,Blue Collar
30,973,True,0.4281637369757693,0.0,2,9,Student
30,974,False,0.2805328520070296,0.0,2,33,Student
30,975,True,0.0255304591814648,0.0,1,48,Blue Collar
30,976,True,0.5758838933798938,0.0,1,28,Blue Collar
30,977,True,0.2466749134265328,0.0,3,32,Retired
30,978,False,0.1265914119379539,0.0,2,36,Student
30,979,True,0.076905262823075,0.0,1,33,Blue Collar
30,980,True,0.1317865994756037,0.0,0,61,White Collar
30,981,False,0.3423522504030944,0.0,1,47,Blue Collar
30,982,True,0.4422870444385288,0.02738490838566271,3,24,Retired
30,983,True,0.2290208014335576,0.0,2,98,Student
30,984,True,0.8133424050014515,0.06305062663834043,2,27,Student
30,985,True,0.2079234242657764,0.0,0,29,White Collar
30,986,True,0.2608344425937606,0.0,0,10,White Collar
30,987,False,0.1095262841662347,0.0,0,62,White Collar
30,988,True,0.2508512520003949,0.0,1,21,Blue Collar
30,989,False,0.4615262690501316,0.08754448085082733,0,24,White Collar
30,990,False,0.6224521206393593,0.0,0,17,White Collar
30,991,True,0.3984798933684013,0.09724800324374527,1,25,Blue Collar
30,992,False,0.0587343222846886,0.0,0,38,White Collar
30,993,False,0.0996858624336007,0.0,2,61,Student
30,994,False,0.0587453867701584,0.0,1,39,Blue Collar
30,995,True,0.1404948127964428,0.0,0,86,White Collar
30,996,True,0.1813561796987826,0.08914414361711448,0,8,White Collar
30,997,True,0.1207732276954052,0.0,0,89,White Collar
30,998,True,0.3803905055871858,0.12021655538737663,1,28,Blue Collar
30,999,False,0.115508747068787,0.0,2,22,Student
31,0,True,0.3536766572335658,0.0,1,41,Blue Collar
31,1,False,0.2485580660782393,0.0,1,3,Blue Collar
31,2,False,0.4159590873381714,0.0,2,13,Student
31,3,False,0.1599675758099919,0.0,2,38,Student
31,4,False,0.5502830780616322,0.0,0,58,White Collar
31,5,True,0.110945287593398,0.0,1,19,Blue Collar
31,6,False,0.5098966417920571,0.0,2,27,Student
31,7,False,0.1772703794727445,0.0,0,21,White Collar
31,8,False,0.1982904719133444,0.0,1,27,Blue Collar
31,9,False,0.3762367882135499,0.0,2,31,Student
31,10,True,0.5434668040445325,0.0,0,52,White Collar
31,11,False,0.0847637629426502,0.0,1,7,Blue Collar
31,12,False,0.3579287927839609,0.0,0,44,White Collar
31,13,True,0.2733207739503824,0.0,0,46,White Collar
31,14,False,0.1343761410948502,0.0,1,40,Blue Collar
31,15,True,0.3532548500048075,0.0,2,7,Student
31,16,True,0.1327901214327579,0.0,1,80,Blue Collar
31,17,True,0.326434368425168,0.0,1,48,Blue Collar
31,18,False,0.1658104012585459,0.0,2,21,Student
31,19,False,0.207734214505591,0.0,2,51,Student
31,20,True,0.2634084880828478,0.0,0,61,White Collar
31,21,True,0.3900143303664891,0.0,0,36,White Collar
31,22,True,0.1536454700072753,0.0,0,37,White Collar
31,23,True,0.3055023511983206,0.0,0,98,White Collar
31,24,True,0.203313881265596,0.0,1,45,Blue Collar
31,25,False,0.1838768760882306,0.0,0,21,White Collar
31,26,True,0.3678240872354807,0.0,3,27,Retired
31,27,False,0.2020967664638769,0.0,1,3,Blue Collar
31,28,False,0.1863395045288194,0.0,0,39,White Collar
31,29,False,0.2835202997539891,0.0,3,0,Retired
31,30,False,0.1003993030662121,0.0,1,35,Blue Collar
31,31,True,0.207729389165234,0.0,1,9,Blue Collar
31,32,False,0.3096377073595142,0.0,1,11,Blue Collar
31,33,False,0.0443858001226034,0.0,3,57,Retired
31,34,True,0.1245792134455452,0.0,3,22,Retired
31,35,True,0.2110033201581862,0.0,2,50,Student
31,36,True,0.3581887554246956,0.0,2,21,Student
31,37,True,0.6522422663601021,0.0,1,17,Blue Collar
31,38,True,0.1622660260567806,0.0,2,36,Student
31,39,True,0.0694242954698856,0.0,3,47,Retired
31,40,False,0.076848080809821,0.0,0,63,White Collar
31,41,False,0.1744335165862888,0.0,1,55,Blue Collar
31,42,True,0.5434537469656785,0.0,0,21,White Collar
31,43,True,0.0616539134466732,0.0,2,26,Student
31,44,False,0.2356865066312641,0.0,3,2,Retired
31,45,True,0.3132941266752032,0.0,0,7,White Collar
31,46,False,0.1525833147039861,0.0,0,37,White Collar
31,47,True,0.3868863360183782,0.0,2,32,Student
31,48,False,0.4845897602554896,0.0,0,32,White Collar
31,49,False,0.0959387779732849,0.0,2,3,Student
31,50,True,0.3662241584833629,0.0,2,44,Student
31,51,False,0.2983728426907024,0.0,2,32,Student
31,52,False,0.2237663665214278,0.0,0,43,White Collar
31,53,True,0.1642916485213648,0.0,1,20,Blue Collar
31,54,True,0.4613858274628866,0.0,3,2,Retired
31,55,False,0.0983214607503696,0.0,0,15,White Collar
31,56,True,0.179247512983417,0.0,0,76,White Collar
31,57,False,0.3430187325979972,0.0,0,33,White Collar
31,58,True,0.2746698380360602,0.0,1,58,Blue Collar
31,59,False,0.4432945779277498,0.0,3,6,Retired
31,60,False,0.1327244318952246,0.0,2,29,Student
31,61,True,0.4006430877209991,0.0,2,35,Student
31,62,False,0.3225960385009868,0.0,2,5,Student
31,63,False,0.2923618255131976,0.0,2,53,Student
31,64,True,0.1135769732526367,0.0,2,38,Student
31,65,False,0.3415589572254627,0.0,0,59,White Collar
31,66,False,0.1699958739594175,0.0,2,29,Student
31,67,True,0.8014732049023443,0.0,0,50,White Collar
31,68,True,0.1317706240875745,0.0,0,66,White Collar
31,69,False,0.125499659191502,0.0,0,70,White Collar
31,70,False,0.3370138954716539,0.0,1,11,Blue Collar
31,71,False,0.0343986220052017,0.0,0,24,White Collar
31,72,False,0.159377520333094,0.0,0,39,White Collar
31,73,False,0.2615158445906097,0.0,2,40,Student
31,74,False,0.2491194021961276,0.0,1,22,Blue Collar
31,75,False,0.0685869246308145,0.0,1,25,Blue Collar
31,76,False,0.4595064072499054,0.0,0,49,White Collar
31,77,True,0.5414781386117564,0.0,2,69,Student
31,78,False,0.2605960618109315,0.0,0,19,White Collar
31,79,False,0.067535907483785,0.0,1,76,Blue Collar
31,80,False,0.0467688349727268,0.0,2,19,Student
31,81,True,0.127131476580951,0.0,0,45,White Collar
31,82,False,0.3265987258278122,0.0,0,23,White Collar
31,83,True,0.1191248654111389,0.0,1,20,Blue Collar
31,84,False,0.1077670455014623,0.0,0,22,White Collar
31,85,False,0.3246010263074086,0.0,1,60,Blue Collar
31,86,False,0.2193544911847561,0.0,3,24,Retired
31,87,False,0.3047922320216946,0.0,2,41,Student
31,88,False,0.403730071467841,0.0,1,54,Blue Collar
31,89,True,0.1841289216978105,0.0,2,49,Student
31,90,False,0.2344736594858819,0.0,1,20,Blue Collar
31,91,True,0.175068748991844,0.0,0,55,White Collar
31,92,False,0.2673316734797696,0.0,2,48,Student
31,93,False,0.238699744225137,0.0,3,21,Retired
31,94,False,0.3257956107307604,0.0,1,53,Blue Collar
31,95,True,0.4434878606676832,0.0,2,19,Student
31,96,False,0.3855671372233749,0.0,2,8,Student
31,97,False,0.0961525816865667,0.0,0,29,White Collar
31,98,True,0.2089847738799713,0.0,2,18,Student
31,99,False,0.1661962342804483,0.0,3,35,Retired
31,100,False,0.2272148735050511,0.0,1,64,Blue Collar
31,101,True,0.4759204964642726,0.0,3,40,Retired
31,102,False,0.1158847910316493,0.0,1,44,Blue Collar
31,103,True,0.1718540724955221,0.0,0,32,White Collar
31,104,True,0.2409358088306848,0.0,0,25,White Collar
31,105,True,0.1965854535395116,0.0,1,46,Blue Collar
31,106,False,0.1545074012420307,0.0,0,19,White Collar
31,107,False,0.3024753876496196,0.0,1,60,Blue Collar
31,108,False,0.2628503990216566,0.0,0,25,White Collar
31,109,False,0.1783854898271363,0.0,1,76,Blue Collar
31,110,True,0.0714033686941217,0.0,0,60,White Collar
31,111,True,0.3680479351839821,0.0,0,62,White Collar
31,112,False,0.1650023992108502,0.0,2,1,Student
31,113,False,0.6463769483914986,0.0,0,43,White Collar
31,114,False,0.5031230845032987,0.0,0,31,White Collar
31,115,True,0.4086469850455971,0.0,1,41,Blue Collar
31,116,False,0.3784719386186747,0.0,0,65,White Collar
31,117,True,0.4808171104256128,0.0,0,99,White Collar
31,118,False,0.4501527714550122,0.0,0,73,White Collar
31,119,False,0.3148546559271867,0.0,0,58,White Collar
31,120,True,0.3458306244455384,0.0,1,60,Blue Collar
31,121,True,0.5386521682270735,0.0,0,36,White Collar
31,122,False,0.3061721796943814,0.0,0,55,White Collar
31,123,True,0.145588134244425,0.0,1,65,Blue Collar
31,124,False,0.4518857472364912,0.0,2,33,Student
31,125,True,0.3599374248179245,0.0,1,29,Blue Collar
31,126,False,0.061906433771692,0.0,1,12,Blue Collar
31,127,False,0.2328545928203029,0.0,0,13,White Collar
31,128,True,0.1920824664494293,0.0,0,13,White Collar
31,129,False,0.5199092769591175,0.0,1,67,Blue Collar
31,130,False,0.2201943740399156,0.0,3,19,Retired
31,131,False,0.1377202357514125,0.0,0,32,White Collar
31,132,False,0.471971286182723,0.0,0,48,White Collar
31,133,False,0.1588460545173127,0.0,0,31,White Collar
31,134,True,0.0596894752708395,0.0,1,24,Blue Collar
31,135,False,0.3408156596522683,0.0,2,100,Student
31,136,True,0.3066486182634088,0.0,2,19,Student
31,137,False,0.2789555071166884,0.0,2,46,Student
31,138,False,0.3288097857207583,0.0,0,29,White Collar
31,139,False,0.4064901896391388,0.0,0,32,White Collar
31,140,True,0.3234596782435212,0.0,2,17,Student
31,141,True,0.1813428850517404,0.0,1,21,Blue Collar
31,142,False,0.110344420804029,0.0,2,48,Student
31,143,False,0.0626113417445731,0.0,0,4,White Collar
31,144,True,0.3893738659278771,0.0,1,95,Blue Collar
31,145,False,0.2208119923981546,0.0,1,3,Blue Collar
31,146,False,0.1705774606874289,0.0,2,37,Student
31,147,False,0.0676360338470681,0.0,0,53,White Collar
31,148,False,0.2063693713019656,0.0,2,7,Student
31,149,False,0.3587901228827754,0.0,1,60,Blue Collar
31,150,True,0.316899984774653,0.0,0,20,White Collar
31,151,True,0.1365637082251592,0.0,1,35,Blue Collar
31,152,True,0.2170837430502517,0.0,2,34,Student
31,153,False,0.1363792431986001,0.0,1,55,Blue Collar
31,154,False,0.0637349304068678,0.0,0,61,White Collar
31,155,False,0.5785716282335199,0.0,0,34,White Collar
31,156,True,0.1673754331871321,0.0,1,29,Blue Collar
31,157,True,0.485750585203021,0.0,2,14,Student
31,158,True,0.2231288814404552,0.0,0,53,White Collar
31,159,False,0.3734488472849538,0.0,2,34,Student
31,160,False,0.3866075694193058,0.0,1,38,Blue Collar
31,161,False,0.2910392925454743,0.0,2,6,Student
31,162,True,0.3584957567261279,0.0,1,26,Blue Collar
31,163,False,0.3688485254461,0.0,2,19,Student
31,164,True,0.4338558481917234,0.0,1,50,Blue Collar
31,165,True,0.0593243266171532,0.0,0,30,White Collar
31,166,False,0.1537383027458395,0.0,0,33,White Collar
31,167,False,0.690927168796683,0.0,0,6,White Collar
31,168,False,0.0492709683183529,0.0,2,77,Student
31,169,True,0.1859158401713941,0.0,3,37,Retired
31,170,False,0.2715695031402613,0.0,1,22,Blue Collar
31,171,True,0.3219105263709601,0.0,2,28,Student
31,172,False,0.4820942894903152,0.0,0,20,White Collar
31,173,False,0.319706275524256,0.0,2,15,Student
31,174,False,0.4916099383257625,0.0,0,34,White Collar
31,175,True,0.1841729708671041,0.0,2,15,Student
31,176,False,0.0293922497739453,0.0,1,37,Blue Collar
31,177,False,0.4383244007111607,0.0,3,18,Retired
31,178,True,0.2201991781916555,0.0,1,36,Blue Collar
31,179,True,0.1272898020531447,0.0,1,48,Blue Collar
31,180,True,0.5623099425360222,0.0,1,85,Blue Collar
31,181,False,0.1351692568264888,0.0,2,38,Student
31,182,False,0.1892652527031718,0.0,1,6,Blue Collar
31,183,True,0.2788522124309327,0.0,2,7,Student
31,184,False,0.2584988688589334,0.0,1,14,Blue Collar
31,185,False,0.1713624183536284,0.0,1,9,Blue Collar
31,186,False,0.3902904125361203,0.0,2,40,Student
31,187,True,0.1388409287646581,0.0,1,59,Blue Collar
31,188,True,0.4659217194194351,0.0,2,36,Student
31,189,False,0.6157519764816631,0.0,2,23,Student
31,190,True,0.3073799210471541,0.0,3,37,Retired
31,191,True,0.3116610941567272,0.0,1,28,Blue Collar
31,192,True,0.1347012643177103,0.0,0,34,White Collar
31,193,True,0.7239031844967967,0.0,0,64,White Collar
31,194,False,0.1191002777077864,0.0,0,18,White Collar
31,195,True,0.2853857889201115,0.0,0,49,White Collar
31,196,True,0.514309690041867,0.0,1,16,Blue Collar
31,197,True,0.15648979507517,0.0,0,18,White Collar
31,198,True,0.2605575260313472,0.0,0,96,White Collar
31,199,False,0.1398135905354235,0.0,0,46,White Collar
31,200,False,0.388093991336372,0.0,1,31,Blue Collar
31,201,False,0.4641645770320866,0.0,0,29,White Collar
31,202,False,0.1284580477416679,0.0,1,57,Blue Collar
31,203,True,0.0552063959733059,0.0,0,55,White Collar
31,204,False,0.0172791270801268,0.0,1,34,Blue Collar
31,205,False,0.1592498686850636,0.0,2,36,Student
31,206,True,0.2667449952728772,0.0,2,56,Student
31,207,False,0.529692033598347,0.0,1,48,Blue Collar
31,208,False,0.3071017670062408,0.0,2,13,Student
31,209,True,0.2504805636294226,0.0,3,95,Retired
31,210,True,0.4035583213875158,0.0,0,9,White Collar
31,211,False,0.3696214928596068,0.0,2,56,Student
31,212,False,0.2207809777676418,0.0,0,38,White Collar
31,213,True,0.0907414859941739,0.0,1,49,Blue Collar
31,214,True,0.4262985613707276,0.0,0,35,White Collar
31,215,False,0.3076570372812911,0.0,0,59,White Collar
31,216,False,0.0868688695425104,0.0,0,55,White Collar
31,217,True,0.3198826790647721,0.0,0,36,White Collar
31,218,True,0.1724594545811701,0.0,2,63,Student
31,219,False,0.5236077465948994,0.0,2,54,Student
31,220,False,0.144113060499894,0.0,0,53,White Collar
31,221,False,0.4369016405600799,0.0,0,45,White Collar
31,222,False,0.5620366156958401,0.0,0,37,White Collar
31,223,False,0.2038808086447868,0.0,0,44,White Collar
31,224,True,0.2652600697023149,0.0,1,54,Blue Collar
31,225,True,0.342996453032718,0.0,0,8,White Collar
31,226,True,0.3081745146780117,0.0,1,51,Blue Collar
31,227,True,0.0784764086339576,0.0,1,29,Blue Collar
31,228,True,0.2041784285394985,0.0,2,36,Student
31,229,True,0.4675748017124985,0.0,3,50,Retired
31,230,False,0.2244438821429141,0.0,1,22,Blue Collar
31,231,False,0.5642742600782021,0.0,1,5,Blue Collar
31,232,False,0.4583638031993273,0.0,0,1,White Collar
31,233,False,0.2287323521569573,0.0,0,16,White Collar
31,234,False,0.1941625323271394,0.0,2,5,Student
31,235,False,0.1140487847503583,0.0,0,48,White Collar
31,236,False,0.1188638980722389,0.0,0,39,White Collar
31,237,True,0.224300325608497,0.0,3,14,Retired
31,238,False,0.1748455929095408,0.0,3,14,Retired
31,239,True,0.2381018443075495,0.0,1,32,Blue Collar
31,240,False,0.4379433493911621,0.0,1,31,Blue Collar
31,241,False,0.3050820962749862,0.0,0,30,White Collar
31,242,True,0.4110151238583872,0.0,0,40,White Collar
31,243,False,0.2384113862023676,0.0,1,65,Blue Collar
31,244,False,0.3055585620380799,0.0,1,56,Blue Collar
31,245,False,0.2243119866738172,0.0,1,48,Blue Collar
31,246,False,0.2283035041843001,0.0,0,60,White Collar
31,247,False,0.601389322500987,0.0,1,62,Blue Collar
31,248,False,0.1861016376343618,0.0,0,68,White Collar
31,249,True,0.3322376533914182,0.0,2,23,Student
31,250,False,0.1535906531023021,0.0,2,46,Student
31,251,False,0.5895945688191788,0.0,0,52,White Collar
31,252,False,0.1360111358496654,0.0,3,49,Retired
31,253,False,0.1452923245069306,0.0,1,84,Blue Collar
31,254,True,0.4696325075583425,0.0,2,2,Student
31,255,True,0.3470548878739906,0.0,1,64,Blue Collar
31,256,True,0.2243778179558153,0.0,0,58,White Collar
31,257,True,0.380680807328598,0.0,2,17,Student
31,258,False,0.2527384697197175,0.0,0,49,White Collar
31,259,True,0.1918417920208668,0.0,1,72,Blue Collar
31,260,True,0.217770879130423,0.0,0,58,White Collar
31,261,False,0.5469541833338392,0.0,1,61,Blue Collar
31,262,False,0.4320278193633133,0.0,2,32,Student
31,263,False,0.337528941637207,0.0,2,15,Student
31,264,False,0.2801225539599779,0.0,0,31,White Collar
31,265,False,0.2046927163646063,0.0,0,58,White Collar
31,266,False,0.1978288911575661,0.0,1,13,Blue Collar
31,267,False,0.4200987516052237,0.0,2,49,Student
31,268,False,0.0945684310647346,0.0,1,26,Blue Collar
31,269,False,0.0683369109310005,0.0,3,58,Retired
31,270,False,0.3733711511916154,0.0,2,8,Student
31,271,True,0.1814974593978298,0.0,2,55,Student
31,272,True,0.4688203508208859,0.0,2,41,Student
31,273,True,0.4418376196321603,0.0,2,79,Student
31,274,False,0.2731195652421582,0.0,1,25,Blue Collar
31,275,True,0.4417392325829916,0.0,2,60,Student
31,276,False,0.4514994659346463,0.0,0,4,White Collar
31,277,True,0.5143025110676812,0.0,2,0,Student
31,278,True,0.1984804228376855,0.0,0,59,White Collar
31,279,False,0.0562449592429087,0.0,0,13,White Collar
31,280,False,0.0130969161112021,0.0,0,30,White Collar
31,281,True,0.4422153449338335,0.0,2,38,Student
31,282,False,0.2563288233480382,0.0,0,57,White Collar
31,283,True,0.1200803715075963,0.0,1,15,Blue Collar
31,284,False,0.2906548683413762,0.0,2,14,Student
31,285,True,0.248426499061781,0.0,2,43,Student
31,286,False,0.273114962563885,0.0,0,29,White Collar
31,287,True,0.2310327453733966,0.0,1,35,Blue Collar
31,288,True,0.3977583849607771,0.0,1,61,Blue Collar
31,289,False,0.1228099507461072,0.0,0,47,White Collar
31,290,False,0.2443124657062036,0.0,0,33,White Collar
31,291,False,0.1690550311731764,0.0,1,29,Blue Collar
31,292,True,0.3630143517577401,0.0,2,15,Student
31,293,False,0.1593915793032425,0.0,1,3,Blue Collar
31,294,False,0.0980124610961424,0.0,0,1,White Collar
31,295,True,0.325874443929199,0.0,0,22,White Collar
31,296,False,0.3065108052415546,0.0,1,93,Blue Collar
31,297,True,0.0767121836501658,0.0,0,85,White Collar
31,298,False,0.4728620841435421,0.0,0,40,White Collar
31,299,True,0.3157011011273116,0.0,0,36,White Collar
31,300,True,0.2063096419420389,0.0,1,32,Blue Collar
31,301,False,0.0386729386542437,0.0,1,60,Blue Collar
31,302,False,0.4168670056078366,0.0,1,62,Blue Collar
31,303,False,0.3052640817200645,0.0,3,9,Retired
31,304,False,0.360409463644948,0.0,0,4,White Collar
31,305,True,0.3196523721264053,0.0,2,0,Student
31,306,False,0.0603920315480385,0.0,0,33,White Collar
31,307,False,0.2176756192715158,0.0,3,65,Retired
31,308,True,0.4233910425225104,0.0,2,45,Student
31,309,True,0.0857535961606485,0.0,0,49,White Collar
31,310,False,0.241142100263168,0.0,0,54,White Collar
31,311,False,0.1068213695009309,0.0,2,13,Student
31,312,False,0.3939974320667165,0.0,1,35,Blue Collar
31,313,False,0.2557226333708657,0.0,2,38,Student
31,314,False,0.3840811292272226,0.0,1,74,Blue Collar
31,315,False,0.3661458059524538,0.0,1,15,Blue Collar
31,316,False,0.5816434885743039,0.0,0,26,White Collar
31,317,True,0.5621775612709531,0.0,0,43,White Collar
31,318,True,0.0884444403006964,0.0,3,33,Retired
31,319,True,0.3446235300029249,0.0,0,37,White Collar
31,320,False,0.6095654722173228,0.0,2,31,Student
31,321,True,0.3141309765261968,0.0,0,60,White Collar
31,322,True,0.6479463612947148,0.0,1,32,Blue Collar
31,323,False,0.2265019195492524,0.0,2,35,Student
31,324,False,0.4532267059451018,0.0,0,48,White Collar
31,325,True,0.5996218506997747,0.0,0,22,White Collar
31,326,False,0.1362318623539835,0.0,1,52,Blue Collar
31,327,False,0.2361379497655822,0.0,2,48,Student
31,328,True,0.6046614565204121,0.0,1,4,Blue Collar
31,329,True,0.2920487185984639,0.0,0,15,White Collar
31,330,True,0.4004222737895427,0.0,3,40,Retired
31,331,True,0.4507710944195557,0.0,0,60,White Collar
31,332,True,0.1848018664101324,0.0,2,33,Student
31,333,False,0.4101929338053977,0.0,0,27,White Collar
31,334,False,0.34973434990572,0.0,0,14,White Collar
31,335,False,0.1756191969893639,0.0,1,43,Blue Collar
31,336,False,0.2052622268743936,0.0,0,16,White Collar
31,337,True,0.6085560017364287,0.0,0,68,White Collar
31,338,False,0.141658770535373,0.0,1,51,Blue Collar
31,339,True,0.43593946275941,0.0,2,94,Student
31,340,False,0.3082365330185971,0.0,0,21,White Collar
31,341,True,0.4550063988010734,0.0,3,33,Retired
31,342,False,0.4275490847618506,0.0,0,52,White Collar
31,343,True,0.2781861683282088,0.0,1,29,Blue Collar
31,344,True,0.1852405523576611,0.0,2,51,Student
31,345,False,0.5553171992560851,0.0,0,50,White Collar
31,346,False,0.5031820579410835,0.0,0,75,White Collar
31,347,False,0.3218467203585847,0.0,0,11,White Collar
31,348,True,0.2940375021670958,0.0,0,45,White Collar
31,349,False,0.1254493851034331,0.0,1,31,Blue Collar
31,350,False,0.4444012505601111,0.0,2,16,Student
31,351,True,0.5757688148776429,0.0,0,19,White Collar
31,352,True,0.1238108655661201,0.0,2,34,Student
31,353,True,0.1417424749206275,0.0,1,9,Blue Collar
31,354,False,0.1872751990226918,0.0,1,64,Blue Collar
31,355,True,0.1912672864319361,0.0,2,38,Student
31,356,True,0.2750086185191396,0.0,1,5,Blue Collar
31,357,False,0.2594732652222252,0.0,3,26,Retired
31,358,False,0.1160173375309619,0.0,2,55,Student
31,359,True,0.5878548997680135,0.0,3,96,Retired
31,360,False,0.141844276079871,0.0,3,59,Retired
31,361,False,0.2670940915387836,0.0,0,31,White Collar
31,362,False,0.1693494018369503,0.0,1,6,Blue Collar
31,363,False,0.5051295998717548,0.0,0,39,White Collar
31,364,False,0.2152263011559128,0.0,1,99,Blue Collar
31,365,False,0.3026792843884116,0.0,0,49,White Collar
31,366,True,0.6043368946581595,0.0,3,43,Retired
31,367,True,0.2264428247113664,0.0,3,30,Retired
31,368,False,0.3300102349170474,0.0,2,30,Student
31,369,True,0.1552676357183774,0.0,0,19,White Collar
31,370,False,0.2640383541633144,0.0,1,51,Blue Collar
31,371,True,0.3870555710169233,0.0,1,34,Blue Collar
31,372,False,0.1219581579427709,0.0,1,55,Blue Collar
31,373,False,0.2307343681279402,0.0,1,6,Blue Collar
31,374,False,0.3374328449762505,0.0,0,57,White Collar
31,375,True,0.0724104629791323,0.0,2,22,Student
31,376,False,0.3782207354851397,0.0,2,55,Student
31,377,True,0.3194343997975769,0.0,2,36,Student
31,378,False,0.1972597201780969,0.0,0,23,White Collar
31,379,False,0.287172100514021,0.0,0,37,White Collar
31,380,True,0.6008221918617068,0.0,2,11,Student
31,381,False,0.0971226057228562,0.0,0,35,White Collar
31,382,True,0.2750073539162113,0.0,0,39,White Collar
31,383,True,0.5045933992123101,0.0,1,52,Blue Collar
31,384,True,0.1595183596132539,0.0,2,61,Student
31,385,False,0.2144434659745125,0.0,2,45,Student
31,386,False,0.4631573276497399,0.0,1,46,Blue Collar
31,387,True,0.278102406698222,0.0,1,96,Blue Collar
31,388,False,0.185040538482732,0.0,2,14,Student
31,389,False,0.1145555589074245,0.0,0,42,White Collar
31,390,True,0.4228950555098883,0.0,0,36,White Collar
31,391,True,0.6440679634524121,0.0,0,50,White Collar
31,392,False,0.3083255266751108,0.0,0,51,White Collar
31,393,False,0.4105774245043222,0.0,1,31,Blue Collar
31,394,True,0.1960542058844075,0.0,0,24,White Collar
31,395,False,0.1388747735087824,0.0,0,99,White Collar
31,396,True,0.0985267612391955,0.0,1,32,Blue Collar
31,397,True,0.3672611312390035,0.0,2,29,Student
31,398,True,0.5073793345737749,0.0,1,33,Blue Collar
31,399,False,0.2364619685412546,0.0,0,52,White Collar
31,400,False,0.4056361401586,0.0,0,93,White Collar
31,401,True,0.2649097709889378,0.0,1,70,Blue Collar
31,402,True,0.3808117943964557,0.0,2,40,Student
31,403,False,0.2253317470448952,0.0,1,62,Blue Collar
31,404,False,0.0451536951706062,0.0,0,11,White Collar
31,405,False,0.1643660328395617,0.0,1,4,Blue Collar
31,406,True,0.1914306997277393,0.0,0,21,White Collar
31,407,False,0.2616461141449531,0.0,0,39,White Collar
31,408,True,0.3563937219389386,0.0,0,5,White Collar
31,409,False,0.0807393667249193,0.0,1,27,Blue Collar
31,410,False,0.1084574754788678,0.0,0,38,White Collar
31,411,False,0.2455266465423252,0.0,2,22,Student
31,412,True,0.5453972463065507,0.0,3,14,Retired
31,413,False,0.3355411391283527,0.0,1,86,Blue Collar
31,414,False,0.1119325748862738,0.0,1,28,Blue Collar
31,415,True,0.0786186195421999,0.0,1,63,Blue Collar
31,416,True,0.2232495599779229,0.0,3,22,Retired
31,417,False,0.2393448930531098,0.0,2,34,Student
31,418,True,0.4691650839986767,0.0,2,36,Student
31,419,True,0.1093010128782776,0.0,3,12,Retired
31,420,False,0.350841738423868,0.0,1,32,Blue Collar
31,421,False,0.1147332768168895,0.0,0,70,White Collar
31,422,False,0.5209560844968074,0.0,1,36,Blue Collar
31,423,False,0.4629191165410449,0.0,0,93,White Collar
31,424,False,0.4458084306295856,0.0,2,57,Student
31,425,True,0.4507456473585096,0.0,0,26,White Collar
31,426,True,0.207768701685737,0.0,0,43,White Collar
31,427,False,0.5530846398930729,0.0,1,23,Blue Collar
31,428,True,0.2414057853315312,0.0,0,5,White Collar
31,429,True,0.3521991446239845,0.0,1,10,Blue Collar
31,430,True,0.5623335554103934,0.0,2,41,Student
31,431,True,0.066028107172517,0.0,1,49,Blue Collar
31,432,True,0.4780103627939779,0.0,2,39,Student
31,433,True,0.3619557421910525,0.0,3,39,Retired
31,434,False,0.4016190764260652,0.0,0,62,White Collar
31,435,False,0.1447690887902211,0.0,0,46,White Collar
31,436,False,0.1485361833971406,0.0,2,38,Student
31,437,True,0.2673122822770018,0.0,3,30,Retired
31,438,False,0.2665058948831771,0.0,2,36,Student
31,439,True,0.2016844401116823,0.0,2,14,Student
31,440,True,0.5191348577625704,0.0,1,31,Blue Collar
31,441,False,0.0125769688314679,0.0,1,76,Blue Collar
31,442,True,0.230059532111924,0.0,1,47,Blue Collar
31,443,False,0.0891624767452996,0.0,1,34,Blue Collar
31,444,False,0.5437183231209585,0.0,0,12,White Collar
31,445,False,0.3380641675028336,0.0,2,30,Student
31,446,False,0.2209937767876525,0.0,1,39,Blue Collar
31,447,False,0.1223216696690601,0.0,0,3,White Collar
31,448,True,0.327157746156919,0.0,0,65,White Collar
31,449,False,0.0999748268202887,0.0,2,17,Student
31,450,False,0.3375920398739411,0.0,0,16,White Collar
31,451,True,0.5828544730774738,0.0,1,60,Blue Collar
31,452,False,0.5490326088038333,0.0,0,91,White Collar
31,453,True,0.1444002153105774,0.0,1,30,Blue Collar
31,454,False,0.5397886850088234,0.0,2,35,Student
31,455,True,0.0491039142380159,0.0,0,56,White Collar
31,456,False,0.2269298672078842,0.0,0,45,White Collar
31,457,True,0.1507116244682386,0.0,0,9,White Collar
31,458,True,0.0397742668078514,0.0,1,34,Blue Collar
31,459,True,0.4199586775519187,0.0,0,52,White Collar
31,460,False,0.4703209324057288,0.0,1,28,Blue Collar
31,461,False,0.4593225624256609,0.0,0,41,White Collar
31,462,False,0.2928697416440324,0.0,0,65,White Collar
31,463,False,0.3253208111970423,0.0,2,15,Student
31,464,True,0.608299740483025,0.0,2,53,Student
31,465,True,0.227995917813659,0.0,2,3,Student
31,466,True,0.3285833899501695,0.0,1,32,Blue Collar
31,467,True,0.188908839828141,0.0,1,56,Blue Collar
31,468,True,0.4759491652842039,0.0,0,4,White Collar
31,469,True,0.4619524675485082,0.0,0,96,White Collar
31,470,True,0.3355219672420451,0.0,0,17,White Collar
31,471,True,0.2913305263540643,0.0,1,64,Blue Collar
31,472,False,0.3010360813901332,0.0,2,34,Student
31,473,True,0.3271906689077269,0.0,3,26,Retired
31,474,False,0.0676409928670715,0.0,2,63,Student
31,475,False,0.3328039645201829,0.0,0,30,White Collar
31,476,False,0.5689403837780267,0.0,2,50,Student
31,477,True,0.1687368232740908,0.0,1,31,Blue Collar
31,478,False,0.3234785077429782,0.0,2,50,Student
31,479,False,0.2595142364225923,0.0,1,14,Blue Collar
31,480,False,0.2107341076181594,0.0,0,36,White Collar
31,481,True,0.4454389315848823,0.0,1,22,Blue Collar
31,482,False,0.1925251778170265,0.0,3,40,Retired
31,483,False,0.4215730229751968,0.0,0,22,White Collar
31,484,True,0.3147556062634345,0.0,2,4,Student
31,485,False,0.089175148068904,0.0,1,92,Blue Collar
31,486,True,0.1813974974553684,0.0,2,39,Student
31,487,True,0.2888520759798477,0.0,2,39,Student
31,488,False,0.1912204640490106,0.0,0,48,White Collar
31,489,True,0.254632025981011,0.0,0,77,White Collar
31,490,False,0.2626091579593145,0.0,3,68,Retired
31,491,True,0.1868577020761625,0.0,1,28,Blue Collar
31,492,False,0.1235656832485277,0.0,3,22,Retired
31,493,True,0.3590902667010948,0.0,0,39,White Collar
31,494,False,0.0072479127321231,0.0,0,98,White Collar
31,495,False,0.2254122917396397,0.0,1,5,Blue Collar
31,496,False,0.3682584032090778,0.0,1,41,Blue Collar
31,497,False,0.4700537573475749,0.0,2,25,Student
31,498,True,0.2334079593854568,0.0,0,54,White Collar
31,499,True,0.604550623924786,0.0,3,46,Retired
31,500,False,0.1116182558215075,0.0,0,66,White Collar
31,501,True,0.2918006363881575,0.0,0,51,White Collar
31,502,False,0.2436788503320043,0.0,1,11,Blue Collar
31,503,False,0.0911729007382388,0.0,2,9,Student
31,504,True,0.3423826121689441,0.0,1,85,Blue Collar
31,505,True,0.2613583638874165,0.0,1,89,Blue Collar
31,506,True,0.1054542174997974,0.0,0,4,White Collar
31,507,False,0.3394195895177768,0.0,3,36,Retired
31,508,True,0.0667440465050857,0.0,1,47,Blue Collar
31,509,False,0.3948447858495602,0.0,0,21,White Collar
31,510,True,0.1701597344690188,0.0,2,37,Student
31,511,True,0.6912093386389426,0.0,0,78,White Collar
31,512,False,0.1701650430716366,0.0,0,35,White Collar
31,513,False,0.259658072094199,0.0,2,56,Student
31,514,False,0.3408592494335257,0.0,2,55,Student
31,515,False,0.1936145912070428,0.0,0,36,White Collar
31,516,False,0.4421189571746821,0.0,0,53,White Collar
31,517,True,0.2918146343826823,0.0,2,21,Student
31,518,True,0.0431616328618451,0.0,3,1,Retired
31,519,True,0.0852628517039114,0.0,0,68,White Collar
31,520,True,0.4737658354893495,0.0,0,13,White Collar
31,521,True,0.2739533039710695,0.0,0,31,White Collar
31,522,True,0.2373952074488494,0.0,2,58,Student
31,523,True,0.2670788820929144,0.0,0,17,White Collar
31,524,True,0.1034879707346583,0.0,1,66,Blue Collar
31,525,True,0.2279511321623418,0.0,0,36,White Collar
31,526,True,0.2627333305254055,0.0,0,33,White Collar
31,527,True,0.6891140409001313,0.0,2,73,Student
31,528,True,0.2505649400674639,0.0,2,41,Student
31,529,False,0.2446496929766223,0.0,0,33,White Collar
31,530,False,0.2767384149382149,0.0,0,1,White Collar
31,531,False,0.2722051205048573,0.0,2,20,Student
31,532,False,0.2299484569093162,0.0,0,37,White Collar
31,533,False,0.4257053209843408,0.0,2,51,Student
31,534,True,0.2227111874163941,0.0,2,99,Student
31,535,False,0.4773689304451496,0.0,1,18,Blue Collar
31,536,True,0.2310129865169898,0.0,0,54,White Collar
31,537,True,0.4314435361946498,0.0,1,39,Blue Collar
31,538,True,0.3868797602101907,0.0,0,32,White Collar
31,539,False,0.208678135078325,0.0,0,17,White Collar
31,540,True,0.0900249981999672,0.0,1,23,Blue Collar
31,541,True,0.6038569167009646,0.0,0,32,White Collar
31,542,False,0.2265233252301209,0.0,0,25,White Collar
31,543,True,0.3042970610133372,0.0,2,30,Student
31,544,False,0.1646258613749868,0.0,0,8,White Collar
31,545,False,0.1823972362349482,0.0,2,2,Student
31,546,False,0.4766491048877699,0.0,2,58,Student
31,547,True,0.5264086385938195,0.0,3,85,Retired
31,548,True,0.3609203123415569,0.0,1,73,Blue Collar
31,549,False,0.2509553296201303,0.0,0,79,White Collar
31,550,False,0.3835316726535463,0.0,0,28,White Collar
31,551,False,0.1959117186620537,0.0,0,27,White Collar
31,552,False,0.2976150813463317,0.0,1,34,Blue Collar
31,553,True,0.1323735027451481,0.0,0,29,White Collar
31,554,True,0.126311680440905,0.0,2,23,Student
31,555,False,0.3547665226580853,0.0,0,32,White Collar
31,556,False,0.3219807096428471,0.0,1,37,Blue Collar
31,557,True,0.310809260614259,0.0,0,62,White Collar
31,558,False,0.2266135263526242,0.0,1,39,Blue Collar
31,559,False,0.3116613226660596,0.0,2,52,Student
31,560,False,0.1721735905143979,0.0,3,36,Retired
31,561,False,0.0414669752128248,0.0,3,21,Retired
31,562,True,0.2761974130074415,0.0,2,54,Student
31,563,True,0.094253560316938,0.0,2,4,Student
31,564,False,0.4118445340829866,0.0,1,38,Blue Collar
31,565,False,0.5157009792685964,0.0,2,97,Student
31,566,False,0.6342283268293691,0.0,0,19,White Collar
31,567,False,0.2717021731900056,0.0,0,67,White Collar
31,568,True,0.1611555559536509,0.0,2,24,Student
31,569,False,0.3019616530585536,0.0,1,6,Blue Collar
31,570,False,0.2474761658633007,0.0,2,31,Student
31,571,False,0.2773672197869529,0.0,3,26,Retired
31,572,True,0.4722249959604593,0.0,1,43,Blue Collar
31,573,False,0.2190395136759253,0.0,0,43,White Collar
31,574,False,0.2513040412624526,0.0,2,39,Student
31,575,False,0.1344989142255937,0.0,1,32,Blue Collar
31,576,True,0.2575375190463321,0.0,1,72,Blue Collar
31,577,False,0.5758311543371692,0.0,0,37,White Collar
31,578,False,0.1747889880746776,0.0,1,8,Blue Collar
31,579,True,0.4404393990716352,0.0,2,10,Student
31,580,True,0.239968723155057,0.0,3,12,Retired
31,581,False,0.4457504855829945,0.0,1,37,Blue Collar
31,582,False,0.4181457323941839,0.0,0,51,White Collar
31,583,True,0.1247787246488094,0.0,1,63,Blue Collar
31,584,False,0.4135696874278296,0.0,2,69,Student
31,585,False,0.0855221607194543,0.0,3,12,Retired
31,586,True,0.102384952851844,0.0,0,55,White Collar
31,587,False,0.2285050887405005,0.0,2,93,Student
31,588,False,0.5466614162505907,0.0,0,38,White Collar
31,589,True,0.3510850322437097,0.0,2,8,Student
31,590,False,0.1394105760462668,0.0,0,64,White Collar
31,591,False,0.0536995154899485,0.0,0,9,White Collar
31,592,False,0.3806987361056626,0.0,2,2,Student
31,593,False,0.2794224044294483,0.0,2,32,Student
31,594,True,0.3066911814390244,0.0,0,38,White Collar
31,595,False,0.3430330836467324,0.0,0,28,White Collar
31,596,True,0.476114544370721,0.0,3,58,Retired
31,597,True,0.2554704259647891,0.0,1,24,Blue Collar
31,598,True,0.5012006017832084,0.0,0,27,White Collar
31,599,True,0.154006662960799,0.0,0,32,White Collar
31,600,True,0.0632323404051646,0.0,1,26,Blue Collar
31,601,False,0.4483454588827538,0.0,2,55,Student
31,602,True,0.1099758633977806,0.0,1,87,Blue Collar
31,603,False,0.2998031027074426,0.0,0,55,White Collar
31,604,False,0.5363077304756033,0.0,2,60,Student
31,605,True,0.0670542699936395,0.0,0,78,White Collar
31,606,False,0.3373425781481131,0.0,0,29,White Collar
31,607,True,0.0616375155621336,0.0,1,37,Blue Collar
31,608,True,0.2669105924136806,0.0,0,31,White Collar
31,609,True,0.0146819331277921,0.0,2,17,Student
31,610,False,0.0929129012701737,0.0,3,14,Retired
31,611,False,0.1620845901138898,0.0,2,63,Student
31,612,False,0.0555877186492738,0.0,0,62,White Collar
31,613,False,0.3628731421368042,0.0,2,40,Student
31,614,True,0.326185553069642,0.0,3,33,Retired
31,615,True,0.5516768599767246,0.0,3,35,Retired
31,616,True,0.1099186560623747,0.0,1,20,Blue Collar
31,617,True,0.2171848103951794,0.0,0,58,White Collar
31,618,False,0.0782209788311515,0.0,1,7,Blue Collar
31,619,False,0.1767688055025618,0.0,0,42,White Collar
31,620,True,0.5954379734962468,0.0,0,65,White Collar
31,621,False,0.3971726866093809,0.0,0,3,White Collar
31,622,False,0.1055672064555032,0.0,1,37,Blue Collar
31,623,False,0.0311859105555057,0.0,1,33,Blue Collar
31,624,False,0.0279579619790819,0.0,3,30,Retired
31,625,True,0.3679765943353593,0.0,2,21,Student
31,626,False,0.159129571300425,0.0,0,9,White Collar
31,627,False,0.7380869638355531,0.0,0,30,White Collar
31,628,False,0.2436991769678001,0.0,2,51,Student
31,629,False,0.170977740591307,0.0,1,41,Blue Collar
31,630,False,0.0807239819987891,0.0,3,46,Retired
31,631,False,0.4477791997522805,0.0,2,36,Student
31,632,False,0.197351654715525,0.0,1,80,Blue Collar
31,633,False,0.2614729695537015,0.0,0,13,White Collar
31,634,False,0.2791904822094437,0.0,0,55,White Collar
31,635,False,0.2492464228769708,0.0,0,47,White Collar
31,636,True,0.3888004532026781,0.0,2,59,Student
31,637,False,0.0898309777348184,0.0,2,10,Student
31,638,False,0.2393537041475697,0.0,0,56,White Collar
31,639,False,0.2004520499405746,0.0,0,38,White Collar
31,640,True,0.4009969437535314,0.0,1,33,Blue Collar
31,641,True,0.4674355152035755,0.0,3,50,Retired
31,642,False,0.1279157924541819,0.0,2,51,Student
31,643,True,0.403734941984525,0.0,0,4,White Collar
31,644,False,0.0894865576156005,0.0,0,12,White Collar
31,645,False,0.2478156639906327,0.0,3,39,Retired
31,646,False,0.26449203451846,0.0,2,9,Student
31,647,True,0.4549932251283338,0.0,1,20,Blue Collar
31,648,False,0.3895079338725103,0.0,1,25,Blue Collar
31,649,True,0.0971817728565808,0.0,0,34,White Collar
31,650,True,0.3828986050331805,0.0,0,55,White Collar
31,651,False,0.297838427885603,0.0,0,7,White Collar
31,652,False,0.5903979088514874,0.0,1,24,Blue Collar
31,653,False,0.1760983318750708,0.0,0,56,White Collar
31,654,False,0.2144134952920709,0.0,1,17,Blue Collar
31,655,True,0.6204682337798468,0.0,1,42,Blue Collar
31,656,True,0.4872331449600042,0.0,2,32,Student
31,657,True,0.0962069245149607,0.0,1,50,Blue Collar
31,658,True,0.2496558034719668,0.0,0,21,White Collar
31,659,False,0.341237799092246,0.0,2,48,Student
31,660,False,0.4009150563139554,0.0,1,63,Blue Collar
31,661,False,0.1179359076194324,0.0,1,47,Blue Collar
31,662,False,0.5572754113921149,0.0,0,36,White Collar
31,663,False,0.0629427880187678,0.0,0,28,White Collar
31,664,True,0.1229522065476816,0.0,1,62,Blue Collar
31,665,True,0.5302969759506505,0.0,3,54,Retired
31,666,True,0.2709993961105075,0.0,1,45,Blue Collar
31,667,False,0.2770890275188418,0.0,1,10,Blue Collar
31,668,True,0.301184192228817,0.0,2,56,Student
31,669,True,0.1401494015576146,0.0,0,53,White Collar
31,670,False,0.0737337849011167,0.0,0,43,White Collar
31,671,False,0.3291565105170932,0.0,0,52,White Collar
31,672,True,0.359768584824016,0.0,1,21,Blue Collar
31,673,False,0.3097774732702404,0.0,1,52,Blue Collar
31,674,False,0.180350414287884,0.0,1,32,Blue Collar
31,675,False,0.1104932580161498,0.0,0,28,White Collar
31,676,True,0.2268526189451653,0.0,1,34,Blue Collar
31,677,True,0.6389059701703222,0.0,2,42,Student
31,678,True,0.2431391535156832,0.0,3,22,Retired
31,679,False,0.2159680460480785,0.0,2,32,Student
31,680,False,0.2485571743584797,0.0,2,9,Student
31,681,True,0.2374704597128737,0.0,0,39,White Collar
31,682,False,0.5319284493276698,0.09647788183880707,2,61,Student
31,683,False,0.3904389243462244,0.0,0,26,White Collar
31,684,False,0.1697375890428857,0.0,0,6,White Collar
31,685,True,0.204026175015018,0.0,0,40,White Collar
31,686,False,0.2549263267105989,0.0,3,22,Retired
31,687,True,0.2890608269629373,0.0,2,2,Student
31,688,False,0.1407896901376907,0.0,0,44,White Collar
31,689,True,0.1884686348827569,0.0,1,4,Blue Collar
31,690,False,0.5651992012277928,0.0,2,18,Student
31,691,True,0.5441384134079766,0.0,1,25,Blue Collar
31,692,False,0.2074958132489381,0.0,0,40,White Collar
31,693,True,0.1937947313120766,0.0,1,45,Blue Collar
31,694,True,0.3917365978571069,0.0,0,32,White Collar
31,695,False,0.0549042835324885,0.0,2,21,Student
31,696,True,0.513200034727355,0.0,1,50,Blue Collar
31,697,False,0.1680138488305095,0.0,1,62,Blue Collar
31,698,False,0.3498451382963249,0.0,1,47,Blue Collar
31,699,False,0.0647089915680699,0.0,0,7,White Collar
31,700,True,0.3992098512519557,0.0,2,38,Student
31,701,True,0.3602074853627584,0.0,3,11,Retired
31,702,True,0.3368158164406375,0.0,0,59,White Collar
31,703,False,0.1256675155755714,0.0,3,15,Retired
31,704,True,0.186745643052941,0.0,2,2,Student
31,705,False,0.3090542956810058,0.0,0,91,White Collar
31,706,True,0.1611047165510067,0.0,0,32,White Collar
31,707,False,0.156019393834899,0.0,1,58,Blue Collar
31,708,False,0.4891720840330514,0.0,3,35,Retired
31,709,False,0.0405952160464261,0.0,0,10,White Collar
31,710,True,0.5013100171730703,0.0,1,62,Blue Collar
31,711,True,0.125480123667906,0.0,2,26,Student
31,712,False,0.3783262469877855,0.0,1,33,Blue Collar
31,713,False,0.3222129037148611,0.0,1,62,Blue Collar
31,714,False,0.1213622535720952,0.0,2,63,Student
31,715,False,0.164766719941082,0.0,1,35,Blue Collar
31,716,False,0.4210690230658028,0.0,1,4,Blue Collar
31,717,False,0.2230656431040991,0.0,1,44,Blue Collar
31,718,True,0.7475416808203147,0.0,0,49,White Collar
31,719,True,0.1765326311521286,0.0,0,70,White Collar
31,720,False,0.1693998756977423,0.0,2,18,Student
31,721,False,0.1012367631091599,0.0,1,59,Blue Collar
31,722,True,0.1552197678852778,0.0,2,41,Student
31,723,True,0.2516719879928031,0.0,0,34,White Collar
31,724,False,0.6988438963940432,0.0,0,1,White Collar
31,725,False,0.1628761947287865,0.0,2,54,Student
31,726,False,0.035861074519571,0.0,0,86,White Collar
31,727,False,0.1868926162656133,0.0,1,35,Blue Collar
31,728,True,0.2802197590789023,0.0,3,35,Retired
31,729,False,0.5039853388745347,0.0,1,14,Blue Collar
31,730,False,0.2905356993774629,0.0,0,21,White Collar
31,731,True,0.2137032540043945,0.0,1,37,Blue Collar
31,732,False,0.1742040407701023,0.0,0,30,White Collar
31,733,False,0.3991960073625363,0.0,1,47,Blue Collar
31,734,False,0.2659319496638474,0.0,2,45,Student
31,735,False,0.4020401338219225,0.0,1,30,Blue Collar
31,736,False,0.1054043592980552,0.0,2,10,Student
31,737,True,0.1896220786800948,0.0,0,64,White Collar
31,738,False,0.3548328182831716,0.0,0,92,White Collar
31,739,True,0.0785174307392475,0.0,2,83,Student
31,740,True,0.123504889954708,0.0,0,57,White Collar
31,741,False,0.2413778454503063,0.0,0,21,White Collar
31,742,True,0.4688543103047804,0.0,2,53,Student
31,743,False,0.5491671814360513,0.0,2,23,Student
31,744,False,0.1320866566288173,0.0,1,31,Blue Collar
31,745,False,0.2989363140201345,0.0,2,27,Student
31,746,False,0.5146805029932751,0.0,2,18,Student
31,747,True,0.4008971368260078,0.0,0,29,White Collar
31,748,False,0.2842255949831302,0.0,0,79,White Collar
31,749,False,0.317544110113382,0.0,2,43,Student
31,750,False,0.1384834698703489,0.0,1,63,Blue Collar
31,751,True,0.2009712364540103,0.0,2,45,Student
31,752,False,0.2418896431622072,0.0,2,35,Student
31,753,False,0.2295611941890383,0.0,2,46,Student
31,754,False,0.2156860757163646,0.0,2,36,Student
31,755,True,0.1231095801822028,0.0,2,45,Student
31,756,True,0.5160624858560737,0.0,2,48,Student
31,757,True,0.2623139249573352,0.0,3,39,Retired
31,758,False,0.2309942687514944,0.0,2,21,Student
31,759,False,0.0959512859344814,0.0,1,94,Blue Collar
31,760,False,0.340353357371217,0.0,2,51,Student
31,761,True,0.1569467002743433,0.0,0,18,White Collar
31,762,True,0.1620025771710848,0.0,1,31,Blue Collar
31,763,True,0.1945993531314553,0.0,0,24,White Collar
31,764,False,0.3889033363849212,0.0,1,7,Blue Collar
31,765,False,0.3240072686151163,0.0,2,56,Student
31,766,False,0.0569606868617727,0.0,1,6,Blue Collar
31,767,True,0.5068443274386882,0.0,1,36,Blue Collar
31,768,False,0.3043925052678168,0.0,0,52,White Collar
31,769,False,0.2972452247392276,0.0,0,37,White Collar
31,770,False,0.1367056096153261,0.0,0,10,White Collar
31,771,False,0.4491401171221709,0.0,2,49,Student
31,772,True,0.2518147960573942,0.0,3,37,Retired
31,773,True,0.1695139260731264,0.0,0,7,White Collar
31,774,False,0.0801464927057364,0.0,1,69,Blue Collar
31,775,True,0.2325370523553835,0.0,0,31,White Collar
31,776,False,0.4841625365767797,0.0,2,46,Student
31,777,True,0.1693257626556566,0.0,3,52,Retired
31,778,False,0.0747789270014016,0.0,0,59,White Collar
31,779,False,0.1852423234921943,0.0,0,15,White Collar
31,780,True,0.1679635137045052,0.0,2,1,Student
31,781,True,0.2763354949660545,0.0,0,19,White Collar
31,782,False,0.1309785515470798,0.0,1,51,Blue Collar
31,783,True,0.1542500262093677,0.0,2,51,Student
31,784,True,0.0899353835301188,0.0,1,45,Blue Collar
31,785,True,0.3465590425511273,0.0,0,43,White Collar
31,786,True,0.1649902537464189,0.0,0,22,White Collar
31,787,False,0.1454381844637113,0.0,1,93,Blue Collar
31,788,True,0.451163889216197,0.0,1,46,Blue Collar
31,789,False,0.5292063498589319,0.0,1,60,Blue Collar
31,790,False,0.3771771971387949,0.0,0,24,White Collar
31,791,True,0.4977153092263308,0.0,1,24,Blue Collar
31,792,True,0.4231845666292447,0.0,1,91,Blue Collar
31,793,True,0.2173364748969555,0.0,1,24,Blue Collar
31,794,False,0.1054974346874186,0.0,1,80,Blue Collar
31,795,False,0.177115816076833,0.0,1,29,Blue Collar
31,796,False,0.1560104234247701,0.0,1,76,Blue Collar
31,797,True,0.3583027272484148,0.0,1,62,Blue Collar
31,798,True,0.2382117203777517,0.0,2,27,Student
31,799,False,0.0444376371349206,0.0,1,22,Blue Collar
31,800,False,0.1774341564063493,0.0,3,32,Retired
31,801,False,0.0810503458688375,0.0,0,31,White Collar
31,802,True,0.2332597297899884,0.0,1,59,Blue Collar
31,803,True,0.4563029734443914,0.0,1,2,Blue Collar
31,804,False,0.1109951227085874,0.0,3,8,Retired
31,805,True,0.524107383079782,0.0,2,12,Student
31,806,True,0.2494485341513156,0.0,0,71,White Collar
31,807,False,0.3576596696917246,0.0,2,63,Student
31,808,False,0.1411241998676989,0.0,2,13,Student
31,809,True,0.2562193556155805,0.0,0,25,White Collar
31,810,True,0.5239791499617252,0.0,0,100,White Collar
31,811,False,0.4819498063691885,0.0,0,20,White Collar
31,812,True,0.2639644320402215,0.0,0,20,White Collar
31,813,False,0.223514158884564,0.0,1,40,Blue Collar
31,814,True,0.2764270470816738,0.0,2,6,Student
31,815,True,0.321129255341407,0.0,0,3,White Collar
31,816,False,0.557406885681536,0.0,0,40,White Collar
31,817,False,0.1621890861748199,0.0,1,30,Blue Collar
31,818,True,0.154807479392052,0.0,0,27,White Collar
31,819,False,0.2096039228273493,0.0,2,59,Student
31,820,True,0.1068665371877108,0.0,1,43,Blue Collar
31,821,False,0.36441921405229,0.0,2,37,Student
31,822,False,0.069854215232803,0.0,0,35,White Collar
31,823,False,0.5752524381494896,0.0,0,56,White Collar
31,824,False,0.2816515588456469,0.0,3,31,Retired
31,825,False,0.3794411536939451,0.0,1,35,Blue Collar
31,826,False,0.0456596310029253,0.0,3,44,Retired
31,827,False,0.3907392159198113,0.0,3,76,Retired
31,828,False,0.3259029406210039,0.0,2,13,Student
31,829,False,0.3450841502829877,0.0,2,39,Student
31,830,True,0.2370136739010705,0.0,2,21,Student
31,831,True,0.4243518655493258,0.0,0,27,White Collar
31,832,False,0.1288120009908881,0.0,0,18,White Collar
31,833,False,0.3299114686361586,0.0,0,23,White Collar
31,834,True,0.0667555305661823,0.0,3,72,Retired
31,835,True,0.1057107830323264,0.0,1,9,Blue Collar
31,836,True,0.5357995621053333,0.0,0,49,White Collar
31,837,False,0.1595713437757506,0.0,2,42,Student
31,838,False,0.1228798987176632,0.0,1,62,Blue Collar
31,839,True,0.3099564477393267,0.0,1,51,Blue Collar
31,840,False,0.5006741240171694,0.0,1,27,Blue Collar
31,841,False,0.1925333812435086,0.0,0,50,White Collar
31,842,True,0.6798139772747849,0.0,2,62,Student
31,843,False,0.1658069239561412,0.0,1,14,Blue Collar
31,844,False,0.445325731706341,0.0,1,60,Blue Collar
31,845,True,0.2871034665903474,0.0,1,32,Blue Collar
31,846,True,0.2051521024846308,0.0,0,42,White Collar
31,847,False,0.3569482999794101,0.0,0,35,White Collar
31,848,False,0.0872053159749631,0.0,2,37,Student
31,849,True,0.23791157291652,0.0,2,42,Student
31,850,True,0.2125906368597829,0.0,0,78,White Collar
31,851,False,0.3380474712276761,0.0,3,39,Retired
31,852,False,0.2905275608427198,0.0,0,34,White Collar
31,853,True,0.3479181328972756,0.0,0,59,White Collar
31,854,True,0.4221996077051169,0.0,1,49,Blue Collar
31,855,True,0.2424964231836355,0.0,2,31,Student
31,856,True,0.3024763373927353,0.0,1,47,Blue Collar
31,857,True,0.5685546252018754,0.0,1,49,Blue Collar
31,858,False,0.2939324011203272,0.0,1,65,Blue Collar
31,859,True,0.2371806947234474,0.0,1,5,Blue Collar
31,860,True,0.4348483136027772,0.0,1,28,Blue Collar
31,861,False,0.2476647534198212,0.0,1,31,Blue Collar
31,862,True,0.5915252921662858,0.0,1,28,Blue Collar
31,863,False,0.4941427378687356,0.0,2,22,Student
31,864,True,0.1927509224419929,0.0,0,89,White Collar
31,865,False,0.215708580571228,0.0,2,40,Student
31,866,True,0.4548274324248505,0.0,1,86,Blue Collar
31,867,True,0.432033472949111,0.0,0,61,White Collar
31,868,True,0.4727380263938699,0.0,1,42,Blue Collar
31,869,False,0.2538973946761992,0.0,0,62,White Collar
31,870,False,0.2857213617632627,0.0,3,15,Retired
31,871,True,0.2317922806044498,0.0,1,31,Blue Collar
31,872,True,0.2332041462800099,0.0,0,78,White Collar
31,873,True,0.1697303259220881,0.0,1,61,Blue Collar
31,874,False,0.4915121741124872,0.0,0,57,White Collar
31,875,False,0.3319587751508012,0.0,2,58,Student
31,876,True,0.3427031340245881,0.0,1,8,Blue Collar
31,877,False,0.4732074603715058,0.0,1,87,Blue Collar
31,878,True,0.057826174727944,0.0,0,28,White Collar
31,879,False,0.3342823374545915,0.0,0,37,White Collar
31,880,True,0.5055663733930453,0.0,0,39,White Collar
31,881,False,0.1092677169367234,0.0,0,6,White Collar
31,882,True,0.476371862104171,0.0,0,28,White Collar
31,883,True,0.3351520189164386,0.0,0,6,White Collar
31,884,False,0.3113112656037834,0.0,2,55,Student
31,885,False,0.3156514521042243,0.0,0,2,White Collar
31,886,False,0.1342593059642669,0.0,2,1,Student
31,887,True,0.0426125165402731,0.0,0,46,White Collar
31,888,False,0.4402492515093427,0.0,2,65,Student
31,889,False,0.1195934956640864,0.0,0,53,White Collar
31,890,True,0.2000779313230957,0.0,2,17,Student
31,891,True,0.7007817975708072,0.0,1,10,Blue Collar
31,892,False,0.2817555447671213,0.0,1,0,Blue Collar
31,893,False,0.3492651154755515,0.0,0,52,White Collar
31,894,False,0.183486628129589,0.0,2,28,Student
31,895,True,0.5023166737897836,0.0,0,28,White Collar
31,896,True,0.0624500784100217,0.0,1,32,Blue Collar
31,897,True,0.4354437700393007,0.0,0,34,White Collar
31,898,False,0.0920630148030118,0.0,2,91,Student
31,899,True,0.6257518883853295,0.0,1,79,Blue Collar
31,900,True,0.3770081169472025,0.0,1,11,Blue Collar
31,901,False,0.1271719790497805,0.0,0,39,White Collar
31,902,True,0.2743528735631583,0.0,1,1,Blue Collar
31,903,False,0.3825666156869312,0.0,0,3,White Collar
31,904,True,0.1784396198271592,0.0,1,34,Blue Collar
31,905,True,0.2162905367743838,0.0,0,41,White Collar
31,906,True,0.5209740341645329,0.0,1,49,Blue Collar
31,907,False,0.279074004926693,0.0,0,22,White Collar
31,908,True,0.4849887995749727,0.0,0,22,White Collar
31,909,False,0.3481128642195799,0.0,3,57,Retired
31,910,False,0.3776973082787966,0.0,2,24,Student
31,911,True,0.4552676384890686,0.0,0,34,White Collar
31,912,False,0.564636774420852,0.0,1,44,Blue Collar
31,913,False,0.1352549552408208,0.0,1,2,Blue Collar
31,914,False,0.4189062970344011,0.0,1,49,Blue Collar
31,915,True,0.6277239733678208,0.0,0,82,White Collar
31,916,True,0.4233062618932802,0.0,1,1,Blue Collar
31,917,True,0.3242865327317485,0.0,1,54,Blue Collar
31,918,True,0.5237323534287259,0.0,2,42,Student
31,919,True,0.6843643932117193,0.0,0,51,White Collar
31,920,True,0.3592652758898438,0.0,2,64,Student
31,921,True,0.3939614324212918,0.0,0,12,White Collar
31,922,True,0.3799956547644613,0.0,1,63,Blue Collar
31,923,False,0.0841743365393104,0.0,2,46,Student
31,924,True,0.4372271147397712,0.0,2,5,Student
31,925,False,0.0941077935758852,0.0,1,37,Blue Collar
31,926,False,0.3982612864989766,0.0,1,30,Blue Collar
31,927,True,0.0776550664575109,0.0,3,64,Retired
31,928,False,0.1282124549316295,0.0,1,73,Blue Collar
31,929,True,0.2142506430565661,0.0,2,10,Student
31,930,False,0.1898088523955465,0.0,1,37,Blue Collar
31,931,True,0.449549690409468,0.0,0,87,White Collar
31,932,True,0.2340831361350911,0.0,1,54,Blue Collar
31,933,False,0.1004746869111375,0.0,1,40,Blue Collar
31,934,False,0.1752910699720822,0.0,2,60,Student
31,935,False,0.3112062459089998,0.0,1,15,Blue Collar
31,936,False,0.3072581434169985,0.0,0,15,White Collar
31,937,False,0.3162298390616307,0.0,2,35,Student
31,938,True,0.4493230296578294,0.0,2,26,Student
31,939,False,0.4992607592612914,0.0,1,21,Blue Collar
31,940,False,0.3797328747609579,0.0,1,15,Blue Collar
31,941,True,0.2587951204847887,0.0,0,20,White Collar
31,942,False,0.217206502029108,0.0,1,9,Blue Collar
31,943,True,0.6337271424536701,0.0,3,55,Retired
31,944,False,0.3024225452045582,0.0,1,7,Blue Collar
31,945,True,0.353243831536729,0.0,0,60,White Collar
31,946,False,0.1960088011812329,0.0,2,44,Student
31,947,False,0.194604146338236,0.0,1,11,Blue Collar
31,948,True,0.1201659626916901,0.0,0,35,White Collar
31,949,True,0.2881738348704263,0.0,2,56,Student
31,950,False,0.1945107684338112,0.0,0,44,White Collar
31,951,True,0.2219017467003496,0.0,2,12,Student
31,952,True,0.4924424140581507,0.0,2,10,Student
31,953,True,0.0850659978225831,0.0,1,73,Blue Collar
31,954,False,0.1707846803550596,0.0,2,57,Student
31,955,False,0.3275299415979275,0.0,0,20,White Collar
31,956,True,0.3146017534698956,0.0,1,35,Blue Collar
31,957,False,0.5591300431761457,0.0,1,46,Blue Collar
31,958,False,0.0569074657411333,0.0,1,38,Blue Collar
31,959,True,0.5215862971395819,0.0,3,54,Retired
31,960,True,0.1109111744624726,0.0,0,49,White Collar
31,961,False,0.2265228453079547,0.0,2,23,Student
31,962,False,0.0823237952883983,0.0,0,57,White Collar
31,963,False,0.0203376211117979,0.0,1,63,Blue Collar
31,964,False,0.515099224706211,0.0,1,25,Blue Collar
31,965,False,0.1524295832997067,0.0,2,40,Student
31,966,True,0.401561690342304,0.0,0,77,White Collar
31,967,True,0.1934741652155991,0.0,1,22,Blue Collar
31,968,True,0.5676055160091945,0.0,1,40,Blue Collar
31,969,False,0.207457529958512,0.0,0,58,White Collar
31,970,False,0.2430327927543291,0.0,2,57,Student
31,971,False,0.1686796225990403,0.0,2,1,Student
31,972,False,0.1197872134843499,0.0,1,9,Blue Collar
31,973,False,0.4281637369757693,0.0,2,9,Student
31,974,False,0.2805328520070296,0.0,2,33,Student
31,975,True,0.0255304591814648,0.0,1,48,Blue Collar
31,976,False,0.5758838933798938,0.0,1,28,Blue Collar
31,977,False,0.2466749134265328,0.0,3,32,Retired
31,978,False,0.1265914119379539,0.0,2,36,Student
31,979,False,0.076905262823075,0.0,1,33,Blue Collar
31,980,False,0.1317865994756037,0.0,0,61,White Collar
31,981,False,0.3423522504030944,0.0,1,47,Blue Collar
31,982,True,0.4422870444385288,0.0,3,24,Retired
31,983,True,0.2290208014335576,0.0,2,98,Student
31,984,True,0.8133424050014515,0.0,2,27,Student
31,985,False,0.2079234242657764,0.0,0,29,White Collar
31,986,False,0.2608344425937606,0.0,0,10,White Collar
31,987,True,0.1095262841662347,0.0,0,62,White Collar
31,988,True,0.2508512520003949,0.0,1,21,Blue Collar
31,989,True,0.4615262690501316,0.0,0,24,White Collar
31,990,False,0.6224521206393593,0.0,0,17,White Collar
31,991,False,0.3984798933684013,0.0,1,25,Blue Collar
31,992,False,0.0587343222846886,0.0,0,38,White Collar
31,993,False,0.0996858624336007,0.0,2,61,Student
31,994,False,0.0587453867701584,0.0,1,39,Blue Collar
31,995,False,0.1404948127964428,0.0,0,86,White Collar
31,996,False,0.1813561796987826,0.0,0,8,White Collar
31,997,True,0.1207732276954052,0.0,0,89,White Collar
31,998,False,0.3803905055871858,0.0,1,28,Blue Collar
31,999,False,0.115508747068787,0.0,2,22,Student
32,0,False,0.3536766572335658,0.0,1,41,Blue Collar
32,1,False,0.2485580660782393,0.0,1,3,Blue Collar
32,2,True,0.4159590873381714,0.0,2,13,Student
32,3,False,0.1599675758099919,0.0,2,38,Student
32,4,False,0.5502830780616322,0.0,0,58,White Collar
32,5,False,0.110945287593398,0.0,1,19,Blue Collar
32,6,False,0.5098966417920571,0.0,2,27,Student
32,7,True,0.1772703794727445,0.0,0,21,White Collar
32,8,False,0.1982904719133444,0.0,1,27,Blue Collar
32,9,False,0.3762367882135499,0.0,2,31,Student
32,10,False,0.5434668040445325,0.0,0,52,White Collar
32,11,False,0.0847637629426502,0.0,1,7,Blue Collar
32,12,False,0.3579287927839609,0.0,0,44,White Collar
32,13,False,0.2733207739503824,0.0,0,46,White Collar
32,14,False,0.1343761410948502,0.0,1,40,Blue Collar
32,15,True,0.3532548500048075,0.0,2,7,Student
32,16,False,0.1327901214327579,0.0,1,80,Blue Collar
32,17,True,0.326434368425168,0.0,1,48,Blue Collar
32,18,False,0.1658104012585459,0.0,2,21,Student
32,19,True,0.207734214505591,0.0,2,51,Student
32,20,True,0.2634084880828478,0.0,0,61,White Collar
32,21,False,0.3900143303664891,0.0,0,36,White Collar
32,22,False,0.1536454700072753,0.0,0,37,White Collar
32,23,True,0.3055023511983206,0.0,0,98,White Collar
32,24,True,0.203313881265596,0.0,1,45,Blue Collar
32,25,False,0.1838768760882306,0.0,0,21,White Collar
32,26,False,0.3678240872354807,0.0,3,27,Retired
32,27,True,0.2020967664638769,0.0,1,3,Blue Collar
32,28,True,0.1863395045288194,0.0,0,39,White Collar
32,29,True,0.2835202997539891,0.0,3,0,Retired
32,30,True,0.1003993030662121,0.0,1,35,Blue Collar
32,31,True,0.207729389165234,0.0,1,9,Blue Collar
32,32,False,0.3096377073595142,0.0,1,11,Blue Collar
32,33,False,0.0443858001226034,0.0,3,57,Retired
32,34,True,0.1245792134455452,0.0,3,22,Retired
32,35,False,0.2110033201581862,0.0,2,50,Student
32,36,True,0.3581887554246956,0.0,2,21,Student
32,37,True,0.6522422663601021,0.0,1,17,Blue Collar
32,38,False,0.1622660260567806,0.0,2,36,Student
32,39,True,0.0694242954698856,0.0,3,47,Retired
32,40,True,0.076848080809821,0.0,0,63,White Collar
32,41,False,0.1744335165862888,0.0,1,55,Blue Collar
32,42,True,0.5434537469656785,0.0,0,21,White Collar
32,43,False,0.0616539134466732,0.0,2,26,Student
32,44,False,0.2356865066312641,0.0,3,2,Retired
32,45,True,0.3132941266752032,0.0,0,7,White Collar
32,46,False,0.1525833147039861,0.0,0,37,White Collar
32,47,True,0.3868863360183782,0.0,2,32,Student
32,48,False,0.4845897602554896,0.0,0,32,White Collar
32,49,False,0.0959387779732849,0.0,2,3,Student
32,50,False,0.3662241584833629,0.0,2,44,Student
32,51,False,0.2983728426907024,0.0,2,32,Student
32,52,True,0.2237663665214278,0.0,0,43,White Collar
32,53,False,0.1642916485213648,0.0,1,20,Blue Collar
32,54,False,0.4613858274628866,0.0,3,2,Retired
32,55,False,0.0983214607503696,0.0,0,15,White Collar
32,56,False,0.179247512983417,0.0,0,76,White Collar
32,57,True,0.3430187325979972,0.0,0,33,White Collar
32,58,False,0.2746698380360602,0.0,1,58,Blue Collar
32,59,False,0.4432945779277498,0.0,3,6,Retired
32,60,False,0.1327244318952246,0.0,2,29,Student
32,61,True,0.4006430877209991,0.0,2,35,Student
32,62,False,0.3225960385009868,0.0,2,5,Student
32,63,False,0.2923618255131976,0.0,2,53,Student
32,64,True,0.1135769732526367,0.0,2,38,Student
32,65,False,0.3415589572254627,0.0,0,59,White Collar
32,66,False,0.1699958739594175,0.0,2,29,Student
32,67,True,0.8014732049023443,0.0,0,50,White Collar
32,68,True,0.1317706240875745,0.0,0,66,White Collar
32,69,True,0.125499659191502,0.0,0,70,White Collar
32,70,False,0.3370138954716539,0.0,1,11,Blue Collar
32,71,True,0.0343986220052017,0.0,0,24,White Collar
32,72,False,0.159377520333094,0.0,0,39,White Collar
32,73,True,0.2615158445906097,0.0,2,40,Student
32,74,True,0.2491194021961276,0.0,1,22,Blue Collar
32,75,False,0.0685869246308145,0.0,1,25,Blue Collar
32,76,False,0.4595064072499054,0.0,0,49,White Collar
32,77,False,0.5414781386117564,0.0,2,69,Student
32,78,True,0.2605960618109315,0.0,0,19,White Collar
32,79,True,0.067535907483785,0.0,1,76,Blue Collar
32,80,False,0.0467688349727268,0.0,2,19,Student
32,81,False,0.127131476580951,0.0,0,45,White Collar
32,82,False,0.3265987258278122,0.0,0,23,White Collar
32,83,False,0.1191248654111389,0.0,1,20,Blue Collar
32,84,False,0.1077670455014623,0.0,0,22,White Collar
32,85,False,0.3246010263074086,0.0,1,60,Blue Collar
32,86,True,0.2193544911847561,0.0,3,24,Retired
32,87,False,0.3047922320216946,0.0,2,41,Student
32,88,False,0.403730071467841,0.0,1,54,Blue Collar
32,89,False,0.1841289216978105,0.0,2,49,Student
32,90,False,0.2344736594858819,0.0,1,20,Blue Collar
32,91,False,0.175068748991844,0.0,0,55,White Collar
32,92,True,0.2673316734797696,0.0,2,48,Student
32,93,True,0.238699744225137,0.0,3,21,Retired
32,94,False,0.3257956107307604,0.0,1,53,Blue Collar
32,95,False,0.4434878606676832,0.0,2,19,Student
32,96,False,0.3855671372233749,0.0,2,8,Student
32,97,True,0.0961525816865667,0.0,0,29,White Collar
32,98,True,0.2089847738799713,0.0,2,18,Student
32,99,False,0.1661962342804483,0.0,3,35,Retired
32,100,False,0.2272148735050511,0.0,1,64,Blue Collar
32,101,True,0.4759204964642726,0.0,3,40,Retired
32,102,True,0.1158847910316493,0.0,1,44,Blue Collar
32,103,False,0.1718540724955221,0.0,0,32,White Collar
32,104,True,0.2409358088306848,0.0,0,25,White Collar
32,105,True,0.1965854535395116,0.0,1,46,Blue Collar
32,106,False,0.1545074012420307,0.0,0,19,White Collar
32,107,True,0.3024753876496196,0.0,1,60,Blue Collar
32,108,False,0.2628503990216566,0.0,0,25,White Collar
32,109,True,0.1783854898271363,0.0,1,76,Blue Collar
32,110,True,0.0714033686941217,0.0,0,60,White Collar
32,111,False,0.3680479351839821,0.0,0,62,White Collar
32,112,True,0.1650023992108502,0.0,2,1,Student
32,113,False,0.6463769483914986,0.0,0,43,White Collar
32,114,False,0.5031230845032987,0.0,0,31,White Collar
32,115,False,0.4086469850455971,0.0,1,41,Blue Collar
32,116,True,0.3784719386186747,0.0,0,65,White Collar
32,117,True,0.4808171104256128,0.0,0,99,White Collar
32,118,False,0.4501527714550122,0.0,0,73,White Collar
32,119,False,0.3148546559271867,0.0,0,58,White Collar
32,120,False,0.3458306244455384,0.0,1,60,Blue Collar
32,121,True,0.5386521682270735,0.0,0,36,White Collar
32,122,True,0.3061721796943814,0.0,0,55,White Collar
32,123,True,0.145588134244425,0.0,1,65,Blue Collar
32,124,False,0.4518857472364912,0.0,2,33,Student
32,125,True,0.3599374248179245,0.0,1,29,Blue Collar
32,126,False,0.061906433771692,0.0,1,12,Blue Collar
32,127,False,0.2328545928203029,0.0,0,13,White Collar
32,128,False,0.1920824664494293,0.0,0,13,White Collar
32,129,True,0.5199092769591175,0.0,1,67,Blue Collar
32,130,True,0.2201943740399156,0.0,3,19,Retired
32,131,False,0.1377202357514125,0.0,0,32,White Collar
32,132,False,0.471971286182723,0.0,0,48,White Collar
32,133,True,0.1588460545173127,0.0,0,31,White Collar
32,134,False,0.0596894752708395,0.0,1,24,Blue Collar
32,135,False,0.3408156596522683,0.0,2,100,Student
32,136,True,0.3066486182634088,0.0,2,19,Student
32,137,True,0.2789555071166884,0.0,2,46,Student
32,138,False,0.3288097857207583,0.0,0,29,White Collar
32,139,False,0.4064901896391388,0.0,0,32,White Collar
32,140,True,0.3234596782435212,0.0,2,17,Student
32,141,False,0.1813428850517404,0.0,1,21,Blue Collar
32,142,True,0.110344420804029,0.0,2,48,Student
32,143,False,0.0626113417445731,0.0,0,4,White Collar
32,144,True,0.3893738659278771,0.0,1,95,Blue Collar
32,145,False,0.2208119923981546,0.0,1,3,Blue Collar
32,146,False,0.1705774606874289,0.0,2,37,Student
32,147,True,0.0676360338470681,0.0,0,53,White Collar
32,148,False,0.2063693713019656,0.0,2,7,Student
32,149,False,0.3587901228827754,0.0,1,60,Blue Collar
32,150,True,0.316899984774653,0.0,0,20,White Collar
32,151,True,0.1365637082251592,0.0,1,35,Blue Collar
32,152,False,0.2170837430502517,0.0,2,34,Student
32,153,False,0.1363792431986001,0.0,1,55,Blue Collar
32,154,False,0.0637349304068678,0.0,0,61,White Collar
32,155,True,0.5785716282335199,0.0,0,34,White Collar
32,156,False,0.1673754331871321,0.0,1,29,Blue Collar
32,157,False,0.485750585203021,0.0,2,14,Student
32,158,True,0.2231288814404552,0.0,0,53,White Collar
32,159,False,0.3734488472849538,0.0,2,34,Student
32,160,True,0.3866075694193058,0.0,1,38,Blue Collar
32,161,True,0.2910392925454743,0.0,2,6,Student
32,162,False,0.3584957567261279,0.0,1,26,Blue Collar
32,163,True,0.3688485254461,0.0,2,19,Student
32,164,True,0.4338558481917234,0.0,1,50,Blue Collar
32,165,False,0.0593243266171532,0.0,0,30,White Collar
32,166,False,0.1537383027458395,0.0,0,33,White Collar
32,167,True,0.690927168796683,0.0,0,6,White Collar
32,168,False,0.0492709683183529,0.0,2,77,Student
32,169,True,0.1859158401713941,0.0,3,37,Retired
32,170,True,0.2715695031402613,0.0,1,22,Blue Collar
32,171,False,0.3219105263709601,0.0,2,28,Student
32,172,True,0.4820942894903152,0.0,0,20,White Collar
32,173,True,0.319706275524256,0.0,2,15,Student
32,174,False,0.4916099383257625,0.0,0,34,White Collar
32,175,False,0.1841729708671041,0.0,2,15,Student
32,176,True,0.0293922497739453,0.0,1,37,Blue Collar
32,177,True,0.4383244007111607,0.0,3,18,Retired
32,178,True,0.2201991781916555,0.0,1,36,Blue Collar
32,179,True,0.1272898020531447,0.0,1,48,Blue Collar
32,180,True,0.5623099425360222,0.0,1,85,Blue Collar
32,181,False,0.1351692568264888,0.0,2,38,Student
32,182,False,0.1892652527031718,0.0,1,6,Blue Collar
32,183,True,0.2788522124309327,0.0,2,7,Student
32,184,False,0.2584988688589334,0.0,1,14,Blue Collar
32,185,False,0.1713624183536284,0.0,1,9,Blue Collar
32,186,False,0.3902904125361203,0.0,2,40,Student
32,187,False,0.1388409287646581,0.0,1,59,Blue Collar
32,188,True,0.4659217194194351,0.0,2,36,Student
32,189,True,0.6157519764816631,0.0,2,23,Student
32,190,True,0.3073799210471541,0.0,3,37,Retired
32,191,False,0.3116610941567272,0.0,1,28,Blue Collar
32,192,False,0.1347012643177103,0.0,0,34,White Collar
32,193,False,0.7239031844967967,0.0,0,64,White Collar
32,194,False,0.1191002777077864,0.0,0,18,White Collar
32,195,True,0.2853857889201115,0.0,0,49,White Collar
32,196,False,0.514309690041867,0.0,1,16,Blue Collar
32,197,False,0.15648979507517,0.0,0,18,White Collar
32,198,True,0.2605575260313472,0.0,0,96,White Collar
32,199,False,0.1398135905354235,0.0,0,46,White Collar
32,200,True,0.388093991336372,0.0,1,31,Blue Collar
32,201,False,0.4641645770320866,0.0,0,29,White Collar
32,202,True,0.1284580477416679,0.0,1,57,Blue Collar
32,203,False,0.0552063959733059,0.0,0,55,White Collar
32,204,False,0.0172791270801268,0.0,1,34,Blue Collar
32,205,False,0.1592498686850636,0.0,2,36,Student
32,206,False,0.2667449952728772,0.0,2,56,Student
32,207,False,0.529692033598347,0.0,1,48,Blue Collar
32,208,False,0.3071017670062408,0.0,2,13,Student
32,209,False,0.2504805636294226,0.0,3,95,Retired
32,210,True,0.4035583213875158,0.0,0,9,White Collar
32,211,False,0.3696214928596068,0.0,2,56,Student
32,212,True,0.2207809777676418,0.0,0,38,White Collar
32,213,True,0.0907414859941739,0.0,1,49,Blue Collar
32,214,True,0.4262985613707276,0.0,0,35,White Collar
32,215,True,0.3076570372812911,0.0,0,59,White Collar
32,216,False,0.0868688695425104,0.0,0,55,White Collar
32,217,True,0.3198826790647721,0.0,0,36,White Collar
32,218,False,0.1724594545811701,0.0,2,63,Student
32,219,True,0.5236077465948994,0.0,2,54,Student
32,220,False,0.144113060499894,0.0,0,53,White Collar
32,221,True,0.4369016405600799,0.0,0,45,White Collar
32,222,True,0.5620366156958401,0.0,0,37,White Collar
32,223,True,0.2038808086447868,0.0,0,44,White Collar
32,224,False,0.2652600697023149,0.0,1,54,Blue Collar
32,225,True,0.342996453032718,0.0,0,8,White Collar
32,226,True,0.3081745146780117,0.0,1,51,Blue Collar
32,227,False,0.0784764086339576,0.0,1,29,Blue Collar
32,228,True,0.2041784285394985,0.0,2,36,Student
32,229,False,0.4675748017124985,0.0,3,50,Retired
32,230,True,0.2244438821429141,0.0,1,22,Blue Collar
32,231,True,0.5642742600782021,0.0,1,5,Blue Collar
32,232,True,0.4583638031993273,0.0,0,1,White Collar
32,233,True,0.2287323521569573,0.0,0,16,White Collar
32,234,False,0.1941625323271394,0.0,2,5,Student
32,235,False,0.1140487847503583,0.0,0,48,White Collar
32,236,False,0.1188638980722389,0.0,0,39,White Collar
32,237,True,0.224300325608497,0.0,3,14,Retired
32,238,True,0.1748455929095408,0.0,3,14,Retired
32,239,True,0.2381018443075495,0.0,1,32,Blue Collar
32,240,True,0.4379433493911621,0.0,1,31,Blue Collar
32,241,False,0.3050820962749862,0.0,0,30,White Collar
32,242,True,0.4110151238583872,0.0,0,40,White Collar
32,243,False,0.2384113862023676,0.0,1,65,Blue Collar
32,244,True,0.3055585620380799,0.0,1,56,Blue Collar
32,245,True,0.2243119866738172,0.0,1,48,Blue Collar
32,246,True,0.2283035041843001,0.0,0,60,White Collar
32,247,True,0.601389322500987,0.0,1,62,Blue Collar
32,248,True,0.1861016376343618,0.0,0,68,White Collar
32,249,True,0.3322376533914182,0.0,2,23,Student
32,250,False,0.1535906531023021,0.0,2,46,Student
32,251,False,0.5895945688191788,0.0,0,52,White Collar
32,252,True,0.1360111358496654,0.0,3,49,Retired
32,253,True,0.1452923245069306,0.0,1,84,Blue Collar
32,254,True,0.4696325075583425,0.0,2,2,Student
32,255,False,0.3470548878739906,0.0,1,64,Blue Collar
32,256,True,0.2243778179558153,0.0,0,58,White Collar
32,257,True,0.380680807328598,0.0,2,17,Student
32,258,True,0.2527384697197175,0.0,0,49,White Collar
32,259,False,0.1918417920208668,0.0,1,72,Blue Collar
32,260,False,0.217770879130423,0.0,0,58,White Collar
32,261,True,0.5469541833338392,0.0,1,61,Blue Collar
32,262,True,0.4320278193633133,0.0,2,32,Student
32,263,False,0.337528941637207,0.0,2,15,Student
32,264,False,0.2801225539599779,0.0,0,31,White Collar
32,265,True,0.2046927163646063,0.0,0,58,White Collar
32,266,True,0.1978288911575661,0.0,1,13,Blue Collar
32,267,False,0.4200987516052237,0.0,2,49,Student
32,268,True,0.0945684310647346,0.0,1,26,Blue Collar
32,269,False,0.0683369109310005,0.0,3,58,Retired
32,270,False,0.3733711511916154,0.0,2,8,Student
32,271,False,0.1814974593978298,0.0,2,55,Student
32,272,True,0.4688203508208859,0.0,2,41,Student
32,273,True,0.4418376196321603,0.0,2,79,Student
32,274,True,0.2731195652421582,0.0,1,25,Blue Collar
32,275,False,0.4417392325829916,0.0,2,60,Student
32,276,True,0.4514994659346463,0.0,0,4,White Collar
32,277,False,0.5143025110676812,0.0,2,0,Student
32,278,False,0.1984804228376855,0.0,0,59,White Collar
32,279,True,0.0562449592429087,0.0,0,13,White Collar
32,280,False,0.0130969161112021,0.0,0,30,White Collar
32,281,True,0.4422153449338335,0.0,2,38,Student
32,282,False,0.2563288233480382,0.0,0,57,White Collar
32,283,True,0.1200803715075963,0.0,1,15,Blue Collar
32,284,True,0.2906548683413762,0.0,2,14,Student
32,285,False,0.248426499061781,0.0,2,43,Student
32,286,True,0.273114962563885,0.0,0,29,White Collar
32,287,False,0.2310327453733966,0.0,1,35,Blue Collar
32,288,True,0.3977583849607771,0.0,1,61,Blue Collar
32,289,False,0.1228099507461072,0.0,0,47,White Collar
32,290,False,0.2443124657062036,0.0,0,33,White Collar
32,291,True,0.1690550311731764,0.0,1,29,Blue Collar
32,292,True,0.3630143517577401,0.0,2,15,Student
32,293,True,0.1593915793032425,0.0,1,3,Blue Collar
32,294,True,0.0980124610961424,0.0,0,1,White Collar
32,295,True,0.325874443929199,0.0,0,22,White Collar
32,296,False,0.3065108052415546,0.0,1,93,Blue Collar
32,297,True,0.0767121836501658,0.0,0,85,White Collar
32,298,True,0.4728620841435421,0.0,0,40,White Collar
32,299,True,0.3157011011273116,0.0,0,36,White Collar
32,300,False,0.2063096419420389,0.0,1,32,Blue Collar
32,301,False,0.0386729386542437,0.0,1,60,Blue Collar
32,302,True,0.4168670056078366,0.0,1,62,Blue Collar
32,303,True,0.3052640817200645,0.0,3,9,Retired
32,304,True,0.360409463644948,0.0,0,4,White Collar
32,305,True,0.3196523721264053,0.0,2,0,Student
32,306,False,0.0603920315480385,0.0,0,33,White Collar
32,307,True,0.2176756192715158,0.0,3,65,Retired
32,308,True,0.4233910425225104,0.0,2,45,Student
32,309,True,0.0857535961606485,0.0,0,49,White Collar
32,310,False,0.241142100263168,0.0,0,54,White Collar
32,311,True,0.1068213695009309,0.0,2,13,Student
32,312,True,0.3939974320667165,0.0,1,35,Blue Collar
32,313,False,0.2557226333708657,0.0,2,38,Student
32,314,True,0.3840811292272226,0.0,1,74,Blue Collar
32,315,True,0.3661458059524538,0.0,1,15,Blue Collar
32,316,True,0.5816434885743039,0.0,0,26,White Collar
32,317,True,0.5621775612709531,0.0,0,43,White Collar
32,318,True,0.0884444403006964,0.0,3,33,Retired
32,319,False,0.3446235300029249,0.0,0,37,White Collar
32,320,True,0.6095654722173228,0.0,2,31,Student
32,321,True,0.3141309765261968,0.0,0,60,White Collar
32,322,True,0.6479463612947148,0.0,1,32,Blue Collar
32,323,False,0.2265019195492524,0.0,2,35,Student
32,324,True,0.4532267059451018,0.0,0,48,White Collar
32,325,True,0.5996218506997747,0.0,0,22,White Collar
32,326,False,0.1362318623539835,0.0,1,52,Blue Collar
32,327,False,0.2361379497655822,0.0,2,48,Student
32,328,True,0.6046614565204121,0.0,1,4,Blue Collar
32,329,True,0.2920487185984639,0.0,0,15,White Collar
32,330,True,0.4004222737895427,0.0,3,40,Retired
32,331,True,0.4507710944195557,0.0,0,60,White Collar
32,332,True,0.1848018664101324,0.0,2,33,Student
32,333,True,0.4101929338053977,0.0,0,27,White Collar
32,334,False,0.34973434990572,0.0,0,14,White Collar
32,335,False,0.1756191969893639,0.0,1,43,Blue Collar
32,336,False,0.2052622268743936,0.0,0,16,White Collar
32,337,True,0.6085560017364287,0.0,0,68,White Collar
32,338,False,0.141658770535373,0.0,1,51,Blue Collar
32,339,False,0.43593946275941,0.0,2,94,Student
32,340,True,0.3082365330185971,0.0,0,21,White Collar
32,341,False,0.4550063988010734,0.0,3,33,Retired
32,342,False,0.4275490847618506,0.0,0,52,White Collar
32,343,False,0.2781861683282088,0.0,1,29,Blue Collar
32,344,True,0.1852405523576611,0.0,2,51,Student
32,345,True,0.5553171992560851,0.0,0,50,White Collar
32,346,True,0.5031820579410835,0.0,0,75,White Collar
32,347,False,0.3218467203585847,0.0,0,11,White Collar
32,348,False,0.2940375021670958,0.0,0,45,White Collar
32,349,False,0.1254493851034331,0.0,1,31,Blue Collar
32,350,True,0.4444012505601111,0.0,2,16,Student
32,351,True,0.5757688148776429,0.0,0,19,White Collar
32,352,True,0.1238108655661201,0.0,2,34,Student
32,353,True,0.1417424749206275,0.0,1,9,Blue Collar
32,354,False,0.1872751990226918,0.0,1,64,Blue Collar
32,355,False,0.1912672864319361,0.0,2,38,Student
32,356,False,0.2750086185191396,0.0,1,5,Blue Collar
32,357,False,0.2594732652222252,0.0,3,26,Retired
32,358,False,0.1160173375309619,0.0,2,55,Student
32,359,True,0.5878548997680135,0.0,3,96,Retired
32,360,True,0.141844276079871,0.0,3,59,Retired
32,361,True,0.2670940915387836,0.0,0,31,White Collar
32,362,False,0.1693494018369503,0.0,1,6,Blue Collar
32,363,True,0.5051295998717548,0.0,0,39,White Collar
32,364,False,0.2152263011559128,0.0,1,99,Blue Collar
32,365,False,0.3026792843884116,0.0,0,49,White Collar
32,366,True,0.6043368946581595,0.0,3,43,Retired
32,367,True,0.2264428247113664,0.0,3,30,Retired
32,368,True,0.3300102349170474,0.0,2,30,Student
32,369,True,0.1552676357183774,0.0,0,19,White Collar
32,370,False,0.2640383541633144,0.0,1,51,Blue Collar
32,371,False,0.3870555710169233,0.0,1,34,Blue Collar
32,372,True,0.1219581579427709,0.0,1,55,Blue Collar
32,373,True,0.2307343681279402,0.0,1,6,Blue Collar
32,374,True,0.3374328449762505,0.0,0,57,White Collar
32,375,False,0.0724104629791323,0.0,2,22,Student
32,376,False,0.3782207354851397,0.0,2,55,Student
32,377,True,0.3194343997975769,0.0,2,36,Student
32,378,False,0.1972597201780969,0.0,0,23,White Collar
32,379,True,0.287172100514021,0.0,0,37,White Collar
32,380,False,0.6008221918617068,0.0,2,11,Student
32,381,False,0.0971226057228562,0.0,0,35,White Collar
32,382,False,0.2750073539162113,0.0,0,39,White Collar
32,383,False,0.5045933992123101,0.0,1,52,Blue Collar
32,384,False,0.1595183596132539,0.0,2,61,Student
32,385,False,0.2144434659745125,0.0,2,45,Student
32,386,True,0.4631573276497399,0.0,1,46,Blue Collar
32,387,False,0.278102406698222,0.0,1,96,Blue Collar
32,388,True,0.185040538482732,0.0,2,14,Student
32,389,True,0.1145555589074245,0.0,0,42,White Collar
32,390,True,0.4228950555098883,0.0,0,36,White Collar
32,391,True,0.6440679634524121,0.0,0,50,White Collar
32,392,False,0.3083255266751108,0.0,0,51,White Collar
32,393,True,0.4105774245043222,0.0,1,31,Blue Collar
32,394,True,0.1960542058844075,0.0,0,24,White Collar
32,395,True,0.1388747735087824,0.0,0,99,White Collar
32,396,False,0.0985267612391955,0.0,1,32,Blue Collar
32,397,False,0.3672611312390035,0.0,2,29,Student
32,398,True,0.5073793345737749,0.0,1,33,Blue Collar
32,399,False,0.2364619685412546,0.0,0,52,White Collar
32,400,True,0.4056361401586,0.0,0,93,White Collar
32,401,True,0.2649097709889378,0.0,1,70,Blue Collar
32,402,True,0.3808117943964557,0.0,2,40,Student
32,403,True,0.2253317470448952,0.0,1,62,Blue Collar
32,404,False,0.0451536951706062,0.0,0,11,White Collar
32,405,True,0.1643660328395617,0.0,1,4,Blue Collar
32,406,True,0.1914306997277393,0.0,0,21,White Collar
32,407,False,0.2616461141449531,0.0,0,39,White Collar
32,408,False,0.3563937219389386,0.0,0,5,White Collar
32,409,False,0.0807393667249193,0.0,1,27,Blue Collar
32,410,False,0.1084574754788678,0.0,0,38,White Collar
32,411,True,0.2455266465423252,0.0,2,22,Student
32,412,False,0.5453972463065507,0.0,3,14,Retired
32,413,False,0.3355411391283527,0.0,1,86,Blue Collar
32,414,True,0.1119325748862738,0.0,1,28,Blue Collar
32,415,True,0.0786186195421999,0.0,1,63,Blue Collar
32,416,True,0.2232495599779229,0.0,3,22,Retired
32,417,False,0.2393448930531098,0.0,2,34,Student
32,418,False,0.4691650839986767,0.0,2,36,Student
32,419,False,0.1093010128782776,0.0,3,12,Retired
32,420,False,0.350841738423868,0.0,1,32,Blue Collar
32,421,False,0.1147332768168895,0.0,0,70,White Collar
32,422,False,0.5209560844968074,0.0,1,36,Blue Collar
32,423,True,0.4629191165410449,0.0,0,93,White Collar
32,424,True,0.4458084306295856,0.0,2,57,Student
32,425,True,0.4507456473585096,0.0,0,26,White Collar
32,426,False,0.207768701685737,0.0,0,43,White Collar
32,427,False,0.5530846398930729,0.0,1,23,Blue Collar
32,428,False,0.2414057853315312,0.0,0,5,White Collar
32,429,True,0.3521991446239845,0.0,1,10,Blue Collar
32,430,False,0.5623335554103934,0.0,2,41,Student
32,431,True,0.066028107172517,0.0,1,49,Blue Collar
32,432,False,0.4780103627939779,0.0,2,39,Student
32,433,False,0.3619557421910525,0.0,3,39,Retired
32,434,False,0.4016190764260652,0.0,0,62,White Collar
32,435,False,0.1447690887902211,0.0,0,46,White Collar
32,436,False,0.1485361833971406,0.0,2,38,Student
32,437,False,0.2673122822770018,0.0,3,30,Retired
32,438,True,0.2665058948831771,0.0,2,36,Student
32,439,True,0.2016844401116823,0.0,2,14,Student
32,440,True,0.5191348577625704,0.0,1,31,Blue Collar
32,441,False,0.0125769688314679,0.0,1,76,Blue Collar
32,442,True,0.230059532111924,0.0,1,47,Blue Collar
32,443,False,0.0891624767452996,0.0,1,34,Blue Collar
32,444,True,0.5437183231209585,0.0,0,12,White Collar
32,445,False,0.3380641675028336,0.0,2,30,Student
32,446,False,0.2209937767876525,0.0,1,39,Blue Collar
32,447,True,0.1223216696690601,0.0,0,3,White Collar
32,448,False,0.327157746156919,0.0,0,65,White Collar
32,449,False,0.0999748268202887,0.0,2,17,Student
32,450,True,0.3375920398739411,0.0,0,16,White Collar
32,451,False,0.5828544730774738,0.0,1,60,Blue Collar
32,452,True,0.5490326088038333,0.0,0,91,White Collar
32,453,False,0.1444002153105774,0.0,1,30,Blue Collar
32,454,True,0.5397886850088234,0.0,2,35,Student
32,455,True,0.0491039142380159,0.0,0,56,White Collar
32,456,False,0.2269298672078842,0.0,0,45,White Collar
32,457,True,0.1507116244682386,0.0,0,9,White Collar
32,458,False,0.0397742668078514,0.0,1,34,Blue Collar
32,459,True,0.4199586775519187,0.0,0,52,White Collar
32,460,True,0.4703209324057288,0.0,1,28,Blue Collar
32,461,False,0.4593225624256609,0.0,0,41,White Collar
32,462,False,0.2928697416440324,0.0,0,65,White Collar
32,463,False,0.3253208111970423,0.0,2,15,Student
32,464,True,0.608299740483025,0.0,2,53,Student
32,465,False,0.227995917813659,0.0,2,3,Student
32,466,True,0.3285833899501695,0.0,1,32,Blue Collar
32,467,True,0.188908839828141,0.0,1,56,Blue Collar
32,468,False,0.4759491652842039,0.0,0,4,White Collar
32,469,True,0.4619524675485082,0.0,0,96,White Collar
32,470,True,0.3355219672420451,0.0,0,17,White Collar
32,471,True,0.2913305263540643,0.0,1,64,Blue Collar
32,472,True,0.3010360813901332,0.0,2,34,Student
32,473,True,0.3271906689077269,0.0,3,26,Retired
32,474,False,0.0676409928670715,0.0,2,63,Student
32,475,True,0.3328039645201829,0.0,0,30,White Collar
32,476,True,0.5689403837780267,0.0,2,50,Student
32,477,False,0.1687368232740908,0.0,1,31,Blue Collar
32,478,False,0.3234785077429782,0.0,2,50,Student
32,479,True,0.2595142364225923,0.0,1,14,Blue Collar
32,480,True,0.2107341076181594,0.0,0,36,White Collar
32,481,True,0.4454389315848823,0.0,1,22,Blue Collar
32,482,False,0.1925251778170265,0.0,3,40,Retired
32,483,False,0.4215730229751968,0.0,0,22,White Collar
32,484,True,0.3147556062634345,0.0,2,4,Student
32,485,False,0.089175148068904,0.0,1,92,Blue Collar
32,486,False,0.1813974974553684,0.0,2,39,Student
32,487,True,0.2888520759798477,0.0,2,39,Student
32,488,False,0.1912204640490106,0.0,0,48,White Collar
32,489,True,0.254632025981011,0.0,0,77,White Collar
32,490,True,0.2626091579593145,0.0,3,68,Retired
32,491,False,0.1868577020761625,0.0,1,28,Blue Collar
32,492,True,0.1235656832485277,0.0,3,22,Retired
32,493,False,0.3590902667010948,0.0,0,39,White Collar
32,494,False,0.0072479127321231,0.0,0,98,White Collar
32,495,False,0.2254122917396397,0.0,1,5,Blue Collar
32,496,True,0.3682584032090778,0.0,1,41,Blue Collar
32,497,True,0.4700537573475749,0.0,2,25,Student
32,498,True,0.2334079593854568,0.0,0,54,White Collar
32,499,True,0.604550623924786,0.0,3,46,Retired
32,500,False,0.1116182558215075,0.0,0,66,White Collar
32,501,False,0.2918006363881575,0.0,0,51,White Collar
32,502,True,0.2436788503320043,0.0,1,11,Blue Collar
32,503,False,0.0911729007382388,0.0,2,9,Student
32,504,True,0.3423826121689441,0.0,1,85,Blue Collar
32,505,True,0.2613583638874165,0.0,1,89,Blue Collar
32,506,True,0.1054542174997974,0.0,0,4,White Collar
32,507,True,0.3394195895177768,0.0,3,36,Retired
32,508,False,0.0667440465050857,0.0,1,47,Blue Collar
32,509,False,0.3948447858495602,0.0,0,21,White Collar
32,510,False,0.1701597344690188,0.0,2,37,Student
32,511,True,0.6912093386389426,0.0,0,78,White Collar
32,512,False,0.1701650430716366,0.0,0,35,White Collar
32,513,False,0.259658072094199,0.0,2,56,Student
32,514,True,0.3408592494335257,0.0,2,55,Student
32,515,False,0.1936145912070428,0.0,0,36,White Collar
32,516,True,0.4421189571746821,0.0,0,53,White Collar
32,517,True,0.2918146343826823,0.0,2,21,Student
32,518,True,0.0431616328618451,0.0,3,1,Retired
32,519,False,0.0852628517039114,0.0,0,68,White Collar
32,520,True,0.4737658354893495,0.0,0,13,White Collar
32,521,True,0.2739533039710695,0.0,0,31,White Collar
32,522,False,0.2373952074488494,0.0,2,58,Student
32,523,False,0.2670788820929144,0.0,0,17,White Collar
32,524,True,0.1034879707346583,0.0,1,66,Blue Collar
32,525,True,0.2279511321623418,0.0,0,36,White Collar
32,526,True,0.2627333305254055,0.0,0,33,White Collar
32,527,True,0.6891140409001313,0.0,2,73,Student
32,528,False,0.2505649400674639,0.0,2,41,Student
32,529,False,0.2446496929766223,0.0,0,33,White Collar
32,530,True,0.2767384149382149,0.0,0,1,White Collar
32,531,True,0.2722051205048573,0.0,2,20,Student
32,532,True,0.2299484569093162,0.0,0,37,White Collar
32,533,True,0.4257053209843408,0.0,2,51,Student
32,534,True,0.2227111874163941,0.0,2,99,Student
32,535,True,0.4773689304451496,0.0,1,18,Blue Collar
32,536,False,0.2310129865169898,0.0,0,54,White Collar
32,537,True,0.4314435361946498,0.0,1,39,Blue Collar
32,538,False,0.3868797602101907,0.0,0,32,White Collar
32,539,True,0.208678135078325,0.0,0,17,White Collar
32,540,False,0.0900249981999672,0.0,1,23,Blue Collar
32,541,False,0.6038569167009646,0.0,0,32,White Collar
32,542,False,0.2265233252301209,0.0,0,25,White Collar
32,543,False,0.3042970610133372,0.0,2,30,Student
32,544,False,0.1646258613749868,0.0,0,8,White Collar
32,545,False,0.1823972362349482,0.0,2,2,Student
32,546,False,0.4766491048877699,0.0,2,58,Student
32,547,True,0.5264086385938195,0.0,3,85,Retired
32,548,True,0.3609203123415569,0.0,1,73,Blue Collar
32,549,False,0.2509553296201303,0.0,0,79,White Collar
32,550,False,0.3835316726535463,0.0,0,28,White Collar
32,551,True,0.1959117186620537,0.0,0,27,White Collar
32,552,False,0.2976150813463317,0.0,1,34,Blue Collar
32,553,True,0.1323735027451481,0.0,0,29,White Collar
32,554,False,0.126311680440905,0.0,2,23,Student
32,555,True,0.3547665226580853,0.0,0,32,White Collar
32,556,True,0.3219807096428471,0.0,1,37,Blue Collar
32,557,False,0.310809260614259,0.0,0,62,White Collar
32,558,True,0.2266135263526242,0.0,1,39,Blue Collar
32,559,False,0.3116613226660596,0.0,2,52,Student
32,560,True,0.1721735905143979,0.0,3,36,Retired
32,561,False,0.0414669752128248,0.0,3,21,Retired
32,562,False,0.2761974130074415,0.0,2,54,Student
32,563,False,0.094253560316938,0.0,2,4,Student
32,564,False,0.4118445340829866,0.0,1,38,Blue Collar
32,565,False,0.5157009792685964,0.0,2,97,Student
32,566,True,0.6342283268293691,0.0,0,19,White Collar
32,567,True,0.2717021731900056,0.0,0,67,White Collar
32,568,True,0.1611555559536509,0.0,2,24,Student
32,569,True,0.3019616530585536,0.0,1,6,Blue Collar
32,570,True,0.2474761658633007,0.0,2,31,Student
32,571,False,0.2773672197869529,0.0,3,26,Retired
32,572,True,0.4722249959604593,0.0,1,43,Blue Collar
32,573,False,0.2190395136759253,0.0,0,43,White Collar
32,574,True,0.2513040412624526,0.0,2,39,Student
32,575,True,0.1344989142255937,0.0,1,32,Blue Collar
32,576,True,0.2575375190463321,0.0,1,72,Blue Collar
32,577,True,0.5758311543371692,0.0,0,37,White Collar
32,578,True,0.1747889880746776,0.0,1,8,Blue Collar
32,579,False,0.4404393990716352,0.0,2,10,Student
32,580,True,0.239968723155057,0.0,3,12,Retired
32,581,True,0.4457504855829945,0.0,1,37,Blue Collar
32,582,False,0.4181457323941839,0.0,0,51,White Collar
32,583,True,0.1247787246488094,0.0,1,63,Blue Collar
32,584,True,0.4135696874278296,0.0,2,69,Student
32,585,False,0.0855221607194543,0.0,3,12,Retired
32,586,True,0.102384952851844,0.0,0,55,White Collar
32,587,False,0.2285050887405005,0.0,2,93,Student
32,588,True,0.5466614162505907,0.0,0,38,White Collar
32,589,True,0.3510850322437097,0.0,2,8,Student
32,590,False,0.1394105760462668,0.0,0,64,White Collar
32,591,True,0.0536995154899485,0.0,0,9,White Collar
32,592,False,0.3806987361056626,0.0,2,2,Student
32,593,False,0.2794224044294483,0.0,2,32,Student
32,594,False,0.3066911814390244,0.0,0,38,White Collar
32,595,False,0.3430330836467324,0.0,0,28,White Collar
32,596,True,0.476114544370721,0.0,3,58,Retired
32,597,False,0.2554704259647891,0.0,1,24,Blue Collar
32,598,True,0.5012006017832084,0.0,0,27,White Collar
32,599,False,0.154006662960799,0.0,0,32,White Collar
32,600,False,0.0632323404051646,0.0,1,26,Blue Collar
32,601,False,0.4483454588827538,0.0,2,55,Student
32,602,False,0.1099758633977806,0.0,1,87,Blue Collar
32,603,False,0.2998031027074426,0.0,0,55,White Collar
32,604,True,0.5363077304756033,0.0,2,60,Student
32,605,False,0.0670542699936395,0.0,0,78,White Collar
32,606,True,0.3373425781481131,0.0,0,29,White Collar
32,607,True,0.0616375155621336,0.0,1,37,Blue Collar
32,608,False,0.2669105924136806,0.0,0,31,White Collar
32,609,False,0.0146819331277921,0.0,2,17,Student
32,610,False,0.0929129012701737,0.0,3,14,Retired
32,611,True,0.1620845901138898,0.0,2,63,Student
32,612,True,0.0555877186492738,0.0,0,62,White Collar
32,613,True,0.3628731421368042,0.0,2,40,Student
32,614,False,0.326185553069642,0.0,3,33,Retired
32,615,True,0.5516768599767246,0.0,3,35,Retired
32,616,False,0.1099186560623747,0.0,1,20,Blue Collar
32,617,True,0.2171848103951794,0.0,0,58,White Collar
32,618,False,0.0782209788311515,0.0,1,7,Blue Collar
32,619,False,0.1767688055025618,0.0,0,42,White Collar
32,620,True,0.5954379734962468,0.0,0,65,White Collar
32,621,True,0.3971726866093809,0.0,0,3,White Collar
32,622,False,0.1055672064555032,0.0,1,37,Blue Collar
32,623,False,0.0311859105555057,0.0,1,33,Blue Collar
32,624,True,0.0279579619790819,0.0,3,30,Retired
32,625,False,0.3679765943353593,0.0,2,21,Student
32,626,False,0.159129571300425,0.0,0,9,White Collar
32,627,True,0.7380869638355531,0.0,0,30,White Collar
32,628,False,0.2436991769678001,0.0,2,51,Student
32,629,False,0.170977740591307,0.0,1,41,Blue Collar
32,630,False,0.0807239819987891,0.0,3,46,Retired
32,631,False,0.4477791997522805,0.0,2,36,Student
32,632,False,0.197351654715525,0.0,1,80,Blue Collar
32,633,True,0.2614729695537015,0.0,0,13,White Collar
32,634,False,0.2791904822094437,0.0,0,55,White Collar
32,635,True,0.2492464228769708,0.0,0,47,White Collar
32,636,True,0.3888004532026781,0.0,2,59,Student
32,637,True,0.0898309777348184,0.0,2,10,Student
32,638,True,0.2393537041475697,0.0,0,56,White Collar
32,639,False,0.2004520499405746,0.0,0,38,White Collar
32,640,False,0.4009969437535314,0.0,1,33,Blue Collar
32,641,True,0.4674355152035755,0.0,3,50,Retired
32,642,False,0.1279157924541819,0.0,2,51,Student
32,643,False,0.403734941984525,0.0,0,4,White Collar
32,644,True,0.0894865576156005,0.0,0,12,White Collar
32,645,False,0.2478156639906327,0.0,3,39,Retired
32,646,False,0.26449203451846,0.0,2,9,Student
32,647,True,0.4549932251283338,0.0,1,20,Blue Collar
32,648,True,0.3895079338725103,0.0,1,25,Blue Collar
32,649,True,0.0971817728565808,0.0,0,34,White Collar
32,650,True,0.3828986050331805,0.0,0,55,White Collar
32,651,True,0.297838427885603,0.0,0,7,White Collar
32,652,True,0.5903979088514874,0.0,1,24,Blue Collar
32,653,False,0.1760983318750708,0.0,0,56,White Collar
32,654,False,0.2144134952920709,0.0,1,17,Blue Collar
32,655,False,0.6204682337798468,0.0,1,42,Blue Collar
32,656,True,0.4872331449600042,0.0,2,32,Student
32,657,True,0.0962069245149607,0.0,1,50,Blue Collar
32,658,False,0.2496558034719668,0.0,0,21,White Collar
32,659,True,0.341237799092246,0.0,2,48,Student
32,660,True,0.4009150563139554,0.0,1,63,Blue Collar
32,661,False,0.1179359076194324,0.0,1,47,Blue Collar
32,662,False,0.5572754113921149,0.0,0,36,White Collar
32,663,False,0.0629427880187678,0.0,0,28,White Collar
32,664,False,0.1229522065476816,0.0,1,62,Blue Collar
32,665,True,0.5302969759506505,0.0,3,54,Retired
32,666,False,0.2709993961105075,0.0,1,45,Blue Collar
32,667,False,0.2770890275188418,0.0,1,10,Blue Collar
32,668,False,0.301184192228817,0.0,2,56,Student
32,669,False,0.1401494015576146,0.0,0,53,White Collar
32,670,False,0.0737337849011167,0.0,0,43,White Collar
32,671,True,0.3291565105170932,0.0,0,52,White Collar
32,672,True,0.359768584824016,0.0,1,21,Blue Collar
32,673,True,0.3097774732702404,0.0,1,52,Blue Collar
32,674,False,0.180350414287884,0.0,1,32,Blue Collar
32,675,True,0.1104932580161498,0.0,0,28,White Collar
32,676,False,0.2268526189451653,0.0,1,34,Blue Collar
32,677,False,0.6389059701703222,0.0,2,42,Student
32,678,False,0.2431391535156832,0.0,3,22,Retired
32,679,True,0.2159680460480785,0.0,2,32,Student
32,680,False,0.2485571743584797,0.0,2,9,Student
32,681,False,0.2374704597128737,0.0,0,39,White Collar
32,682,True,0.5319284493276698,0.0,2,61,Student
32,683,True,0.3904389243462244,0.0,0,26,White Collar
32,684,False,0.1697375890428857,0.0,0,6,White Collar
32,685,True,0.204026175015018,0.0,0,40,White Collar
32,686,False,0.2549263267105989,0.0,3,22,Retired
32,687,True,0.2890608269629373,0.0,2,2,Student
32,688,True,0.1407896901376907,0.0,0,44,White Collar
32,689,False,0.1884686348827569,0.0,1,4,Blue Collar
32,690,True,0.5651992012277928,0.0,2,18,Student
32,691,True,0.5441384134079766,0.0,1,25,Blue Collar
32,692,False,0.2074958132489381,0.0,0,40,White Collar
32,693,False,0.1937947313120766,0.0,1,45,Blue Collar
32,694,True,0.3917365978571069,0.0,0,32,White Collar
32,695,False,0.0549042835324885,0.0,2,21,Student
32,696,False,0.513200034727355,0.0,1,50,Blue Collar
32,697,False,0.1680138488305095,0.0,1,62,Blue Collar
32,698,False,0.3498451382963249,0.0,1,47,Blue Collar
32,699,True,0.0647089915680699,0.0,0,7,White Collar
32,700,True,0.3992098512519557,0.0,2,38,Student
32,701,False,0.3602074853627584,0.0,3,11,Retired
32,702,True,0.3368158164406375,0.0,0,59,White Collar
32,703,False,0.1256675155755714,0.0,3,15,Retired
32,704,True,0.186745643052941,0.0,2,2,Student
32,705,False,0.3090542956810058,0.0,0,91,White Collar
32,706,False,0.1611047165510067,0.0,0,32,White Collar
32,707,False,0.156019393834899,0.0,1,58,Blue Collar
32,708,True,0.4891720840330514,0.0,3,35,Retired
32,709,False,0.0405952160464261,0.0,0,10,White Collar
32,710,False,0.5013100171730703,0.0,1,62,Blue Collar
32,711,False,0.125480123667906,0.0,2,26,Student
32,712,False,0.3783262469877855,0.0,1,33,Blue Collar
32,713,False,0.3222129037148611,0.0,1,62,Blue Collar
32,714,True,0.1213622535720952,0.0,2,63,Student
32,715,True,0.164766719941082,0.0,1,35,Blue Collar
32,716,False,0.4210690230658028,0.0,1,4,Blue Collar
32,717,False,0.2230656431040991,0.0,1,44,Blue Collar
32,718,True,0.7475416808203147,0.0,0,49,White Collar
32,719,True,0.1765326311521286,0.0,0,70,White Collar
32,720,False,0.1693998756977423,0.0,2,18,Student
32,721,False,0.1012367631091599,0.0,1,59,Blue Collar
32,722,False,0.1552197678852778,0.0,2,41,Student
32,723,True,0.2516719879928031,0.0,0,34,White Collar
32,724,True,0.6988438963940432,0.0,0,1,White Collar
32,725,False,0.1628761947287865,0.0,2,54,Student
32,726,False,0.035861074519571,0.0,0,86,White Collar
32,727,True,0.1868926162656133,0.0,1,35,Blue Collar
32,728,False,0.2802197590789023,0.0,3,35,Retired
32,729,False,0.5039853388745347,0.0,1,14,Blue Collar
32,730,False,0.2905356993774629,0.0,0,21,White Collar
32,731,False,0.2137032540043945,0.0,1,37,Blue Collar
32,732,False,0.1742040407701023,0.0,0,30,White Collar
32,733,True,0.3991960073625363,0.0,1,47,Blue Collar
32,734,False,0.2659319496638474,0.0,2,45,Student
32,735,False,0.4020401338219225,0.0,1,30,Blue Collar
32,736,False,0.1054043592980552,0.0,2,10,Student
32,737,False,0.1896220786800948,0.0,0,64,White Collar
32,738,True,0.3548328182831716,0.0,0,92,White Collar
32,739,False,0.0785174307392475,0.0,2,83,Student
32,740,False,0.123504889954708,0.0,0,57,White Collar
32,741,True,0.2413778454503063,0.0,0,21,White Collar
32,742,True,0.4688543103047804,0.0,2,53,Student
32,743,True,0.5491671814360513,0.0,2,23,Student
32,744,False,0.1320866566288173,0.0,1,31,Blue Collar
32,745,False,0.2989363140201345,0.0,2,27,Student
32,746,False,0.5146805029932751,0.0,2,18,Student
32,747,False,0.4008971368260078,0.0,0,29,White Collar
32,748,False,0.2842255949831302,0.0,0,79,White Collar
32,749,False,0.317544110113382,0.0,2,43,Student
32,750,False,0.1384834698703489,0.0,1,63,Blue Collar
32,751,False,0.2009712364540103,0.0,2,45,Student
32,752,False,0.2418896431622072,0.0,2,35,Student
32,753,False,0.2295611941890383,0.0,2,46,Student
32,754,False,0.2156860757163646,0.0,2,36,Student
32,755,True,0.1231095801822028,0.0,2,45,Student
32,756,True,0.5160624858560737,0.0,2,48,Student
32,757,False,0.2623139249573352,0.0,3,39,Retired
32,758,False,0.2309942687514944,0.0,2,21,Student
32,759,True,0.0959512859344814,0.0,1,94,Blue Collar
32,760,False,0.340353357371217,0.0,2,51,Student
32,761,True,0.1569467002743433,0.0,0,18,White Collar
32,762,False,0.1620025771710848,0.0,1,31,Blue Collar
32,763,True,0.1945993531314553,0.0,0,24,White Collar
32,764,True,0.3889033363849212,0.0,1,7,Blue Collar
32,765,False,0.3240072686151163,0.0,2,56,Student
32,766,True,0.0569606868617727,0.0,1,6,Blue Collar
32,767,False,0.5068443274386882,0.0,1,36,Blue Collar
32,768,True,0.3043925052678168,0.0,0,52,White Collar
32,769,False,0.2972452247392276,0.0,0,37,White Collar
32,770,False,0.1367056096153261,0.0,0,10,White Collar
32,771,True,0.4491401171221709,0.0,2,49,Student
32,772,False,0.2518147960573942,0.0,3,37,Retired
32,773,True,0.1695139260731264,0.0,0,7,White Collar
32,774,False,0.0801464927057364,0.0,1,69,Blue Collar
32,775,False,0.2325370523553835,0.0,0,31,White Collar
32,776,True,0.4841625365767797,0.0,2,46,Student
32,777,False,0.1693257626556566,0.0,3,52,Retired
32,778,False,0.0747789270014016,0.0,0,59,White Collar
32,779,True,0.1852423234921943,0.0,0,15,White Collar
32,780,True,0.1679635137045052,0.0,2,1,Student
32,781,False,0.2763354949660545,0.0,0,19,White Collar
32,782,False,0.1309785515470798,0.0,1,51,Blue Collar
32,783,False,0.1542500262093677,0.0,2,51,Student
32,784,False,0.0899353835301188,0.0,1,45,Blue Collar
32,785,False,0.3465590425511273,0.0,0,43,White Collar
32,786,True,0.1649902537464189,0.0,0,22,White Collar
32,787,True,0.1454381844637113,0.0,1,93,Blue Collar
32,788,True,0.451163889216197,0.0,1,46,Blue Collar
32,789,True,0.5292063498589319,0.0,1,60,Blue Collar
32,790,False,0.3771771971387949,0.0,0,24,White Collar
32,791,False,0.4977153092263308,0.0,1,24,Blue Collar
32,792,True,0.4231845666292447,0.0,1,91,Blue Collar
32,793,True,0.2173364748969555,0.0,1,24,Blue Collar
32,794,False,0.1054974346874186,0.0,1,80,Blue Collar
32,795,False,0.177115816076833,0.0,1,29,Blue Collar
32,796,True,0.1560104234247701,0.0,1,76,Blue Collar
32,797,False,0.3583027272484148,0.0,1,62,Blue Collar
32,798,False,0.2382117203777517,0.0,2,27,Student
32,799,False,0.0444376371349206,0.0,1,22,Blue Collar
32,800,True,0.1774341564063493,0.0,3,32,Retired
32,801,False,0.0810503458688375,0.0,0,31,White Collar
32,802,False,0.2332597297899884,0.0,1,59,Blue Collar
32,803,True,0.4563029734443914,0.0,1,2,Blue Collar
32,804,False,0.1109951227085874,0.0,3,8,Retired
32,805,False,0.524107383079782,0.0,2,12,Student
32,806,False,0.2494485341513156,0.0,0,71,White Collar
32,807,True,0.3576596696917246,0.0,2,63,Student
32,808,True,0.1411241998676989,0.0,2,13,Student
32,809,False,0.2562193556155805,0.0,0,25,White Collar
32,810,False,0.5239791499617252,0.0,0,100,White Collar
32,811,False,0.4819498063691885,0.0,0,20,White Collar
32,812,False,0.2639644320402215,0.0,0,20,White Collar
32,813,True,0.223514158884564,0.0,1,40,Blue Collar
32,814,True,0.2764270470816738,0.0,2,6,Student
32,815,False,0.321129255341407,0.0,0,3,White Collar
32,816,False,0.557406885681536,0.0,0,40,White Collar
32,817,False,0.1621890861748199,0.0,1,30,Blue Collar
32,818,False,0.154807479392052,0.0,0,27,White Collar
32,819,True,0.2096039228273493,0.0,2,59,Student
32,820,True,0.1068665371877108,0.0,1,43,Blue Collar
32,821,False,0.36441921405229,0.0,2,37,Student
32,822,False,0.069854215232803,0.0,0,35,White Collar
32,823,False,0.5752524381494896,0.0,0,56,White Collar
32,824,False,0.2816515588456469,0.0,3,31,Retired
32,825,True,0.3794411536939451,0.0,1,35,Blue Collar
32,826,True,0.0456596310029253,0.0,3,44,Retired
32,827,False,0.3907392159198113,0.0,3,76,Retired
32,828,True,0.3259029406210039,0.0,2,13,Student
32,829,True,0.3450841502829877,0.0,2,39,Student
32,830,False,0.2370136739010705,0.0,2,21,Student
32,831,True,0.4243518655493258,0.0,0,27,White Collar
32,832,True,0.1288120009908881,0.0,0,18,White Collar
32,833,True,0.3299114686361586,0.0,0,23,White Collar
32,834,True,0.0667555305661823,0.0,3,72,Retired
32,835,False,0.1057107830323264,0.0,1,9,Blue Collar
32,836,False,0.5357995621053333,0.0,0,49,White Collar
32,837,True,0.1595713437757506,0.0,2,42,Student
32,838,True,0.1228798987176632,0.0,1,62,Blue Collar
32,839,True,0.3099564477393267,0.0,1,51,Blue Collar
32,840,True,0.5006741240171694,0.0,1,27,Blue Collar
32,841,True,0.1925333812435086,0.0,0,50,White Collar
32,842,True,0.6798139772747849,0.0,2,62,Student
32,843,False,0.1658069239561412,0.0,1,14,Blue Collar
32,844,False,0.445325731706341,0.0,1,60,Blue Collar
32,845,True,0.2871034665903474,0.0,1,32,Blue Collar
32,846,False,0.2051521024846308,0.0,0,42,White Collar
32,847,True,0.3569482999794101,0.0,0,35,White Collar
32,848,False,0.0872053159749631,0.0,2,37,Student
32,849,False,0.23791157291652,0.0,2,42,Student
32,850,False,0.2125906368597829,0.0,0,78,White Collar
32,851,False,0.3380474712276761,0.0,3,39,Retired
32,852,False,0.2905275608427198,0.0,0,34,White Collar
32,853,True,0.3479181328972756,0.0,0,59,White Collar
32,854,True,0.4221996077051169,0.0,1,49,Blue Collar
32,855,True,0.2424964231836355,0.0,2,31,Student
32,856,True,0.3024763373927353,0.0,1,47,Blue Collar
32,857,False,0.5685546252018754,0.0,1,49,Blue Collar
32,858,True,0.2939324011203272,0.0,1,65,Blue Collar
32,859,False,0.2371806947234474,0.0,1,5,Blue Collar
32,860,True,0.4348483136027772,0.0,1,28,Blue Collar
32,861,True,0.2476647534198212,0.0,1,31,Blue Collar
32,862,True,0.5915252921662858,0.0,1,28,Blue Collar
32,863,True,0.4941427378687356,0.0,2,22,Student
32,864,True,0.1927509224419929,0.0,0,89,White Collar
32,865,True,0.215708580571228,0.0,2,40,Student
32,866,True,0.4548274324248505,0.0,1,86,Blue Collar
32,867,False,0.432033472949111,0.0,0,61,White Collar
32,868,True,0.4727380263938699,0.0,1,42,Blue Collar
32,869,False,0.2538973946761992,0.0,0,62,White Collar
32,870,False,0.2857213617632627,0.0,3,15,Retired
32,871,True,0.2317922806044498,0.0,1,31,Blue Collar
32,872,False,0.2332041462800099,0.0,0,78,White Collar
32,873,True,0.1697303259220881,0.0,1,61,Blue Collar
32,874,False,0.4915121741124872,0.0,0,57,White Collar
32,875,True,0.3319587751508012,0.0,2,58,Student
32,876,True,0.3427031340245881,0.0,1,8,Blue Collar
32,877,True,0.4732074603715058,0.0,1,87,Blue Collar
32,878,False,0.057826174727944,0.0,0,28,White Collar
32,879,True,0.3342823374545915,0.0,0,37,White Collar
32,880,False,0.5055663733930453,0.0,0,39,White Collar
32,881,False,0.1092677169367234,0.0,0,6,White Collar
32,882,False,0.476371862104171,0.0,0,28,White Collar
32,883,True,0.3351520189164386,0.0,0,6,White Collar
32,884,True,0.3113112656037834,0.0,2,55,Student
32,885,False,0.3156514521042243,0.0,0,2,White Collar
32,886,False,0.1342593059642669,0.0,2,1,Student
32,887,False,0.0426125165402731,0.0,0,46,White Collar
32,888,True,0.4402492515093427,0.0,2,65,Student
32,889,True,0.1195934956640864,0.0,0,53,White Collar
32,890,True,0.2000779313230957,0.0,2,17,Student
32,891,True,0.7007817975708072,0.0,1,10,Blue Collar
32,892,False,0.2817555447671213,0.0,1,0,Blue Collar
32,893,False,0.3492651154755515,0.0,0,52,White Collar
32,894,True,0.183486628129589,0.0,2,28,Student
32,895,False,0.5023166737897836,0.0,0,28,White Collar
32,896,False,0.0624500784100217,0.0,1,32,Blue Collar
32,897,False,0.4354437700393007,0.0,0,34,White Collar
32,898,True,0.0920630148030118,0.0,2,91,Student
32,899,True,0.6257518883853295,0.0,1,79,Blue Collar
32,900,False,0.3770081169472025,0.0,1,11,Blue Collar
32,901,False,0.1271719790497805,0.0,0,39,White Collar
32,902,True,0.2743528735631583,0.0,1,1,Blue Collar
32,903,False,0.3825666156869312,0.0,0,3,White Collar
32,904,False,0.1784396198271592,0.0,1,34,Blue Collar
32,905,False,0.2162905367743838,0.0,0,41,White Collar
32,906,True,0.5209740341645329,0.0,1,49,Blue Collar
32,907,False,0.279074004926693,0.0,0,22,White Collar
32,908,False,0.4849887995749727,0.0,0,22,White Collar
32,909,False,0.3481128642195799,0.0,3,57,Retired
32,910,True,0.3776973082787966,0.0,2,24,Student
32,911,True,0.4552676384890686,0.0,0,34,White Collar
32,912,True,0.564636774420852,0.0,1,44,Blue Collar
32,913,True,0.1352549552408208,0.0,1,2,Blue Collar
32,914,False,0.4189062970344011,0.0,1,49,Blue Collar
32,915,False,0.6277239733678208,0.0,0,82,White Collar
32,916,False,0.4233062618932802,0.0,1,1,Blue Collar
32,917,True,0.3242865327317485,0.0,1,54,Blue Collar
32,918,True,0.5237323534287259,0.0,2,42,Student
32,919,True,0.6843643932117193,0.0,0,51,White Collar
32,920,True,0.3592652758898438,0.0,2,64,Student
32,921,True,0.3939614324212918,0.0,0,12,White Collar
32,922,True,0.3799956547644613,0.0,1,63,Blue Collar
32,923,False,0.0841743365393104,0.0,2,46,Student
32,924,False,0.4372271147397712,0.0,2,5,Student
32,925,True,0.0941077935758852,0.0,1,37,Blue Collar
32,926,True,0.3982612864989766,0.0,1,30,Blue Collar
32,927,False,0.0776550664575109,0.0,3,64,Retired
32,928,False,0.1282124549316295,0.0,1,73,Blue Collar
32,929,True,0.2142506430565661,0.0,2,10,Student
32,930,False,0.1898088523955465,0.0,1,37,Blue Collar
32,931,False,0.449549690409468,0.0,0,87,White Collar
32,932,False,0.2340831361350911,0.0,1,54,Blue Collar
32,933,True,0.1004746869111375,0.0,1,40,Blue Collar
32,934,False,0.1752910699720822,0.0,2,60,Student
32,935,True,0.3112062459089998,0.0,1,15,Blue Collar
32,936,False,0.3072581434169985,0.0,0,15,White Collar
32,937,True,0.3162298390616307,0.0,2,35,Student
32,938,True,0.4493230296578294,0.0,2,26,Student
32,939,True,0.4992607592612914,0.0,1,21,Blue Collar
32,940,False,0.3797328747609579,0.0,1,15,Blue Collar
32,941,False,0.2587951204847887,0.0,0,20,White Collar
32,942,True,0.217206502029108,0.0,1,9,Blue Collar
32,943,False,0.6337271424536701,0.0,3,55,Retired
32,944,True,0.3024225452045582,0.0,1,7,Blue Collar
32,945,False,0.353243831536729,0.0,0,60,White Collar
32,946,False,0.1960088011812329,0.0,2,44,Student
32,947,False,0.194604146338236,0.0,1,11,Blue Collar
32,948,False,0.1201659626916901,0.0,0,35,White Collar
32,949,False,0.2881738348704263,0.0,2,56,Student
32,950,False,0.1945107684338112,0.0,0,44,White Collar
32,951,False,0.2219017467003496,0.0,2,12,Student
32,952,False,0.4924424140581507,0.0,2,10,Student
32,953,False,0.0850659978225831,0.0,1,73,Blue Collar
32,954,False,0.1707846803550596,0.0,2,57,Student
32,955,False,0.3275299415979275,0.0,0,20,White Collar
32,956,False,0.3146017534698956,0.0,1,35,Blue Collar
32,957,False,0.5591300431761457,0.0,1,46,Blue Collar
32,958,True,0.0569074657411333,0.0,1,38,Blue Collar
32,959,False,0.5215862971395819,0.0,3,54,Retired
32,960,True,0.1109111744624726,0.0,0,49,White Collar
32,961,True,0.2265228453079547,0.0,2,23,Student
32,962,False,0.0823237952883983,0.0,0,57,White Collar
32,963,False,0.0203376211117979,0.0,1,63,Blue Collar
32,964,False,0.515099224706211,0.0,1,25,Blue Collar
32,965,False,0.1524295832997067,0.0,2,40,Student
32,966,True,0.401561690342304,0.0,0,77,White Collar
32,967,False,0.1934741652155991,0.0,1,22,Blue Collar
32,968,True,0.5676055160091945,0.0,1,40,Blue Collar
32,969,False,0.207457529958512,0.0,0,58,White Collar
32,970,False,0.2430327927543291,0.0,2,57,Student
32,971,False,0.1686796225990403,0.0,2,1,Student
32,972,False,0.1197872134843499,0.0,1,9,Blue Collar
32,973,True,0.4281637369757693,0.0,2,9,Student
32,974,True,0.2805328520070296,0.0,2,33,Student
32,975,False,0.0255304591814648,0.0,1,48,Blue Collar
32,976,True,0.5758838933798938,0.0,1,28,Blue Collar
32,977,True,0.2466749134265328,0.0,3,32,Retired
32,978,True,0.1265914119379539,0.0,2,36,Student
32,979,True,0.076905262823075,0.0,1,33,Blue Collar
32,980,False,0.1317865994756037,0.0,0,61,White Collar
32,981,False,0.3423522504030944,0.0,1,47,Blue Collar
32,982,True,0.4422870444385288,0.0,3,24,Retired
32,983,True,0.2290208014335576,0.0,2,98,Student
32,984,True,0.8133424050014515,0.0,2,27,Student
32,985,False,0.2079234242657764,0.0,0,29,White Collar
32,986,True,0.2608344425937606,0.0,0,10,White Collar
32,987,False,0.1095262841662347,0.0,0,62,White Collar
32,988,False,0.2508512520003949,0.0,1,21,Blue Collar
32,989,True,0.4615262690501316,0.0,0,24,White Collar
32,990,False,0.6224521206393593,0.0,0,17,White Collar
32,991,True,0.3984798933684013,0.0,1,25,Blue Collar
32,992,True,0.0587343222846886,0.0,0,38,White Collar
32,993,False,0.0996858624336007,0.0,2,61,Student
32,994,False,0.0587453867701584,0.0,1,39,Blue Collar
32,995,True,0.1404948127964428,0.0,0,86,White Collar
32,996,False,0.1813561796987826,0.0,0,8,White Collar
32,997,False,0.1207732276954052,0.0,0,89,White Collar
32,998,True,0.3803905055871858,0.0,1,28,Blue Collar
32,999,False,0.115508747068787,0.0,2,22,Student
33,0,False,0.3536766572335658,0.0,1,41,Blue Collar
33,1,True,0.2485580660782393,0.0,1,3,Blue Collar
33,2,True,0.4159590873381714,0.0,2,13,Student
33,3,False,0.1599675758099919,0.0,2,38,Student
33,4,False,0.5502830780616322,0.0,0,58,White Collar
33,5,False,0.110945287593398,0.0,1,19,Blue Collar
33,6,True,0.5098966417920571,0.0,2,27,Student
33,7,False,0.1772703794727445,0.0,0,21,White Collar
33,8,False,0.1982904719133444,0.0,1,27,Blue Collar
33,9,True,0.3762367882135499,0.0,2,31,Student
33,10,True,0.5434668040445325,0.0,0,52,White Collar
33,11,False,0.0847637629426502,0.0,1,7,Blue Collar
33,12,False,0.3579287927839609,0.0,0,44,White Collar
33,13,False,0.2733207739503824,0.0,0,46,White Collar
33,14,True,0.1343761410948502,0.0,1,40,Blue Collar
33,15,False,0.3532548500048075,0.0,2,7,Student
33,16,False,0.1327901214327579,0.0,1,80,Blue Collar
33,17,False,0.326434368425168,0.0,1,48,Blue Collar
33,18,False,0.1658104012585459,0.0,2,21,Student
33,19,True,0.207734214505591,0.0,2,51,Student
33,20,True,0.2634084880828478,0.0,0,61,White Collar
33,21,True,0.3900143303664891,0.0,0,36,White Collar
33,22,False,0.1536454700072753,0.0,0,37,White Collar
33,23,True,0.3055023511983206,0.0,0,98,White Collar
33,24,True,0.203313881265596,0.0,1,45,Blue Collar
33,25,True,0.1838768760882306,0.0,0,21,White Collar
33,26,False,0.3678240872354807,0.0,3,27,Retired
33,27,False,0.2020967664638769,0.0,1,3,Blue Collar
33,28,True,0.1863395045288194,0.0,0,39,White Collar
33,29,False,0.2835202997539891,0.0,3,0,Retired
33,30,False,0.1003993030662121,0.0,1,35,Blue Collar
33,31,False,0.207729389165234,0.0,1,9,Blue Collar
33,32,True,0.3096377073595142,0.0,1,11,Blue Collar
33,33,True,0.0443858001226034,0.0,3,57,Retired
33,34,True,0.1245792134455452,0.0,3,22,Retired
33,35,True,0.2110033201581862,0.0,2,50,Student
33,36,False,0.3581887554246956,0.0,2,21,Student
33,37,True,0.6522422663601021,0.0,1,17,Blue Collar
33,38,True,0.1622660260567806,0.0,2,36,Student
33,39,False,0.0694242954698856,0.0,3,47,Retired
33,40,False,0.076848080809821,0.0,0,63,White Collar
33,41,False,0.1744335165862888,0.0,1,55,Blue Collar
33,42,False,0.5434537469656785,0.0,0,21,White Collar
33,43,True,0.0616539134466732,0.0,2,26,Student
33,44,False,0.2356865066312641,0.0,3,2,Retired
33,45,True,0.3132941266752032,0.0,0,7,White Collar
33,46,False,0.1525833147039861,0.0,0,37,White Collar
33,47,False,0.3868863360183782,0.0,2,32,Student
33,48,False,0.4845897602554896,0.0,0,32,White Collar
33,49,False,0.0959387779732849,0.0,2,3,Student
33,50,True,0.3662241584833629,0.0,2,44,Student
33,51,True,0.2983728426907024,0.0,2,32,Student
33,52,False,0.2237663665214278,0.0,0,43,White Collar
33,53,True,0.1642916485213648,0.0,1,20,Blue Collar
33,54,True,0.4613858274628866,0.0,3,2,Retired
33,55,False,0.0983214607503696,0.0,0,15,White Collar
33,56,False,0.179247512983417,0.0,0,76,White Collar
33,57,True,0.3430187325979972,0.0,0,33,White Collar
33,58,False,0.2746698380360602,0.0,1,58,Blue Collar
33,59,True,0.4432945779277498,0.0,3,6,Retired
33,60,True,0.1327244318952246,0.0,2,29,Student
33,61,True,0.4006430877209991,0.0,2,35,Student
33,62,True,0.3225960385009868,0.0,2,5,Student
33,63,False,0.2923618255131976,0.0,2,53,Student
33,64,False,0.1135769732526367,0.0,2,38,Student
33,65,True,0.3415589572254627,0.0,0,59,White Collar
33,66,False,0.1699958739594175,0.0,2,29,Student
33,67,False,0.8014732049023443,0.0,0,50,White Collar
33,68,True,0.1317706240875745,0.0,0,66,White Collar
33,69,False,0.125499659191502,0.0,0,70,White Collar
33,70,True,0.3370138954716539,0.0,1,11,Blue Collar
33,71,True,0.0343986220052017,0.0,0,24,White Collar
33,72,False,0.159377520333094,0.0,0,39,White Collar
33,73,True,0.2615158445906097,0.0,2,40,Student
33,74,True,0.2491194021961276,0.0,1,22,Blue Collar
33,75,True,0.0685869246308145,0.0,1,25,Blue Collar
33,76,False,0.4595064072499054,0.0,0,49,White Collar
33,77,False,0.5414781386117564,0.0,2,69,Student
33,78,True,0.2605960618109315,0.0,0,19,White Collar
33,79,False,0.067535907483785,0.0,1,76,Blue Collar
33,80,True,0.0467688349727268,0.0,2,19,Student
33,81,False,0.127131476580951,0.0,0,45,White Collar
33,82,True,0.3265987258278122,0.0,0,23,White Collar
33,83,False,0.1191248654111389,0.0,1,20,Blue Collar
33,84,False,0.1077670455014623,0.0,0,22,White Collar
33,85,False,0.3246010263074086,0.0,1,60,Blue Collar
33,86,False,0.2193544911847561,0.0,3,24,Retired
33,87,False,0.3047922320216946,0.0,2,41,Student
33,88,False,0.403730071467841,0.0,1,54,Blue Collar
33,89,False,0.1841289216978105,0.0,2,49,Student
33,90,True,0.2344736594858819,0.0,1,20,Blue Collar
33,91,True,0.175068748991844,0.0,0,55,White Collar
33,92,True,0.2673316734797696,0.0,2,48,Student
33,93,True,0.238699744225137,0.0,3,21,Retired
33,94,True,0.3257956107307604,0.0,1,53,Blue Collar
33,95,True,0.4434878606676832,0.0,2,19,Student
33,96,True,0.3855671372233749,0.0,2,8,Student
33,97,True,0.0961525816865667,0.0,0,29,White Collar
33,98,False,0.2089847738799713,0.0,2,18,Student
33,99,True,0.1661962342804483,0.0,3,35,Retired
33,100,False,0.2272148735050511,0.0,1,64,Blue Collar
33,101,True,0.4759204964642726,0.0,3,40,Retired
33,102,False,0.1158847910316493,0.0,1,44,Blue Collar
33,103,True,0.1718540724955221,0.0,0,32,White Collar
33,104,True,0.2409358088306848,0.0,0,25,White Collar
33,105,False,0.1965854535395116,0.0,1,46,Blue Collar
33,106,False,0.1545074012420307,0.0,0,19,White Collar
33,107,False,0.3024753876496196,0.0,1,60,Blue Collar
33,108,False,0.2628503990216566,0.0,0,25,White Collar
33,109,True,0.1783854898271363,0.0,1,76,Blue Collar
33,110,False,0.0714033686941217,0.0,0,60,White Collar
33,111,True,0.3680479351839821,0.0,0,62,White Collar
33,112,True,0.1650023992108502,0.0,2,1,Student
33,113,True,0.6463769483914986,0.0,0,43,White Collar
33,114,False,0.5031230845032987,0.0,0,31,White Collar
33,115,True,0.4086469850455971,0.0,1,41,Blue Collar
33,116,False,0.3784719386186747,0.0,0,65,White Collar
33,117,True,0.4808171104256128,0.0,0,99,White Collar
33,118,False,0.4501527714550122,0.0,0,73,White Collar
33,119,True,0.3148546559271867,0.0,0,58,White Collar
33,120,True,0.3458306244455384,0.0,1,60,Blue Collar
33,121,True,0.5386521682270735,0.0,0,36,White Collar
33,122,True,0.3061721796943814,0.0,0,55,White Collar
33,123,False,0.145588134244425,0.0,1,65,Blue Collar
33,124,True,0.4518857472364912,0.0,2,33,Student
33,125,True,0.3599374248179245,0.0,1,29,Blue Collar
33,126,False,0.061906433771692,0.0,1,12,Blue Collar
33,127,False,0.2328545928203029,0.0,0,13,White Collar
33,128,False,0.1920824664494293,0.0,0,13,White Collar
33,129,True,0.5199092769591175,0.0,1,67,Blue Collar
33,130,False,0.2201943740399156,0.0,3,19,Retired
33,131,False,0.1377202357514125,0.0,0,32,White Collar
33,132,True,0.471971286182723,0.0,0,48,White Collar
33,133,False,0.1588460545173127,0.0,0,31,White Collar
33,134,False,0.0596894752708395,0.0,1,24,Blue Collar
33,135,False,0.3408156596522683,0.0,2,100,Student
33,136,False,0.3066486182634088,0.0,2,19,Student
33,137,False,0.2789555071166884,0.0,2,46,Student
33,138,True,0.3288097857207583,0.0,0,29,White Collar
33,139,True,0.4064901896391388,0.0,0,32,White Collar
33,140,False,0.3234596782435212,0.0,2,17,Student
33,141,False,0.1813428850517404,0.0,1,21,Blue Collar
33,142,False,0.110344420804029,0.0,2,48,Student
33,143,False,0.0626113417445731,0.0,0,4,White Collar
33,144,True,0.3893738659278771,0.0,1,95,Blue Collar
33,145,False,0.2208119923981546,0.0,1,3,Blue Collar
33,146,False,0.1705774606874289,0.0,2,37,Student
33,147,False,0.0676360338470681,0.0,0,53,White Collar
33,148,True,0.2063693713019656,0.0,2,7,Student
33,149,True,0.3587901228827754,0.0,1,60,Blue Collar
33,150,True,0.316899984774653,0.0,0,20,White Collar
33,151,True,0.1365637082251592,0.0,1,35,Blue Collar
33,152,False,0.2170837430502517,0.0,2,34,Student
33,153,False,0.1363792431986001,0.0,1,55,Blue Collar
33,154,True,0.0637349304068678,0.0,0,61,White Collar
33,155,True,0.5785716282335199,0.0,0,34,White Collar
33,156,True,0.1673754331871321,0.0,1,29,Blue Collar
33,157,False,0.485750585203021,0.0,2,14,Student
33,158,False,0.2231288814404552,0.0,0,53,White Collar
33,159,False,0.3734488472849538,0.0,2,34,Student
33,160,False,0.3866075694193058,0.0,1,38,Blue Collar
33,161,False,0.2910392925454743,0.0,2,6,Student
33,162,True,0.3584957567261279,0.0,1,26,Blue Collar
33,163,True,0.3688485254461,0.0,2,19,Student
33,164,True,0.4338558481917234,0.0,1,50,Blue Collar
33,165,False,0.0593243266171532,0.0,0,30,White Collar
33,166,True,0.1537383027458395,0.0,0,33,White Collar
33,167,True,0.690927168796683,0.0,0,6,White Collar
33,168,True,0.0492709683183529,0.0,2,77,Student
33,169,False,0.1859158401713941,0.0,3,37,Retired
33,170,True,0.2715695031402613,0.0,1,22,Blue Collar
33,171,True,0.3219105263709601,0.0,2,28,Student
33,172,True,0.4820942894903152,0.0,0,20,White Collar
33,173,True,0.319706275524256,0.0,2,15,Student
33,174,True,0.4916099383257625,0.0,0,34,White Collar
33,175,True,0.1841729708671041,0.0,2,15,Student
33,176,False,0.0293922497739453,0.0,1,37,Blue Collar
33,177,False,0.4383244007111607,0.0,3,18,Retired
33,178,False,0.2201991781916555,0.0,1,36,Blue Collar
33,179,False,0.1272898020531447,0.0,1,48,Blue Collar
33,180,True,0.5623099425360222,0.0,1,85,Blue Collar
33,181,True,0.1351692568264888,0.0,2,38,Student
33,182,False,0.1892652527031718,0.0,1,6,Blue Collar
33,183,True,0.2788522124309327,0.0,2,7,Student
33,184,False,0.2584988688589334,0.0,1,14,Blue Collar
33,185,True,0.1713624183536284,0.0,1,9,Blue Collar
33,186,True,0.3902904125361203,0.0,2,40,Student
33,187,True,0.1388409287646581,0.0,1,59,Blue Collar
33,188,True,0.4659217194194351,0.0,2,36,Student
33,189,False,0.6157519764816631,0.0,2,23,Student
33,190,False,0.3073799210471541,0.0,3,37,Retired
33,191,False,0.3116610941567272,0.0,1,28,Blue Collar
33,192,True,0.1347012643177103,0.0,0,34,White Collar
33,193,True,0.7239031844967967,0.0,0,64,White Collar
33,194,False,0.1191002777077864,0.0,0,18,White Collar
33,195,True,0.2853857889201115,0.0,0,49,White Collar
33,196,True,0.514309690041867,0.0,1,16,Blue Collar
33,197,True,0.15648979507517,0.0,0,18,White Collar
33,198,True,0.2605575260313472,0.0,0,96,White Collar
33,199,True,0.1398135905354235,0.0,0,46,White Collar
33,200,True,0.388093991336372,0.0,1,31,Blue Collar
33,201,False,0.4641645770320866,0.0,0,29,White Collar
33,202,True,0.1284580477416679,0.0,1,57,Blue Collar
33,203,True,0.0552063959733059,0.0,0,55,White Collar
33,204,False,0.0172791270801268,0.0,1,34,Blue Collar
33,205,False,0.1592498686850636,0.0,2,36,Student
33,206,True,0.2667449952728772,0.0,2,56,Student
33,207,True,0.529692033598347,0.0,1,48,Blue Collar
33,208,False,0.3071017670062408,0.0,2,13,Student
33,209,False,0.2504805636294226,0.0,3,95,Retired
33,210,False,0.4035583213875158,0.0,0,9,White Collar
33,211,True,0.3696214928596068,0.0,2,56,Student
33,212,True,0.2207809777676418,0.0,0,38,White Collar
33,213,False,0.0907414859941739,0.0,1,49,Blue Collar
33,214,False,0.4262985613707276,0.0,0,35,White Collar
33,215,False,0.3076570372812911,0.0,0,59,White Collar
33,216,False,0.0868688695425104,0.0,0,55,White Collar
33,217,True,0.3198826790647721,0.0,0,36,White Collar
33,218,False,0.1724594545811701,0.0,2,63,Student
33,219,False,0.5236077465948994,0.0,2,54,Student
33,220,False,0.144113060499894,0.0,0,53,White Collar
33,221,True,0.4369016405600799,0.0,0,45,White Collar
33,222,False,0.5620366156958401,0.0,0,37,White Collar
33,223,False,0.2038808086447868,0.0,0,44,White Collar
33,224,True,0.2652600697023149,0.0,1,54,Blue Collar
33,225,True,0.342996453032718,0.0,0,8,White Collar
33,226,False,0.3081745146780117,0.0,1,51,Blue Collar
33,227,True,0.0784764086339576,0.0,1,29,Blue Collar
33,228,True,0.2041784285394985,0.0,2,36,Student
33,229,False,0.4675748017124985,0.0,3,50,Retired
33,230,True,0.2244438821429141,0.0,1,22,Blue Collar
33,231,True,0.5642742600782021,0.0,1,5,Blue Collar
33,232,True,0.4583638031993273,0.0,0,1,White Collar
33,233,True,0.2287323521569573,0.0,0,16,White Collar
33,234,False,0.1941625323271394,0.0,2,5,Student
33,235,True,0.1140487847503583,0.0,0,48,White Collar
33,236,True,0.1188638980722389,0.0,0,39,White Collar
33,237,True,0.224300325608497,0.0,3,14,Retired
33,238,False,0.1748455929095408,0.0,3,14,Retired
33,239,True,0.2381018443075495,0.0,1,32,Blue Collar
33,240,True,0.4379433493911621,0.0,1,31,Blue Collar
33,241,True,0.3050820962749862,0.0,0,30,White Collar
33,242,True,0.4110151238583872,0.0,0,40,White Collar
33,243,False,0.2384113862023676,0.0,1,65,Blue Collar
33,244,False,0.3055585620380799,0.0,1,56,Blue Collar
33,245,False,0.2243119866738172,0.0,1,48,Blue Collar
33,246,True,0.2283035041843001,0.0,0,60,White Collar
33,247,False,0.601389322500987,0.0,1,62,Blue Collar
33,248,True,0.1861016376343618,0.0,0,68,White Collar
33,249,True,0.3322376533914182,0.0,2,23,Student
33,250,False,0.1535906531023021,0.0,2,46,Student
33,251,True,0.5895945688191788,0.0,0,52,White Collar
33,252,True,0.1360111358496654,0.0,3,49,Retired
33,253,True,0.1452923245069306,0.0,1,84,Blue Collar
33,254,True,0.4696325075583425,0.0,2,2,Student
33,255,True,0.3470548878739906,0.0,1,64,Blue Collar
33,256,True,0.2243778179558153,0.0,0,58,White Collar
33,257,True,0.380680807328598,0.0,2,17,Student
33,258,False,0.2527384697197175,0.0,0,49,White Collar
33,259,False,0.1918417920208668,0.0,1,72,Blue Collar
33,260,True,0.217770879130423,0.0,0,58,White Collar
33,261,True,0.5469541833338392,0.0,1,61,Blue Collar
33,262,False,0.4320278193633133,0.0,2,32,Student
33,263,False,0.337528941637207,0.0,2,15,Student
33,264,False,0.2801225539599779,0.0,0,31,White Collar
33,265,False,0.2046927163646063,0.0,0,58,White Collar
33,266,True,0.1978288911575661,0.0,1,13,Blue Collar
33,267,True,0.4200987516052237,0.0,2,49,Student
33,268,True,0.0945684310647346,0.0,1,26,Blue Collar
33,269,True,0.0683369109310005,0.0,3,58,Retired
33,270,False,0.3733711511916154,0.0,2,8,Student
33,271,False,0.1814974593978298,0.0,2,55,Student
33,272,True,0.4688203508208859,0.0,2,41,Student
33,273,True,0.4418376196321603,0.0,2,79,Student
33,274,True,0.2731195652421582,0.0,1,25,Blue Collar
33,275,False,0.4417392325829916,0.0,2,60,Student
33,276,False,0.4514994659346463,0.0,0,4,White Collar
33,277,False,0.5143025110676812,0.0,2,0,Student
33,278,False,0.1984804228376855,0.0,0,59,White Collar
33,279,True,0.0562449592429087,0.0,0,13,White Collar
33,280,False,0.0130969161112021,0.0,0,30,White Collar
33,281,False,0.4422153449338335,0.0,2,38,Student
33,282,False,0.2563288233480382,0.0,0,57,White Collar
33,283,False,0.1200803715075963,0.0,1,15,Blue Collar
33,284,True,0.2906548683413762,0.0,2,14,Student
33,285,False,0.248426499061781,0.0,2,43,Student
33,286,True,0.273114962563885,0.0,0,29,White Collar
33,287,False,0.2310327453733966,0.0,1,35,Blue Collar
33,288,True,0.3977583849607771,0.0,1,61,Blue Collar
33,289,False,0.1228099507461072,0.0,0,47,White Collar
33,290,False,0.2443124657062036,0.0,0,33,White Collar
33,291,False,0.1690550311731764,0.0,1,29,Blue Collar
33,292,False,0.3630143517577401,0.0,2,15,Student
33,293,True,0.1593915793032425,0.0,1,3,Blue Collar
33,294,False,0.0980124610961424,0.0,0,1,White Collar
33,295,False,0.325874443929199,0.0,0,22,White Collar
33,296,True,0.3065108052415546,0.0,1,93,Blue Collar
33,297,True,0.0767121836501658,0.0,0,85,White Collar
33,298,True,0.4728620841435421,0.0,0,40,White Collar
33,299,True,0.3157011011273116,0.0,0,36,White Collar
33,300,False,0.2063096419420389,0.0,1,32,Blue Collar
33,301,False,0.0386729386542437,0.0,1,60,Blue Collar
33,302,True,0.4168670056078366,0.0,1,62,Blue Collar
33,303,False,0.3052640817200645,0.0,3,9,Retired
33,304,False,0.360409463644948,0.0,0,4,White Collar
33,305,False,0.3196523721264053,0.0,2,0,Student
33,306,False,0.0603920315480385,0.0,0,33,White Collar
33,307,False,0.2176756192715158,0.0,3,65,Retired
33,308,False,0.4233910425225104,0.0,2,45,Student
33,309,True,0.0857535961606485,0.0,0,49,White Collar
33,310,True,0.241142100263168,0.0,0,54,White Collar
33,311,False,0.1068213695009309,0.0,2,13,Student
33,312,True,0.3939974320667165,0.0,1,35,Blue Collar
33,313,False,0.2557226333708657,0.0,2,38,Student
33,314,True,0.3840811292272226,0.0,1,74,Blue Collar
33,315,True,0.3661458059524538,0.0,1,15,Blue Collar
33,316,False,0.5816434885743039,0.0,0,26,White Collar
33,317,False,0.5621775612709531,0.0,0,43,White Collar
33,318,True,0.0884444403006964,0.0,3,33,Retired
33,319,False,0.3446235300029249,0.0,0,37,White Collar
33,320,False,0.6095654722173228,0.0,2,31,Student
33,321,False,0.3141309765261968,0.0,0,60,White Collar
33,322,True,0.6479463612947148,0.0,1,32,Blue Collar
33,323,True,0.2265019195492524,0.0,2,35,Student
33,324,False,0.4532267059451018,0.0,0,48,White Collar
33,325,True,0.5996218506997747,0.0,0,22,White Collar
33,326,True,0.1362318623539835,0.0,1,52,Blue Collar
33,327,False,0.2361379497655822,0.0,2,48,Student
33,328,True,0.6046614565204121,0.0,1,4,Blue Collar
33,329,False,0.2920487185984639,0.0,0,15,White Collar
33,330,True,0.4004222737895427,0.0,3,40,Retired
33,331,True,0.4507710944195557,0.0,0,60,White Collar
33,332,True,0.1848018664101324,0.0,2,33,Student
33,333,True,0.4101929338053977,0.0,0,27,White Collar
33,334,True,0.34973434990572,0.0,0,14,White Collar
33,335,True,0.1756191969893639,0.0,1,43,Blue Collar
33,336,False,0.2052622268743936,0.0,0,16,White Collar
33,337,False,0.6085560017364287,0.0,0,68,White Collar
33,338,True,0.141658770535373,0.0,1,51,Blue Collar
33,339,True,0.43593946275941,0.0,2,94,Student
33,340,True,0.3082365330185971,0.0,0,21,White Collar
33,341,True,0.4550063988010734,0.0,3,33,Retired
33,342,True,0.4275490847618506,0.0,0,52,White Collar
33,343,True,0.2781861683282088,0.0,1,29,Blue Collar
33,344,False,0.1852405523576611,0.0,2,51,Student
33,345,False,0.5553171992560851,0.0,0,50,White Collar
33,346,True,0.5031820579410835,0.0,0,75,White Collar
33,347,True,0.3218467203585847,0.0,0,11,White Collar
33,348,True,0.2940375021670958,0.0,0,45,White Collar
33,349,False,0.1254493851034331,0.0,1,31,Blue Collar
33,350,True,0.4444012505601111,0.0,2,16,Student
33,351,True,0.5757688148776429,0.0,0,19,White Collar
33,352,False,0.1238108655661201,0.0,2,34,Student
33,353,True,0.1417424749206275,0.0,1,9,Blue Collar
33,354,True,0.1872751990226918,0.0,1,64,Blue Collar
33,355,True,0.1912672864319361,0.0,2,38,Student
33,356,False,0.2750086185191396,0.0,1,5,Blue Collar
33,357,False,0.2594732652222252,0.0,3,26,Retired
33,358,True,0.1160173375309619,0.0,2,55,Student
33,359,True,0.5878548997680135,0.0,3,96,Retired
33,360,False,0.141844276079871,0.0,3,59,Retired
33,361,False,0.2670940915387836,0.0,0,31,White Collar
33,362,False,0.1693494018369503,0.0,1,6,Blue Collar
33,363,True,0.5051295998717548,0.0,0,39,White Collar
33,364,True,0.2152263011559128,0.0,1,99,Blue Collar
33,365,True,0.3026792843884116,0.0,0,49,White Collar
33,366,True,0.6043368946581595,0.0,3,43,Retired
33,367,False,0.2264428247113664,0.0,3,30,Retired
33,368,True,0.3300102349170474,0.0,2,30,Student
33,369,True,0.1552676357183774,0.0,0,19,White Collar
33,370,True,0.2640383541633144,0.0,1,51,Blue Collar
33,371,False,0.3870555710169233,0.0,1,34,Blue Collar
33,372,True,0.1219581579427709,0.0,1,55,Blue Collar
33,373,False,0.2307343681279402,0.0,1,6,Blue Collar
33,374,True,0.3374328449762505,0.0,0,57,White Collar
33,375,False,0.0724104629791323,0.0,2,22,Student
33,376,False,0.3782207354851397,0.0,2,55,Student
33,377,False,0.3194343997975769,0.0,2,36,Student
33,378,False,0.1972597201780969,0.0,0,23,White Collar
33,379,False,0.287172100514021,0.0,0,37,White Collar
33,380,True,0.6008221918617068,0.0,2,11,Student
33,381,True,0.0971226057228562,0.0,0,35,White Collar
33,382,False,0.2750073539162113,0.0,0,39,White Collar
33,383,False,0.5045933992123101,0.0,1,52,Blue Collar
33,384,True,0.1595183596132539,0.0,2,61,Student
33,385,True,0.2144434659745125,0.0,2,45,Student
33,386,False,0.4631573276497399,0.0,1,46,Blue Collar
33,387,True,0.278102406698222,0.0,1,96,Blue Collar
33,388,False,0.185040538482732,0.0,2,14,Student
33,389,False,0.1145555589074245,0.0,0,42,White Collar
33,390,True,0.4228950555098883,0.0,0,36,White Collar
33,391,True,0.6440679634524121,0.0,0,50,White Collar
33,392,False,0.3083255266751108,0.0,0,51,White Collar
33,393,False,0.4105774245043222,0.0,1,31,Blue Collar
33,394,False,0.1960542058844075,0.0,0,24,White Collar
33,395,False,0.1388747735087824,0.0,0,99,White Collar
33,396,False,0.0985267612391955,0.0,1,32,Blue Collar
33,397,True,0.3672611312390035,0.0,2,29,Student
33,398,False,0.5073793345737749,0.0,1,33,Blue Collar
33,399,True,0.2364619685412546,0.0,0,52,White Collar
33,400,True,0.4056361401586,0.0,0,93,White Collar
33,401,False,0.2649097709889378,0.0,1,70,Blue Collar
33,402,False,0.3808117943964557,0.0,2,40,Student
33,403,True,0.2253317470448952,0.0,1,62,Blue Collar
33,404,True,0.0451536951706062,0.0,0,11,White Collar
33,405,False,0.1643660328395617,0.0,1,4,Blue Collar
33,406,True,0.1914306997277393,0.0,0,21,White Collar
33,407,True,0.2616461141449531,0.0,0,39,White Collar
33,408,False,0.3563937219389386,0.0,0,5,White Collar
33,409,False,0.0807393667249193,0.0,1,27,Blue Collar
33,410,False,0.1084574754788678,0.0,0,38,White Collar
33,411,True,0.2455266465423252,0.0,2,22,Student
33,412,True,0.5453972463065507,0.0,3,14,Retired
33,413,False,0.3355411391283527,0.0,1,86,Blue Collar
33,414,False,0.1119325748862738,0.0,1,28,Blue Collar
33,415,False,0.0786186195421999,0.0,1,63,Blue Collar
33,416,True,0.2232495599779229,0.0,3,22,Retired
33,417,False,0.2393448930531098,0.0,2,34,Student
33,418,True,0.4691650839986767,0.0,2,36,Student
33,419,False,0.1093010128782776,0.0,3,12,Retired
33,420,True,0.350841738423868,0.0,1,32,Blue Collar
33,421,True,0.1147332768168895,0.0,0,70,White Collar
33,422,False,0.5209560844968074,0.0,1,36,Blue Collar
33,423,True,0.4629191165410449,0.0,0,93,White Collar
33,424,False,0.4458084306295856,0.0,2,57,Student
33,425,True,0.4507456473585096,0.0,0,26,White Collar
33,426,True,0.207768701685737,0.0,0,43,White Collar
33,427,True,0.5530846398930729,0.0,1,23,Blue Collar
33,428,True,0.2414057853315312,0.0,0,5,White Collar
33,429,True,0.3521991446239845,0.0,1,10,Blue Collar
33,430,False,0.5623335554103934,0.0,2,41,Student
33,431,True,0.066028107172517,0.0,1,49,Blue Collar
33,432,True,0.4780103627939779,0.0,2,39,Student
33,433,False,0.3619557421910525,0.0,3,39,Retired
33,434,True,0.4016190764260652,0.0,0,62,White Collar
33,435,True,0.1447690887902211,0.0,0,46,White Collar
33,436,True,0.1485361833971406,0.0,2,38,Student
33,437,False,0.2673122822770018,0.0,3,30,Retired
33,438,True,0.2665058948831771,0.0,2,36,Student
33,439,False,0.2016844401116823,0.0,2,14,Student
33,440,True,0.5191348577625704,0.0,1,31,Blue Collar
33,441,False,0.0125769688314679,0.0,1,76,Blue Collar
33,442,True,0.230059532111924,0.0,1,47,Blue Collar
33,443,True,0.0891624767452996,0.0,1,34,Blue Collar
33,444,False,0.5437183231209585,0.0,0,12,White Collar
33,445,False,0.3380641675028336,0.0,2,30,Student
33,446,True,0.2209937767876525,0.0,1,39,Blue Collar
33,447,True,0.1223216696690601,0.0,0,3,White Collar
33,448,False,0.327157746156919,0.0,0,65,White Collar
33,449,False,0.0999748268202887,0.0,2,17,Student
33,450,True,0.3375920398739411,0.0,0,16,White Collar
33,451,False,0.5828544730774738,0.0,1,60,Blue Collar
33,452,True,0.5490326088038333,0.0,0,91,White Collar
33,453,False,0.1444002153105774,0.0,1,30,Blue Collar
33,454,True,0.5397886850088234,0.0,2,35,Student
33,455,False,0.0491039142380159,0.0,0,56,White Collar
33,456,False,0.2269298672078842,0.0,0,45,White Collar
33,457,False,0.1507116244682386,0.0,0,9,White Collar
33,458,True,0.0397742668078514,0.0,1,34,Blue Collar
33,459,False,0.4199586775519187,0.0,0,52,White Collar
33,460,True,0.4703209324057288,0.0,1,28,Blue Collar
33,461,True,0.4593225624256609,0.0,0,41,White Collar
33,462,True,0.2928697416440324,0.0,0,65,White Collar
33,463,False,0.3253208111970423,0.0,2,15,Student
33,464,True,0.608299740483025,0.0,2,53,Student
33,465,False,0.227995917813659,0.0,2,3,Student
33,466,True,0.3285833899501695,0.0,1,32,Blue Collar
33,467,True,0.188908839828141,0.0,1,56,Blue Collar
33,468,False,0.4759491652842039,0.0,0,4,White Collar
33,469,True,0.4619524675485082,0.0,0,96,White Collar
33,470,True,0.3355219672420451,0.0,0,17,White Collar
33,471,True,0.2913305263540643,0.0,1,64,Blue Collar
33,472,False,0.3010360813901332,0.0,2,34,Student
33,473,True,0.3271906689077269,0.0,3,26,Retired
33,474,True,0.0676409928670715,0.0,2,63,Student
33,475,False,0.3328039645201829,0.0,0,30,White Collar
33,476,True,0.5689403837780267,0.0,2,50,Student
33,477,True,0.1687368232740908,0.0,1,31,Blue Collar
33,478,False,0.3234785077429782,0.0,2,50,Student
33,479,False,0.2595142364225923,0.0,1,14,Blue Collar
33,480,True,0.2107341076181594,0.0,0,36,White Collar
33,481,True,0.4454389315848823,0.0,1,22,Blue Collar
33,482,True,0.1925251778170265,0.0,3,40,Retired
33,483,True,0.4215730229751968,0.0,0,22,White Collar
33,484,True,0.3147556062634345,0.0,2,4,Student
33,485,True,0.089175148068904,0.0,1,92,Blue Collar
33,486,False,0.1813974974553684,0.0,2,39,Student
33,487,True,0.2888520759798477,0.0,2,39,Student
33,488,True,0.1912204640490106,0.0,0,48,White Collar
33,489,True,0.254632025981011,0.0,0,77,White Collar
33,490,True,0.2626091579593145,0.0,3,68,Retired
33,491,True,0.1868577020761625,0.0,1,28,Blue Collar
33,492,True,0.1235656832485277,0.0,3,22,Retired
33,493,False,0.3590902667010948,0.0,0,39,White Collar
33,494,False,0.0072479127321231,0.0,0,98,White Collar
33,495,False,0.2254122917396397,0.0,1,5,Blue Collar
33,496,False,0.3682584032090778,0.0,1,41,Blue Collar
33,497,False,0.4700537573475749,0.0,2,25,Student
33,498,True,0.2334079593854568,0.0,0,54,White Collar
33,499,False,0.604550623924786,0.0,3,46,Retired
33,500,True,0.1116182558215075,0.0,0,66,White Collar
33,501,False,0.2918006363881575,0.0,0,51,White Collar
33,502,False,0.2436788503320043,0.0,1,11,Blue Collar
33,503,False,0.0911729007382388,0.0,2,9,Student
33,504,True,0.3423826121689441,0.0,1,85,Blue Collar
33,505,True,0.2613583638874165,0.0,1,89,Blue Collar
33,506,True,0.1054542174997974,0.0,0,4,White Collar
33,507,False,0.3394195895177768,0.0,3,36,Retired
33,508,False,0.0667440465050857,0.0,1,47,Blue Collar
33,509,False,0.3948447858495602,0.0,0,21,White Collar
33,510,True,0.1701597344690188,0.0,2,37,Student
33,511,True,0.6912093386389426,0.0,0,78,White Collar
33,512,False,0.1701650430716366,0.0,0,35,White Collar
33,513,False,0.259658072094199,0.0,2,56,Student
33,514,True,0.3408592494335257,0.0,2,55,Student
33,515,False,0.1936145912070428,0.0,0,36,White Collar
33,516,False,0.4421189571746821,0.0,0,53,White Collar
33,517,True,0.2918146343826823,0.0,2,21,Student
33,518,False,0.0431616328618451,0.0,3,1,Retired
33,519,True,0.0852628517039114,0.0,0,68,White Collar
33,520,True,0.4737658354893495,0.0,0,13,White Collar
33,521,False,0.2739533039710695,0.0,0,31,White Collar
33,522,False,0.2373952074488494,0.0,2,58,Student
33,523,False,0.2670788820929144,0.0,0,17,White Collar
33,524,False,0.1034879707346583,0.0,1,66,Blue Collar
33,525,False,0.2279511321623418,0.0,0,36,White Collar
33,526,False,0.2627333305254055,0.0,0,33,White Collar
33,527,True,0.6891140409001313,0.0,2,73,Student
33,528,True,0.2505649400674639,0.0,2,41,Student
33,529,True,0.2446496929766223,0.0,0,33,White Collar
33,530,True,0.2767384149382149,0.0,0,1,White Collar
33,531,False,0.2722051205048573,0.0,2,20,Student
33,532,False,0.2299484569093162,0.0,0,37,White Collar
33,533,True,0.4257053209843408,0.0,2,51,Student
33,534,False,0.2227111874163941,0.0,2,99,Student
33,535,True,0.4773689304451496,0.0,1,18,Blue Collar
33,536,True,0.2310129865169898,0.0,0,54,White Collar
33,537,True,0.4314435361946498,0.0,1,39,Blue Collar
33,538,True,0.3868797602101907,0.0,0,32,White Collar
33,539,False,0.208678135078325,0.0,0,17,White Collar
33,540,False,0.0900249981999672,0.0,1,23,Blue Collar
33,541,True,0.6038569167009646,0.0,0,32,White Collar
33,542,True,0.2265233252301209,0.0,0,25,White Collar
33,543,False,0.3042970610133372,0.0,2,30,Student
33,544,False,0.1646258613749868,0.0,0,8,White Collar
33,545,True,0.1823972362349482,0.0,2,2,Student
33,546,False,0.4766491048877699,0.0,2,58,Student
33,547,True,0.5264086385938195,0.0,3,85,Retired
33,548,True,0.3609203123415569,0.0,1,73,Blue Collar
33,549,False,0.2509553296201303,0.0,0,79,White Collar
33,550,True,0.3835316726535463,0.0,0,28,White Collar
33,551,False,0.1959117186620537,0.0,0,27,White Collar
33,552,False,0.2976150813463317,0.0,1,34,Blue Collar
33,553,False,0.1323735027451481,0.0,0,29,White Collar
33,554,True,0.126311680440905,0.0,2,23,Student
33,555,False,0.3547665226580853,0.0,0,32,White Collar
33,556,True,0.3219807096428471,0.0,1,37,Blue Collar
33,557,True,0.310809260614259,0.0,0,62,White Collar
33,558,False,0.2266135263526242,0.0,1,39,Blue Collar
33,559,True,0.3116613226660596,0.0,2,52,Student
33,560,True,0.1721735905143979,0.0,3,36,Retired
33,561,True,0.0414669752128248,0.0,3,21,Retired
33,562,False,0.2761974130074415,0.0,2,54,Student
33,563,False,0.094253560316938,0.0,2,4,Student
33,564,False,0.4118445340829866,0.0,1,38,Blue Collar
33,565,False,0.5157009792685964,0.0,2,97,Student
33,566,True,0.6342283268293691,0.0,0,19,White Collar
33,567,True,0.2717021731900056,0.0,0,67,White Collar
33,568,False,0.1611555559536509,0.0,2,24,Student
33,569,True,0.3019616530585536,0.0,1,6,Blue Collar
33,570,True,0.2474761658633007,0.0,2,31,Student
33,571,True,0.2773672197869529,0.0,3,26,Retired
33,572,True,0.4722249959604593,0.0,1,43,Blue Collar
33,573,False,0.2190395136759253,0.0,0,43,White Collar
33,574,False,0.2513040412624526,0.0,2,39,Student
33,575,False,0.1344989142255937,0.0,1,32,Blue Collar
33,576,True,0.2575375190463321,0.0,1,72,Blue Collar
33,577,True,0.5758311543371692,0.0,0,37,White Collar
33,578,True,0.1747889880746776,0.0,1,8,Blue Collar
33,579,True,0.4404393990716352,0.0,2,10,Student
33,580,True,0.239968723155057,0.0,3,12,Retired
33,581,True,0.4457504855829945,0.0,1,37,Blue Collar
33,582,False,0.4181457323941839,0.0,0,51,White Collar
33,583,False,0.1247787246488094,0.0,1,63,Blue Collar
33,584,False,0.4135696874278296,0.0,2,69,Student
33,585,False,0.0855221607194543,0.0,3,12,Retired
33,586,True,0.102384952851844,0.0,0,55,White Collar
33,587,False,0.2285050887405005,0.0,2,93,Student
33,588,False,0.5466614162505907,0.0,0,38,White Collar
33,589,True,0.3510850322437097,0.0,2,8,Student
33,590,False,0.1394105760462668,0.0,0,64,White Collar
33,591,True,0.0536995154899485,0.0,0,9,White Collar
33,592,False,0.3806987361056626,0.0,2,2,Student
33,593,True,0.2794224044294483,0.0,2,32,Student
33,594,False,0.3066911814390244,0.0,0,38,White Collar
33,595,False,0.3430330836467324,0.0,0,28,White Collar
33,596,False,0.476114544370721,0.0,3,58,Retired
33,597,False,0.2554704259647891,0.0,1,24,Blue Collar
33,598,True,0.5012006017832084,0.0,0,27,White Collar
33,599,True,0.154006662960799,0.0,0,32,White Collar
33,600,True,0.0632323404051646,0.0,1,26,Blue Collar
33,601,True,0.4483454588827538,0.0,2,55,Student
33,602,True,0.1099758633977806,0.0,1,87,Blue Collar
33,603,True,0.2998031027074426,0.0,0,55,White Collar
33,604,False,0.5363077304756033,0.0,2,60,Student
33,605,False,0.0670542699936395,0.0,0,78,White Collar
33,606,False,0.3373425781481131,0.0,0,29,White Collar
33,607,True,0.0616375155621336,0.0,1,37,Blue Collar
33,608,False,0.2669105924136806,0.0,0,31,White Collar
33,609,False,0.0146819331277921,0.0,2,17,Student
33,610,False,0.0929129012701737,0.0,3,14,Retired
33,611,False,0.1620845901138898,0.0,2,63,Student
33,612,True,0.0555877186492738,0.0,0,62,White Collar
33,613,False,0.3628731421368042,0.0,2,40,Student
33,614,False,0.326185553069642,0.0,3,33,Retired
33,615,False,0.5516768599767246,0.0,3,35,Retired
33,616,True,0.1099186560623747,0.0,1,20,Blue Collar
33,617,False,0.2171848103951794,0.0,0,58,White Collar
33,618,False,0.0782209788311515,0.0,1,7,Blue Collar
33,619,False,0.1767688055025618,0.0,0,42,White Collar
33,620,False,0.5954379734962468,0.0,0,65,White Collar
33,621,False,0.3971726866093809,0.0,0,3,White Collar
33,622,False,0.1055672064555032,0.0,1,37,Blue Collar
33,623,True,0.0311859105555057,0.0,1,33,Blue Collar
33,624,False,0.0279579619790819,0.0,3,30,Retired
33,625,True,0.3679765943353593,0.0,2,21,Student
33,626,False,0.159129571300425,0.0,0,9,White Collar
33,627,True,0.7380869638355531,0.0,0,30,White Collar
33,628,True,0.2436991769678001,0.0,2,51,Student
33,629,True,0.170977740591307,0.0,1,41,Blue Collar
33,630,False,0.0807239819987891,0.0,3,46,Retired
33,631,True,0.4477791997522805,0.0,2,36,Student
33,632,False,0.197351654715525,0.0,1,80,Blue Collar
33,633,True,0.2614729695537015,0.0,0,13,White Collar
33,634,False,0.2791904822094437,0.0,0,55,White Collar
33,635,True,0.2492464228769708,0.0,0,47,White Collar
33,636,False,0.3888004532026781,0.0,2,59,Student
33,637,False,0.0898309777348184,0.0,2,10,Student
33,638,False,0.2393537041475697,0.0,0,56,White Collar
33,639,False,0.2004520499405746,0.0,0,38,White Collar
33,640,True,0.4009969437535314,0.0,1,33,Blue Collar
33,641,False,0.4674355152035755,0.0,3,50,Retired
33,642,False,0.1279157924541819,0.0,2,51,Student
33,643,True,0.403734941984525,0.0,0,4,White Collar
33,644,True,0.0894865576156005,0.0,0,12,White Collar
33,645,True,0.2478156639906327,0.0,3,39,Retired
33,646,False,0.26449203451846,0.0,2,9,Student
33,647,True,0.4549932251283338,0.0,1,20,Blue Collar
33,648,True,0.3895079338725103,0.0,1,25,Blue Collar
33,649,True,0.0971817728565808,0.0,0,34,White Collar
33,650,False,0.3828986050331805,0.0,0,55,White Collar
33,651,True,0.297838427885603,0.0,0,7,White Collar
33,652,True,0.5903979088514874,0.0,1,24,Blue Collar
33,653,True,0.1760983318750708,0.0,0,56,White Collar
33,654,False,0.2144134952920709,0.0,1,17,Blue Collar
33,655,True,0.6204682337798468,0.0,1,42,Blue Collar
33,656,False,0.4872331449600042,0.0,2,32,Student
33,657,True,0.0962069245149607,0.0,1,50,Blue Collar
33,658,True,0.2496558034719668,0.0,0,21,White Collar
33,659,False,0.341237799092246,0.0,2,48,Student
33,660,True,0.4009150563139554,0.0,1,63,Blue Collar
33,661,False,0.1179359076194324,0.0,1,47,Blue Collar
33,662,True,0.5572754113921149,0.0,0,36,White Collar
33,663,True,0.0629427880187678,0.0,0,28,White Collar
33,664,False,0.1229522065476816,0.0,1,62,Blue Collar
33,665,False,0.5302969759506505,0.0,3,54,Retired
33,666,True,0.2709993961105075,0.0,1,45,Blue Collar
33,667,False,0.2770890275188418,0.0,1,10,Blue Collar
33,668,True,0.301184192228817,0.0,2,56,Student
33,669,True,0.1401494015576146,0.0,0,53,White Collar
33,670,False,0.0737337849011167,0.0,0,43,White Collar
33,671,True,0.3291565105170932,0.0,0,52,White Collar
33,672,False,0.359768584824016,0.0,1,21,Blue Collar
33,673,False,0.3097774732702404,0.0,1,52,Blue Collar
33,674,False,0.180350414287884,0.0,1,32,Blue Collar
33,675,False,0.1104932580161498,0.0,0,28,White Collar
33,676,False,0.2268526189451653,0.0,1,34,Blue Collar
33,677,False,0.6389059701703222,0.0,2,42,Student
33,678,True,0.2431391535156832,0.0,3,22,Retired
33,679,False,0.2159680460480785,0.0,2,32,Student
33,680,False,0.2485571743584797,0.0,2,9,Student
33,681,True,0.2374704597128737,0.0,0,39,White Collar
33,682,True,0.5319284493276698,0.0,2,61,Student
33,683,False,0.3904389243462244,0.0,0,26,White Collar
33,684,True,0.1697375890428857,0.0,0,6,White Collar
33,685,True,0.204026175015018,0.0,0,40,White Collar
33,686,True,0.2549263267105989,0.0,3,22,Retired
33,687,True,0.2890608269629373,0.0,2,2,Student
33,688,True,0.1407896901376907,0.0,0,44,White Collar
33,689,True,0.1884686348827569,0.0,1,4,Blue Collar
33,690,True,0.5651992012277928,0.0,2,18,Student
33,691,True,0.5441384134079766,0.0,1,25,Blue Collar
33,692,True,0.2074958132489381,0.0,0,40,White Collar
33,693,False,0.1937947313120766,0.0,1,45,Blue Collar
33,694,True,0.3917365978571069,0.0,0,32,White Collar
33,695,True,0.0549042835324885,0.0,2,21,Student
33,696,False,0.513200034727355,0.0,1,50,Blue Collar
33,697,False,0.1680138488305095,0.0,1,62,Blue Collar
33,698,False,0.3498451382963249,0.0,1,47,Blue Collar
33,699,False,0.0647089915680699,0.0,0,7,White Collar
33,700,True,0.3992098512519557,0.0,2,38,Student
33,701,False,0.3602074853627584,0.0,3,11,Retired
33,702,False,0.3368158164406375,0.0,0,59,White Collar
33,703,False,0.1256675155755714,0.0,3,15,Retired
33,704,False,0.186745643052941,0.0,2,2,Student
33,705,False,0.3090542956810058,0.0,0,91,White Collar
33,706,True,0.1611047165510067,0.0,0,32,White Collar
33,707,False,0.156019393834899,0.0,1,58,Blue Collar
33,708,False,0.4891720840330514,0.0,3,35,Retired
33,709,False,0.0405952160464261,0.0,0,10,White Collar
33,710,False,0.5013100171730703,0.0,1,62,Blue Collar
33,711,False,0.125480123667906,0.0,2,26,Student
33,712,True,0.3783262469877855,0.0,1,33,Blue Collar
33,713,True,0.3222129037148611,0.0,1,62,Blue Collar
33,714,False,0.1213622535720952,0.0,2,63,Student
33,715,False,0.164766719941082,0.0,1,35,Blue Collar
33,716,False,0.4210690230658028,0.0,1,4,Blue Collar
33,717,False,0.2230656431040991,0.0,1,44,Blue Collar
33,718,True,0.7475416808203147,0.0,0,49,White Collar
33,719,True,0.1765326311521286,0.0,0,70,White Collar
33,720,False,0.1693998756977423,0.0,2,18,Student
33,721,False,0.1012367631091599,0.0,1,59,Blue Collar
33,722,False,0.1552197678852778,0.0,2,41,Student
33,723,False,0.2516719879928031,0.0,0,34,White Collar
33,724,True,0.6988438963940432,0.0,0,1,White Collar
33,725,True,0.1628761947287865,0.0,2,54,Student
33,726,False,0.035861074519571,0.0,0,86,White Collar
33,727,False,0.1868926162656133,0.0,1,35,Blue Collar
33,728,True,0.2802197590789023,0.0,3,35,Retired
33,729,True,0.5039853388745347,0.0,1,14,Blue Collar
33,730,True,0.2905356993774629,0.0,0,21,White Collar
33,731,True,0.2137032540043945,0.0,1,37,Blue Collar
33,732,False,0.1742040407701023,0.0,0,30,White Collar
33,733,False,0.3991960073625363,0.0,1,47,Blue Collar
33,734,True,0.2659319496638474,0.0,2,45,Student
33,735,True,0.4020401338219225,0.0,1,30,Blue Collar
33,736,False,0.1054043592980552,0.0,2,10,Student
33,737,True,0.1896220786800948,0.0,0,64,White Collar
33,738,False,0.3548328182831716,0.0,0,92,White Collar
33,739,False,0.0785174307392475,0.0,2,83,Student
33,740,True,0.123504889954708,0.0,0,57,White Collar
33,741,False,0.2413778454503063,0.0,0,21,White Collar
33,742,False,0.4688543103047804,0.0,2,53,Student
33,743,True,0.5491671814360513,0.0,2,23,Student
33,744,False,0.1320866566288173,0.0,1,31,Blue Collar
33,745,True,0.2989363140201345,0.0,2,27,Student
33,746,True,0.5146805029932751,0.0,2,18,Student
33,747,True,0.4008971368260078,0.0,0,29,White Collar
33,748,False,0.2842255949831302,0.0,0,79,White Collar
33,749,False,0.317544110113382,0.0,2,43,Student
33,750,True,0.1384834698703489,0.0,1,63,Blue Collar
33,751,False,0.2009712364540103,0.0,2,45,Student
33,752,False,0.2418896431622072,0.0,2,35,Student
33,753,False,0.2295611941890383,0.0,2,46,Student
33,754,False,0.2156860757163646,0.0,2,36,Student
33,755,True,0.1231095801822028,0.0,2,45,Student
33,756,True,0.5160624858560737,0.0,2,48,Student
33,757,True,0.2623139249573352,0.0,3,39,Retired
33,758,True,0.2309942687514944,0.0,2,21,Student
33,759,True,0.0959512859344814,0.0,1,94,Blue Collar
33,760,True,0.340353357371217,0.0,2,51,Student
33,761,True,0.1569467002743433,0.0,0,18,White Collar
33,762,False,0.1620025771710848,0.0,1,31,Blue Collar
33,763,True,0.1945993531314553,0.0,0,24,White Collar
33,764,False,0.3889033363849212,0.0,1,7,Blue Collar
33,765,False,0.3240072686151163,0.0,2,56,Student
33,766,False,0.0569606868617727,0.0,1,6,Blue Collar
33,767,True,0.5068443274386882,0.0,1,36,Blue Collar
33,768,True,0.3043925052678168,0.0,0,52,White Collar
33,769,False,0.2972452247392276,0.0,0,37,White Collar
33,770,False,0.1367056096153261,0.0,0,10,White Collar
33,771,False,0.4491401171221709,0.0,2,49,Student
33,772,False,0.2518147960573942,0.0,3,37,Retired
33,773,True,0.1695139260731264,0.0,0,7,White Collar
33,774,True,0.0801464927057364,0.0,1,69,Blue Collar
33,775,False,0.2325370523553835,0.0,0,31,White Collar
33,776,False,0.4841625365767797,0.0,2,46,Student
33,777,False,0.1693257626556566,0.0,3,52,Retired
33,778,False,0.0747789270014016,0.0,0,59,White Collar
33,779,True,0.1852423234921943,0.0,0,15,White Collar
33,780,False,0.1679635137045052,0.0,2,1,Student
33,781,True,0.2763354949660545,0.0,0,19,White Collar
33,782,False,0.1309785515470798,0.0,1,51,Blue Collar
33,783,False,0.1542500262093677,0.0,2,51,Student
33,784,True,0.0899353835301188,0.0,1,45,Blue Collar
33,785,True,0.3465590425511273,0.0,0,43,White Collar
33,786,False,0.1649902537464189,0.0,0,22,White Collar
33,787,True,0.1454381844637113,0.0,1,93,Blue Collar
33,788,False,0.451163889216197,0.0,1,46,Blue Collar
33,789,True,0.5292063498589319,0.0,1,60,Blue Collar
33,790,False,0.3771771971387949,0.0,0,24,White Collar
33,791,True,0.4977153092263308,0.0,1,24,Blue Collar
33,792,True,0.4231845666292447,0.0,1,91,Blue Collar
33,793,True,0.2173364748969555,0.0,1,24,Blue Collar
33,794,False,0.1054974346874186,0.0,1,80,Blue Collar
33,795,True,0.177115816076833,0.0,1,29,Blue Collar
33,796,False,0.1560104234247701,0.0,1,76,Blue Collar
33,797,False,0.3583027272484148,0.0,1,62,Blue Collar
33,798,False,0.2382117203777517,0.0,2,27,Student
33,799,True,0.0444376371349206,0.0,1,22,Blue Collar
33,800,True,0.1774341564063493,0.0,3,32,Retired
33,801,True,0.0810503458688375,0.0,0,31,White Collar
33,802,False,0.2332597297899884,0.0,1,59,Blue Collar
33,803,True,0.4563029734443914,0.0,1,2,Blue Collar
33,804,False,0.1109951227085874,0.0,3,8,Retired
33,805,False,0.524107383079782,0.0,2,12,Student
33,806,False,0.2494485341513156,0.0,0,71,White Collar
33,807,False,0.3576596696917246,0.0,2,63,Student
33,808,True,0.1411241998676989,0.0,2,13,Student
33,809,False,0.2562193556155805,0.0,0,25,White Collar
33,810,False,0.5239791499617252,0.0,0,100,White Collar
33,811,True,0.4819498063691885,0.0,0,20,White Collar
33,812,False,0.2639644320402215,0.0,0,20,White Collar
33,813,False,0.223514158884564,0.0,1,40,Blue Collar
33,814,True,0.2764270470816738,0.0,2,6,Student
33,815,False,0.321129255341407,0.0,0,3,White Collar
33,816,True,0.557406885681536,0.0,0,40,White Collar
33,817,False,0.1621890861748199,0.0,1,30,Blue Collar
33,818,False,0.154807479392052,0.0,0,27,White Collar
33,819,False,0.2096039228273493,0.0,2,59,Student
33,820,False,0.1068665371877108,0.0,1,43,Blue Collar
33,821,True,0.36441921405229,0.0,2,37,Student
33,822,False,0.069854215232803,0.0,0,35,White Collar
33,823,False,0.5752524381494896,0.0,0,56,White Collar
33,824,False,0.2816515588456469,0.0,3,31,Retired
33,825,True,0.3794411536939451,0.0,1,35,Blue Collar
33,826,True,0.0456596310029253,0.0,3,44,Retired
33,827,False,0.3907392159198113,0.0,3,76,Retired
33,828,True,0.3259029406210039,0.0,2,13,Student
33,829,True,0.3450841502829877,0.0,2,39,Student
33,830,False,0.2370136739010705,0.0,2,21,Student
33,831,False,0.4243518655493258,0.0,0,27,White Collar
33,832,False,0.1288120009908881,0.0,0,18,White Collar
33,833,False,0.3299114686361586,0.0,0,23,White Collar
33,834,False,0.0667555305661823,0.0,3,72,Retired
33,835,False,0.1057107830323264,0.0,1,9,Blue Collar
33,836,False,0.5357995621053333,0.0,0,49,White Collar
33,837,False,0.1595713437757506,0.0,2,42,Student
33,838,True,0.1228798987176632,0.0,1,62,Blue Collar
33,839,True,0.3099564477393267,0.0,1,51,Blue Collar
33,840,True,0.5006741240171694,0.0,1,27,Blue Collar
33,841,False,0.1925333812435086,0.0,0,50,White Collar
33,842,True,0.6798139772747849,0.0,2,62,Student
33,843,True,0.1658069239561412,0.0,1,14,Blue Collar
33,844,True,0.445325731706341,0.0,1,60,Blue Collar
33,845,False,0.2871034665903474,0.0,1,32,Blue Collar
33,846,True,0.2051521024846308,0.0,0,42,White Collar
33,847,False,0.3569482999794101,0.0,0,35,White Collar
33,848,True,0.0872053159749631,0.0,2,37,Student
33,849,False,0.23791157291652,0.0,2,42,Student
33,850,True,0.2125906368597829,0.0,0,78,White Collar
33,851,True,0.3380474712276761,0.0,3,39,Retired
33,852,False,0.2905275608427198,0.0,0,34,White Collar
33,853,True,0.3479181328972756,0.0,0,59,White Collar
33,854,False,0.4221996077051169,0.0,1,49,Blue Collar
33,855,False,0.2424964231836355,0.0,2,31,Student
33,856,False,0.3024763373927353,0.0,1,47,Blue Collar
33,857,True,0.5685546252018754,0.0,1,49,Blue Collar
33,858,True,0.2939324011203272,0.0,1,65,Blue Collar
33,859,False,0.2371806947234474,0.0,1,5,Blue Collar
33,860,False,0.4348483136027772,0.0,1,28,Blue Collar
33,861,False,0.2476647534198212,0.0,1,31,Blue Collar
33,862,False,0.5915252921662858,0.0,1,28,Blue Collar
33,863,False,0.4941427378687356,0.0,2,22,Student
33,864,True,0.1927509224419929,0.0,0,89,White Collar
33,865,True,0.215708580571228,0.0,2,40,Student
33,866,True,0.4548274324248505,0.0,1,86,Blue Collar
33,867,True,0.432033472949111,0.0,0,61,White Collar
33,868,True,0.4727380263938699,0.0,1,42,Blue Collar
33,869,True,0.2538973946761992,0.0,0,62,White Collar
33,870,False,0.2857213617632627,0.0,3,15,Retired
33,871,False,0.2317922806044498,0.0,1,31,Blue Collar
33,872,True,0.2332041462800099,0.0,0,78,White Collar
33,873,False,0.1697303259220881,0.0,1,61,Blue Collar
33,874,False,0.4915121741124872,0.0,0,57,White Collar
33,875,False,0.3319587751508012,0.0,2,58,Student
33,876,True,0.3427031340245881,0.0,1,8,Blue Collar
33,877,True,0.4732074603715058,0.0,1,87,Blue Collar
33,878,False,0.057826174727944,0.0,0,28,White Collar
33,879,True,0.3342823374545915,0.0,0,37,White Collar
33,880,False,0.5055663733930453,0.0,0,39,White Collar
33,881,False,0.1092677169367234,0.0,0,6,White Collar
33,882,True,0.476371862104171,0.0,0,28,White Collar
33,883,True,0.3351520189164386,0.0,0,6,White Collar
33,884,False,0.3113112656037834,0.0,2,55,Student
33,885,False,0.3156514521042243,0.0,0,2,White Collar
33,886,False,0.1342593059642669,0.0,2,1,Student
33,887,True,0.0426125165402731,0.0,0,46,White Collar
33,888,True,0.4402492515093427,0.0,2,65,Student
33,889,False,0.1195934956640864,0.0,0,53,White Collar
33,890,True,0.2000779313230957,0.0,2,17,Student
33,891,True,0.7007817975708072,0.0,1,10,Blue Collar
33,892,False,0.2817555447671213,0.0,1,0,Blue Collar
33,893,True,0.3492651154755515,0.0,0,52,White Collar
33,894,True,0.183486628129589,0.0,2,28,Student
33,895,True,0.5023166737897836,0.0,0,28,White Collar
33,896,False,0.0624500784100217,0.0,1,32,Blue Collar
33,897,True,0.4354437700393007,0.0,0,34,White Collar
33,898,True,0.0920630148030118,0.0,2,91,Student
33,899,True,0.6257518883853295,0.0,1,79,Blue Collar
33,900,True,0.3770081169472025,0.0,1,11,Blue Collar
33,901,False,0.1271719790497805,0.0,0,39,White Collar
33,902,False,0.2743528735631583,0.0,1,1,Blue Collar
33,903,True,0.3825666156869312,0.0,0,3,White Collar
33,904,True,0.1784396198271592,0.0,1,34,Blue Collar
33,905,False,0.2162905367743838,0.0,0,41,White Collar
33,906,True,0.5209740341645329,0.0,1,49,Blue Collar
33,907,False,0.279074004926693,0.0,0,22,White Collar
33,908,True,0.4849887995749727,0.0,0,22,White Collar
33,909,False,0.3481128642195799,0.0,3,57,Retired
33,910,False,0.3776973082787966,0.0,2,24,Student
33,911,False,0.4552676384890686,0.0,0,34,White Collar
33,912,True,0.564636774420852,0.0,1,44,Blue Collar
33,913,False,0.1352549552408208,0.0,1,2,Blue Collar
33,914,False,0.4189062970344011,0.0,1,49,Blue Collar
33,915,True,0.6277239733678208,0.0,0,82,White Collar
33,916,True,0.4233062618932802,0.0,1,1,Blue Collar
33,917,True,0.3242865327317485,0.0,1,54,Blue Collar
33,918,True,0.5237323534287259,0.0,2,42,Student
33,919,False,0.6843643932117193,0.0,0,51,White Collar
33,920,True,0.3592652758898438,0.0,2,64,Student
33,921,False,0.3939614324212918,0.0,0,12,White Collar
33,922,True,0.3799956547644613,0.0,1,63,Blue Collar
33,923,True,0.0841743365393104,0.0,2,46,Student
33,924,False,0.4372271147397712,0.0,2,5,Student
33,925,True,0.0941077935758852,0.0,1,37,Blue Collar
33,926,True,0.3982612864989766,0.0,1,30,Blue Collar
33,927,False,0.0776550664575109,0.0,3,64,Retired
33,928,False,0.1282124549316295,0.0,1,73,Blue Collar
33,929,False,0.2142506430565661,0.0,2,10,Student
33,930,False,0.1898088523955465,0.0,1,37,Blue Collar
33,931,True,0.449549690409468,0.0,0,87,White Collar
33,932,False,0.2340831361350911,0.0,1,54,Blue Collar
33,933,False,0.1004746869111375,0.0,1,40,Blue Collar
33,934,True,0.1752910699720822,0.0,2,60,Student
33,935,False,0.3112062459089998,0.0,1,15,Blue Collar
33,936,True,0.3072581434169985,0.0,0,15,White Collar
33,937,False,0.3162298390616307,0.0,2,35,Student
33,938,True,0.4493230296578294,0.0,2,26,Student
33,939,False,0.4992607592612914,0.0,1,21,Blue Collar
33,940,False,0.3797328747609579,0.0,1,15,Blue Collar
33,941,True,0.2587951204847887,0.0,0,20,White Collar
33,942,False,0.217206502029108,0.0,1,9,Blue Collar
33,943,True,0.6337271424536701,0.0,3,55,Retired
33,944,False,0.3024225452045582,0.0,1,7,Blue Collar
33,945,True,0.353243831536729,0.0,0,60,White Collar
33,946,True,0.1960088011812329,0.0,2,44,Student
33,947,False,0.194604146338236,0.0,1,11,Blue Collar
33,948,True,0.1201659626916901,0.0,0,35,White Collar
33,949,False,0.2881738348704263,0.0,2,56,Student
33,950,False,0.1945107684338112,0.0,0,44,White Collar
33,951,True,0.2219017467003496,0.0,2,12,Student
33,952,True,0.4924424140581507,0.0,2,10,Student
33,953,False,0.0850659978225831,0.0,1,73,Blue Collar
33,954,True,0.1707846803550596,0.0,2,57,Student
33,955,False,0.3275299415979275,0.0,0,20,White Collar
33,956,False,0.3146017534698956,0.0,1,35,Blue Collar
33,957,False,0.5591300431761457,0.0,1,46,Blue Collar
33,958,True,0.0569074657411333,0.0,1,38,Blue Collar
33,959,False,0.5215862971395819,0.0,3,54,Retired
33,960,True,0.1109111744624726,0.0,0,49,White Collar
33,961,True,0.2265228453079547,0.0,2,23,Student
33,962,False,0.0823237952883983,0.0,0,57,White Collar
33,963,True,0.0203376211117979,0.0,1,63,Blue Collar
33,964,False,0.515099224706211,0.0,1,25,Blue Collar
33,965,False,0.1524295832997067,0.0,2,40,Student
33,966,True,0.401561690342304,0.0,0,77,White Collar
33,967,True,0.1934741652155991,0.0,1,22,Blue Collar
33,968,True,0.5676055160091945,0.0,1,40,Blue Collar
33,969,False,0.207457529958512,0.0,0,58,White Collar
33,970,True,0.2430327927543291,0.0,2,57,Student
33,971,False,0.1686796225990403,0.0,2,1,Student
33,972,False,0.1197872134843499,0.0,1,9,Blue Collar
33,973,True,0.4281637369757693,0.0,2,9,Student
33,974,False,0.2805328520070296,0.0,2,33,Student
33,975,False,0.0255304591814648,0.0,1,48,Blue Collar
33,976,True,0.5758838933798938,0.0,1,28,Blue Collar
33,977,False,0.2466749134265328,0.0,3,32,Retired
33,978,False,0.1265914119379539,0.0,2,36,Student
33,979,True,0.076905262823075,0.0,1,33,Blue Collar
33,980,False,0.1317865994756037,0.0,0,61,White Collar
33,981,False,0.3423522504030944,0.0,1,47,Blue Collar
33,982,True,0.4422870444385288,0.0,3,24,Retired
33,983,True,0.2290208014335576,0.0,2,98,Student
33,984,True,0.8133424050014515,0.0,2,27,Student
33,985,False,0.2079234242657764,0.0,0,29,White Collar
33,986,False,0.2608344425937606,0.0,0,10,White Collar
33,987,True,0.1095262841662347,0.0,0,62,White Collar
33,988,False,0.2508512520003949,0.0,1,21,Blue Collar
33,989,False,0.4615262690501316,0.0,0,24,White Collar
33,990,True,0.6224521206393593,0.0,0,17,White Collar
33,991,False,0.3984798933684013,0.0,1,25,Blue Collar
33,992,False,0.0587343222846886,0.0,0,38,White Collar
33,993,False,0.0996858624336007,0.0,2,61,Student
33,994,False,0.0587453867701584,0.0,1,39,Blue Collar
33,995,True,0.1404948127964428,0.0,0,86,White Collar
33,996,False,0.1813561796987826,0.0,0,8,White Collar
33,997,False,0.1207732276954052,0.0,0,89,White Collar
33,998,False,0.3803905055871858,0.0,1,28,Blue Collar
33,999,False,0.115508747068787,0.0,2,22,Student
34,0,False,0.3536766572335658,0.0,1,41,Blue Collar
34,1,False,0.2485580660782393,0.0,1,3,Blue Collar
34,2,False,0.4159590873381714,0.0,2,13,Student
34,3,False,0.1599675758099919,0.0,2,38,Student
34,4,True,0.5502830780616322,0.0,0,58,White Collar
34,5,False,0.110945287593398,0.0,1,19,Blue Collar
34,6,False,0.5098966417920571,0.0,2,27,Student
34,7,True,0.1772703794727445,0.0,0,21,White Collar
34,8,False,0.1982904719133444,0.0,1,27,Blue Collar
34,9,False,0.3762367882135499,0.0,2,31,Student
34,10,True,0.5434668040445325,0.0,0,52,White Collar
34,11,False,0.0847637629426502,0.0,1,7,Blue Collar
34,12,False,0.3579287927839609,0.0,0,44,White Collar
34,13,True,0.2733207739503824,0.0,0,46,White Collar
34,14,False,0.1343761410948502,0.0,1,40,Blue Collar
34,15,False,0.3532548500048075,0.0,2,7,Student
34,16,False,0.1327901214327579,0.0,1,80,Blue Collar
34,17,True,0.326434368425168,0.0,1,48,Blue Collar
34,18,True,0.1658104012585459,0.0,2,21,Student
34,19,False,0.207734214505591,0.0,2,51,Student
34,20,True,0.2634084880828478,0.0,0,61,White Collar
34,21,True,0.3900143303664891,0.0,0,36,White Collar
34,22,True,0.1536454700072753,0.0,0,37,White Collar
34,23,True,0.3055023511983206,0.0,0,98,White Collar
34,24,True,0.203313881265596,0.0,1,45,Blue Collar
34,25,False,0.1838768760882306,0.0,0,21,White Collar
34,26,True,0.3678240872354807,0.0,3,27,Retired
34,27,True,0.2020967664638769,0.0,1,3,Blue Collar
34,28,False,0.1863395045288194,0.0,0,39,White Collar
34,29,False,0.2835202997539891,0.0,3,0,Retired
34,30,False,0.1003993030662121,0.0,1,35,Blue Collar
34,31,True,0.207729389165234,0.0,1,9,Blue Collar
34,32,False,0.3096377073595142,0.0,1,11,Blue Collar
34,33,True,0.0443858001226034,0.0,3,57,Retired
34,34,False,0.1245792134455452,0.0,3,22,Retired
34,35,True,0.2110033201581862,0.0,2,50,Student
34,36,True,0.3581887554246956,0.0,2,21,Student
34,37,True,0.6522422663601021,0.0,1,17,Blue Collar
34,38,False,0.1622660260567806,0.0,2,36,Student
34,39,False,0.0694242954698856,0.0,3,47,Retired
34,40,False,0.076848080809821,0.0,0,63,White Collar
34,41,True,0.1744335165862888,0.0,1,55,Blue Collar
34,42,True,0.5434537469656785,0.0,0,21,White Collar
34,43,False,0.0616539134466732,0.0,2,26,Student
34,44,False,0.2356865066312641,0.0,3,2,Retired
34,45,True,0.3132941266752032,0.0,0,7,White Collar
34,46,False,0.1525833147039861,0.0,0,37,White Collar
34,47,True,0.3868863360183782,0.0,2,32,Student
34,48,False,0.4845897602554896,0.0,0,32,White Collar
34,49,False,0.0959387779732849,0.0,2,3,Student
34,50,False,0.3662241584833629,0.0,2,44,Student
34,51,False,0.2983728426907024,0.0,2,32,Student
34,52,False,0.2237663665214278,0.0,0,43,White Collar
34,53,False,0.1642916485213648,0.0,1,20,Blue Collar
34,54,True,0.4613858274628866,0.0,3,2,Retired
34,55,False,0.0983214607503696,0.0,0,15,White Collar
34,56,True,0.179247512983417,0.0,0,76,White Collar
34,57,True,0.3430187325979972,0.0,0,33,White Collar
34,58,False,0.2746698380360602,0.0,1,58,Blue Collar
34,59,True,0.4432945779277498,0.0,3,6,Retired
34,60,False,0.1327244318952246,0.0,2,29,Student
34,61,False,0.4006430877209991,0.0,2,35,Student
34,62,False,0.3225960385009868,0.0,2,5,Student
34,63,False,0.2923618255131976,0.0,2,53,Student
34,64,False,0.1135769732526367,0.0,2,38,Student
34,65,True,0.3415589572254627,0.0,0,59,White Collar
34,66,False,0.1699958739594175,0.0,2,29,Student
34,67,True,0.8014732049023443,0.0,0,50,White Collar
34,68,True,0.1317706240875745,0.0,0,66,White Collar
34,69,False,0.125499659191502,0.0,0,70,White Collar
34,70,False,0.3370138954716539,0.0,1,11,Blue Collar
34,71,False,0.0343986220052017,0.0,0,24,White Collar
34,72,False,0.159377520333094,0.0,0,39,White Collar
34,73,False,0.2615158445906097,0.0,2,40,Student
34,74,False,0.2491194021961276,0.0,1,22,Blue Collar
34,75,True,0.0685869246308145,0.0,1,25,Blue Collar
34,76,True,0.4595064072499054,0.0,0,49,White Collar
34,77,False,0.5414781386117564,0.0,2,69,Student
34,78,False,0.2605960618109315,0.0,0,19,White Collar
34,79,False,0.067535907483785,0.0,1,76,Blue Collar
34,80,True,0.0467688349727268,0.0,2,19,Student
34,81,False,0.127131476580951,0.0,0,45,White Collar
34,82,True,0.3265987258278122,0.0,0,23,White Collar
34,83,True,0.1191248654111389,0.0,1,20,Blue Collar
34,84,True,0.1077670455014623,0.0,0,22,White Collar
34,85,False,0.3246010263074086,0.0,1,60,Blue Collar
34,86,True,0.2193544911847561,0.0,3,24,Retired
34,87,True,0.3047922320216946,0.0,2,41,Student
34,88,True,0.403730071467841,0.0,1,54,Blue Collar
34,89,False,0.1841289216978105,0.0,2,49,Student
34,90,False,0.2344736594858819,0.0,1,20,Blue Collar
34,91,False,0.175068748991844,0.0,0,55,White Collar
34,92,False,0.2673316734797696,0.0,2,48,Student
34,93,False,0.238699744225137,0.0,3,21,Retired
34,94,True,0.3257956107307604,0.0,1,53,Blue Collar
34,95,True,0.4434878606676832,0.0,2,19,Student
34,96,True,0.3855671372233749,0.0,2,8,Student
34,97,True,0.0961525816865667,0.0,0,29,White Collar
34,98,True,0.2089847738799713,0.0,2,18,Student
34,99,False,0.1661962342804483,0.0,3,35,Retired
34,100,True,0.2272148735050511,0.0,1,64,Blue Collar
34,101,True,0.4759204964642726,0.0,3,40,Retired
34,102,False,0.1158847910316493,0.0,1,44,Blue Collar
34,103,True,0.1718540724955221,0.0,0,32,White Collar
34,104,True,0.2409358088306848,0.0,0,25,White Collar
34,105,True,0.1965854535395116,0.0,1,46,Blue Collar
34,106,True,0.1545074012420307,0.0,0,19,White Collar
34,107,False,0.3024753876496196,0.0,1,60,Blue Collar
34,108,False,0.2628503990216566,0.0,0,25,White Collar
34,109,False,0.1783854898271363,0.0,1,76,Blue Collar
34,110,False,0.0714033686941217,0.0,0,60,White Collar
34,111,False,0.3680479351839821,0.0,0,62,White Collar
34,112,True,0.1650023992108502,0.0,2,1,Student
34,113,True,0.6463769483914986,0.0,0,43,White Collar
34,114,True,0.5031230845032987,0.0,0,31,White Collar
34,115,True,0.4086469850455971,0.0,1,41,Blue Collar
34,116,True,0.3784719386186747,0.0,0,65,White Collar
34,117,False,0.4808171104256128,0.0,0,99,White Collar
34,118,True,0.4501527714550122,0.0,0,73,White Collar
34,119,False,0.3148546559271867,0.0,0,58,White Collar
34,120,False,0.3458306244455384,0.0,1,60,Blue Collar
34,121,True,0.5386521682270735,0.0,0,36,White Collar
34,122,False,0.3061721796943814,0.0,0,55,White Collar
34,123,False,0.145588134244425,0.0,1,65,Blue Collar
34,124,True,0.4518857472364912,0.0,2,33,Student
34,125,True,0.3599374248179245,0.0,1,29,Blue Collar
34,126,False,0.061906433771692,0.0,1,12,Blue Collar
34,127,False,0.2328545928203029,0.0,0,13,White Collar
34,128,False,0.1920824664494293,0.0,0,13,White Collar
34,129,False,0.5199092769591175,0.0,1,67,Blue Collar
34,130,False,0.2201943740399156,0.0,3,19,Retired
34,131,False,0.1377202357514125,0.0,0,32,White Collar
34,132,False,0.471971286182723,0.0,0,48,White Collar
34,133,False,0.1588460545173127,0.0,0,31,White Collar
34,134,False,0.0596894752708395,0.0,1,24,Blue Collar
34,135,True,0.3408156596522683,0.0,2,100,Student
34,136,False,0.3066486182634088,0.0,2,19,Student
34,137,True,0.2789555071166884,0.0,2,46,Student
34,138,False,0.3288097857207583,0.0,0,29,White Collar
34,139,True,0.4064901896391388,0.0,0,32,White Collar
34,140,True,0.3234596782435212,0.0,2,17,Student
34,141,True,0.1813428850517404,0.0,1,21,Blue Collar
34,142,False,0.110344420804029,0.0,2,48,Student
34,143,False,0.0626113417445731,0.0,0,4,White Collar
34,144,True,0.3893738659278771,0.0,1,95,Blue Collar
34,145,True,0.2208119923981546,0.0,1,3,Blue Collar
34,146,False,0.1705774606874289,0.0,2,37,Student
34,147,True,0.0676360338470681,0.0,0,53,White Collar
34,148,False,0.2063693713019656,0.0,2,7,Student
34,149,True,0.3587901228827754,0.0,1,60,Blue Collar
34,150,True,0.316899984774653,0.0,0,20,White Collar
34,151,True,0.1365637082251592,0.0,1,35,Blue Collar
34,152,True,0.2170837430502517,0.0,2,34,Student
34,153,False,0.1363792431986001,0.0,1,55,Blue Collar
34,154,False,0.0637349304068678,0.0,0,61,White Collar
34,155,True,0.5785716282335199,0.0,0,34,White Collar
34,156,True,0.1673754331871321,0.0,1,29,Blue Collar
34,157,False,0.485750585203021,0.0,2,14,Student
34,158,True,0.2231288814404552,0.0,0,53,White Collar
34,159,True,0.3734488472849538,0.0,2,34,Student
34,160,True,0.3866075694193058,0.0,1,38,Blue Collar
34,161,True,0.2910392925454743,0.0,2,6,Student
34,162,True,0.3584957567261279,0.0,1,26,Blue Collar
34,163,True,0.3688485254461,0.0,2,19,Student
34,164,False,0.4338558481917234,0.0,1,50,Blue Collar
34,165,True,0.0593243266171532,0.0,0,30,White Collar
34,166,False,0.1537383027458395,0.0,0,33,White Collar
34,167,True,0.690927168796683,0.0,0,6,White Collar
34,168,True,0.0492709683183529,0.0,2,77,Student
34,169,False,0.1859158401713941,0.0,3,37,Retired
34,170,False,0.2715695031402613,0.0,1,22,Blue Collar
34,171,False,0.3219105263709601,0.0,2,28,Student
34,172,False,0.4820942894903152,0.0,0,20,White Collar
34,173,False,0.319706275524256,0.0,2,15,Student
34,174,False,0.4916099383257625,0.0,0,34,White Collar
34,175,False,0.1841729708671041,0.0,2,15,Student
34,176,True,0.0293922497739453,0.0,1,37,Blue Collar
34,177,True,0.4383244007111607,0.0,3,18,Retired
34,178,False,0.2201991781916555,0.0,1,36,Blue Collar
34,179,True,0.1272898020531447,0.0,1,48,Blue Collar
34,180,True,0.5623099425360222,0.0,1,85,Blue Collar
34,181,True,0.1351692568264888,0.0,2,38,Student
34,182,True,0.1892652527031718,0.0,1,6,Blue Collar
34,183,True,0.2788522124309327,0.0,2,7,Student
34,184,False,0.2584988688589334,0.0,1,14,Blue Collar
34,185,True,0.1713624183536284,0.0,1,9,Blue Collar
34,186,False,0.3902904125361203,0.0,2,40,Student
34,187,False,0.1388409287646581,0.0,1,59,Blue Collar
34,188,False,0.4659217194194351,0.0,2,36,Student
34,189,True,0.6157519764816631,0.0,2,23,Student
34,190,False,0.3073799210471541,0.0,3,37,Retired
34,191,True,0.3116610941567272,0.0,1,28,Blue Collar
34,192,False,0.1347012643177103,0.0,0,34,White Collar
34,193,True,0.7239031844967967,0.0,0,64,White Collar
34,194,False,0.1191002777077864,0.0,0,18,White Collar
34,195,True,0.2853857889201115,0.0,0,49,White Collar
34,196,False,0.514309690041867,0.0,1,16,Blue Collar
34,197,False,0.15648979507517,0.0,0,18,White Collar
34,198,False,0.2605575260313472,0.0,0,96,White Collar
34,199,False,0.1398135905354235,0.0,0,46,White Collar
34,200,True,0.388093991336372,0.0,1,31,Blue Collar
34,201,True,0.4641645770320866,0.0,0,29,White Collar
34,202,False,0.1284580477416679,0.0,1,57,Blue Collar
34,203,False,0.0552063959733059,0.0,0,55,White Collar
34,204,False,0.0172791270801268,0.0,1,34,Blue Collar
34,205,True,0.1592498686850636,0.0,2,36,Student
34,206,False,0.2667449952728772,0.0,2,56,Student
34,207,False,0.529692033598347,0.0,1,48,Blue Collar
34,208,True,0.3071017670062408,0.0,2,13,Student
34,209,True,0.2504805636294226,0.0,3,95,Retired
34,210,True,0.4035583213875158,0.0,0,9,White Collar
34,211,False,0.3696214928596068,0.0,2,56,Student
34,212,True,0.2207809777676418,0.0,0,38,White Collar
34,213,False,0.0907414859941739,0.0,1,49,Blue Collar
34,214,True,0.4262985613707276,0.0,0,35,White Collar
34,215,False,0.3076570372812911,0.0,0,59,White Collar
34,216,False,0.0868688695425104,0.0,0,55,White Collar
34,217,False,0.3198826790647721,0.0,0,36,White Collar
34,218,False,0.1724594545811701,0.0,2,63,Student
34,219,True,0.5236077465948994,0.0,2,54,Student
34,220,False,0.144113060499894,0.0,0,53,White Collar
34,221,True,0.4369016405600799,0.0,0,45,White Collar
34,222,False,0.5620366156958401,0.0,0,37,White Collar
34,223,False,0.2038808086447868,0.0,0,44,White Collar
34,224,True,0.2652600697023149,0.0,1,54,Blue Collar
34,225,True,0.342996453032718,0.0,0,8,White Collar
34,226,True,0.3081745146780117,0.0,1,51,Blue Collar
34,227,False,0.0784764086339576,0.0,1,29,Blue Collar
34,228,True,0.2041784285394985,0.0,2,36,Student
34,229,False,0.4675748017124985,0.0,3,50,Retired
34,230,True,0.2244438821429141,0.0,1,22,Blue Collar
34,231,True,0.5642742600782021,0.0,1,5,Blue Collar
34,232,True,0.4583638031993273,0.0,0,1,White Collar
34,233,True,0.2287323521569573,0.0,0,16,White Collar
34,234,False,0.1941625323271394,0.0,2,5,Student
34,235,True,0.1140487847503583,0.0,0,48,White Collar
34,236,False,0.1188638980722389,0.0,0,39,White Collar
34,237,False,0.224300325608497,0.0,3,14,Retired
34,238,False,0.1748455929095408,0.0,3,14,Retired
34,239,False,0.2381018443075495,0.0,1,32,Blue Collar
34,240,False,0.4379433493911621,0.0,1,31,Blue Collar
34,241,True,0.3050820962749862,0.0,0,30,White Collar
34,242,True,0.4110151238583872,0.0,0,40,White Collar
34,243,False,0.2384113862023676,0.0,1,65,Blue Collar
34,244,False,0.3055585620380799,0.0,1,56,Blue Collar
34,245,False,0.2243119866738172,0.0,1,48,Blue Collar
34,246,False,0.2283035041843001,0.0,0,60,White Collar
34,247,True,0.601389322500987,0.0,1,62,Blue Collar
34,248,False,0.1861016376343618,0.0,0,68,White Collar
34,249,False,0.3322376533914182,0.0,2,23,Student
34,250,True,0.1535906531023021,0.0,2,46,Student
34,251,False,0.5895945688191788,0.0,0,52,White Collar
34,252,False,0.1360111358496654,0.0,3,49,Retired
34,253,True,0.1452923245069306,0.0,1,84,Blue Collar
34,254,False,0.4696325075583425,0.0,2,2,Student
34,255,False,0.3470548878739906,0.0,1,64,Blue Collar
34,256,False,0.2243778179558153,0.0,0,58,White Collar
34,257,True,0.380680807328598,0.0,2,17,Student
34,258,False,0.2527384697197175,0.0,0,49,White Collar
34,259,False,0.1918417920208668,0.0,1,72,Blue Collar
34,260,False,0.217770879130423,0.0,0,58,White Collar
34,261,True,0.5469541833338392,0.0,1,61,Blue Collar
34,262,True,0.4320278193633133,0.0,2,32,Student
34,263,False,0.337528941637207,0.0,2,15,Student
34,264,False,0.2801225539599779,0.0,0,31,White Collar
34,265,True,0.2046927163646063,0.0,0,58,White Collar
34,266,False,0.1978288911575661,0.0,1,13,Blue Collar
34,267,False,0.4200987516052237,0.0,2,49,Student
34,268,False,0.0945684310647346,0.0,1,26,Blue Collar
34,269,False,0.0683369109310005,0.0,3,58,Retired
34,270,False,0.3733711511916154,0.0,2,8,Student
34,271,False,0.1814974593978298,0.0,2,55,Student
34,272,True,0.4688203508208859,0.0,2,41,Student
34,273,False,0.4418376196321603,0.0,2,79,Student
34,274,True,0.2731195652421582,0.0,1,25,Blue Collar
34,275,True,0.4417392325829916,0.0,2,60,Student
34,276,False,0.4514994659346463,0.0,0,4,White Collar
34,277,False,0.5143025110676812,0.0,2,0,Student
34,278,True,0.1984804228376855,0.0,0,59,White Collar
34,279,True,0.0562449592429087,0.0,0,13,White Collar
34,280,True,0.0130969161112021,0.0,0,30,White Collar
34,281,True,0.4422153449338335,0.0,2,38,Student
34,282,True,0.2563288233480382,0.0,0,57,White Collar
34,283,False,0.1200803715075963,0.0,1,15,Blue Collar
34,284,False,0.2906548683413762,0.0,2,14,Student
34,285,True,0.248426499061781,0.0,2,43,Student
34,286,True,0.273114962563885,0.0,0,29,White Collar
34,287,False,0.2310327453733966,0.0,1,35,Blue Collar
34,288,False,0.3977583849607771,0.0,1,61,Blue Collar
34,289,False,0.1228099507461072,0.0,0,47,White Collar
34,290,False,0.2443124657062036,0.0,0,33,White Collar
34,291,True,0.1690550311731764,0.0,1,29,Blue Collar
34,292,False,0.3630143517577401,0.0,2,15,Student
34,293,False,0.1593915793032425,0.0,1,3,Blue Collar
34,294,True,0.0980124610961424,0.0,0,1,White Collar
34,295,True,0.325874443929199,0.0,0,22,White Collar
34,296,True,0.3065108052415546,0.0,1,93,Blue Collar
34,297,True,0.0767121836501658,0.0,0,85,White Collar
34,298,True,0.4728620841435421,0.0,0,40,White Collar
34,299,True,0.3157011011273116,0.0,0,36,White Collar
34,300,False,0.2063096419420389,0.0,1,32,Blue Collar
34,301,False,0.0386729386542437,0.0,1,60,Blue Collar
34,302,False,0.4168670056078366,0.0,1,62,Blue Collar
34,303,False,0.3052640817200645,0.0,3,9,Retired
34,304,True,0.360409463644948,0.0,0,4,White Collar
34,305,True,0.3196523721264053,0.0,2,0,Student
34,306,False,0.0603920315480385,0.0,0,33,White Collar
34,307,True,0.2176756192715158,0.0,3,65,Retired
34,308,True,0.4233910425225104,0.0,2,45,Student
34,309,True,0.0857535961606485,0.0,0,49,White Collar
34,310,False,0.241142100263168,0.0,0,54,White Collar
34,311,False,0.1068213695009309,0.0,2,13,Student
34,312,False,0.3939974320667165,0.0,1,35,Blue Collar
34,313,False,0.2557226333708657,0.0,2,38,Student
34,314,True,0.3840811292272226,0.0,1,74,Blue Collar
34,315,False,0.3661458059524538,0.0,1,15,Blue Collar
34,316,True,0.5816434885743039,0.0,0,26,White Collar
34,317,False,0.5621775612709531,0.0,0,43,White Collar
34,318,True,0.0884444403006964,0.0,3,33,Retired
34,319,False,0.3446235300029249,0.0,0,37,White Collar
34,320,False,0.6095654722173228,0.0,2,31,Student
34,321,True,0.3141309765261968,0.0,0,60,White Collar
34,322,True,0.6479463612947148,0.0,1,32,Blue Collar
34,323,False,0.2265019195492524,0.0,2,35,Student
34,324,True,0.4532267059451018,0.0,0,48,White Collar
34,325,False,0.5996218506997747,0.0,0,22,White Collar
34,326,True,0.1362318623539835,0.0,1,52,Blue Collar
34,327,False,0.2361379497655822,0.0,2,48,Student
34,328,True,0.6046614565204121,0.0,1,4,Blue Collar
34,329,False,0.2920487185984639,0.0,0,15,White Collar
34,330,True,0.4004222737895427,0.0,3,40,Retired
34,331,False,0.4507710944195557,0.0,0,60,White Collar
34,332,False,0.1848018664101324,0.0,2,33,Student
34,333,False,0.4101929338053977,0.0,0,27,White Collar
34,334,False,0.34973434990572,0.0,0,14,White Collar
34,335,True,0.1756191969893639,0.0,1,43,Blue Collar
34,336,True,0.2052622268743936,0.0,0,16,White Collar
34,337,True,0.6085560017364287,0.0,0,68,White Collar
34,338,False,0.141658770535373,0.0,1,51,Blue Collar
34,339,True,0.43593946275941,0.0,2,94,Student
34,340,True,0.3082365330185971,0.0,0,21,White Collar
34,341,True,0.4550063988010734,0.0,3,33,Retired
34,342,False,0.4275490847618506,0.0,0,52,White Collar
34,343,True,0.2781861683282088,0.0,1,29,Blue Collar
34,344,False,0.1852405523576611,0.0,2,51,Student
34,345,True,0.5553171992560851,0.0,0,50,White Collar
34,346,True,0.5031820579410835,0.0,0,75,White Collar
34,347,False,0.3218467203585847,0.0,0,11,White Collar
34,348,True,0.2940375021670958,0.0,0,45,White Collar
34,349,False,0.1254493851034331,0.0,1,31,Blue Collar
34,350,True,0.4444012505601111,0.0,2,16,Student
34,351,False,0.5757688148776429,0.0,0,19,White Collar
34,352,False,0.1238108655661201,0.0,2,34,Student
34,353,False,0.1417424749206275,0.0,1,9,Blue Collar
34,354,False,0.1872751990226918,0.0,1,64,Blue Collar
34,355,False,0.1912672864319361,0.0,2,38,Student
34,356,True,0.2750086185191396,0.0,1,5,Blue Collar
34,357,False,0.2594732652222252,0.0,3,26,Retired
34,358,False,0.1160173375309619,0.0,2,55,Student
34,359,False,0.5878548997680135,0.0,3,96,Retired
34,360,False,0.141844276079871,0.0,3,59,Retired
34,361,True,0.2670940915387836,0.0,0,31,White Collar
34,362,False,0.1693494018369503,0.0,1,6,Blue Collar
34,363,True,0.5051295998717548,0.0,0,39,White Collar
34,364,True,0.2152263011559128,0.0,1,99,Blue Collar
34,365,False,0.3026792843884116,0.0,0,49,White Collar
34,366,True,0.6043368946581595,0.0,3,43,Retired
34,367,False,0.2264428247113664,0.0,3,30,Retired
34,368,True,0.3300102349170474,0.0,2,30,Student
34,369,True,0.1552676357183774,0.0,0,19,White Collar
34,370,True,0.2640383541633144,0.0,1,51,Blue Collar
34,371,False,0.3870555710169233,0.0,1,34,Blue Collar
34,372,True,0.1219581579427709,0.0,1,55,Blue Collar
34,373,True,0.2307343681279402,0.0,1,6,Blue Collar
34,374,False,0.3374328449762505,0.0,0,57,White Collar
34,375,False,0.0724104629791323,0.0,2,22,Student
34,376,True,0.3782207354851397,0.0,2,55,Student
34,377,True,0.3194343997975769,0.0,2,36,Student
34,378,False,0.1972597201780969,0.0,0,23,White Collar
34,379,False,0.287172100514021,0.0,0,37,White Collar
34,380,True,0.6008221918617068,0.0,2,11,Student
34,381,True,0.0971226057228562,0.0,0,35,White Collar
34,382,True,0.2750073539162113,0.0,0,39,White Collar
34,383,True,0.5045933992123101,0.0,1,52,Blue Collar
34,384,False,0.1595183596132539,0.0,2,61,Student
34,385,False,0.2144434659745125,0.0,2,45,Student
34,386,True,0.4631573276497399,0.0,1,46,Blue Collar
34,387,False,0.278102406698222,0.0,1,96,Blue Collar
34,388,False,0.185040538482732,0.0,2,14,Student
34,389,True,0.1145555589074245,0.0,0,42,White Collar
34,390,True,0.4228950555098883,0.0,0,36,White Collar
34,391,True,0.6440679634524121,0.0,0,50,White Collar
34,392,False,0.3083255266751108,0.0,0,51,White Collar
34,393,False,0.4105774245043222,0.0,1,31,Blue Collar
34,394,False,0.1960542058844075,0.0,0,24,White Collar
34,395,False,0.1388747735087824,0.0,0,99,White Collar
34,396,False,0.0985267612391955,0.0,1,32,Blue Collar
34,397,True,0.3672611312390035,0.0,2,29,Student
34,398,False,0.5073793345737749,0.0,1,33,Blue Collar
34,399,False,0.2364619685412546,0.0,0,52,White Collar
34,400,False,0.4056361401586,0.0,0,93,White Collar
34,401,False,0.2649097709889378,0.0,1,70,Blue Collar
34,402,True,0.3808117943964557,0.0,2,40,Student
34,403,True,0.2253317470448952,0.0,1,62,Blue Collar
34,404,False,0.0451536951706062,0.0,0,11,White Collar
34,405,False,0.1643660328395617,0.0,1,4,Blue Collar
34,406,True,0.1914306997277393,0.0,0,21,White Collar
34,407,True,0.2616461141449531,0.0,0,39,White Collar
34,408,False,0.3563937219389386,0.0,0,5,White Collar
34,409,False,0.0807393667249193,0.0,1,27,Blue Collar
34,410,True,0.1084574754788678,0.0,0,38,White Collar
34,411,True,0.2455266465423252,0.0,2,22,Student
34,412,False,0.5453972463065507,0.0,3,14,Retired
34,413,False,0.3355411391283527,0.0,1,86,Blue Collar
34,414,False,0.1119325748862738,0.0,1,28,Blue Collar
34,415,True,0.0786186195421999,0.0,1,63,Blue Collar
34,416,True,0.2232495599779229,0.0,3,22,Retired
34,417,False,0.2393448930531098,0.0,2,34,Student
34,418,False,0.4691650839986767,0.0,2,36,Student
34,419,False,0.1093010128782776,0.0,3,12,Retired
34,420,False,0.350841738423868,0.0,1,32,Blue Collar
34,421,False,0.1147332768168895,0.0,0,70,White Collar
34,422,True,0.5209560844968074,0.0,1,36,Blue Collar
34,423,False,0.4629191165410449,0.0,0,93,White Collar
34,424,True,0.4458084306295856,0.0,2,57,Student
34,425,True,0.4507456473585096,0.0,0,26,White Collar
34,426,False,0.207768701685737,0.0,0,43,White Collar
34,427,True,0.5530846398930729,0.0,1,23,Blue Collar
34,428,False,0.2414057853315312,0.0,0,5,White Collar
34,429,False,0.3521991446239845,0.0,1,10,Blue Collar
34,430,False,0.5623335554103934,0.0,2,41,Student
34,431,True,0.066028107172517,0.0,1,49,Blue Collar
34,432,False,0.4780103627939779,0.0,2,39,Student
34,433,True,0.3619557421910525,0.0,3,39,Retired
34,434,True,0.4016190764260652,0.0,0,62,White Collar
34,435,False,0.1447690887902211,0.0,0,46,White Collar
34,436,True,0.1485361833971406,0.0,2,38,Student
34,437,True,0.2673122822770018,0.0,3,30,Retired
34,438,True,0.2665058948831771,0.0,2,36,Student
34,439,True,0.2016844401116823,0.0,2,14,Student
34,440,True,0.5191348577625704,0.0,1,31,Blue Collar
34,441,False,0.0125769688314679,0.0,1,76,Blue Collar
34,442,False,0.230059532111924,0.0,1,47,Blue Collar
34,443,True,0.0891624767452996,0.0,1,34,Blue Collar
34,444,False,0.5437183231209585,0.0,0,12,White Collar
34,445,False,0.3380641675028336,0.0,2,30,Student
34,446,False,0.2209937767876525,0.0,1,39,Blue Collar
34,447,False,0.1223216696690601,0.0,0,3,White Collar
34,448,False,0.327157746156919,0.0,0,65,White Collar
34,449,False,0.0999748268202887,0.0,2,17,Student
34,450,False,0.3375920398739411,0.0,0,16,White Collar
34,451,False,0.5828544730774738,0.0,1,60,Blue Collar
34,452,True,0.5490326088038333,0.0,0,91,White Collar
34,453,False,0.1444002153105774,0.0,1,30,Blue Collar
34,454,False,0.5397886850088234,0.0,2,35,Student
34,455,False,0.0491039142380159,0.0,0,56,White Collar
34,456,False,0.2269298672078842,0.0,0,45,White Collar
34,457,False,0.1507116244682386,0.0,0,9,White Collar
34,458,True,0.0397742668078514,0.0,1,34,Blue Collar
34,459,True,0.4199586775519187,0.0,0,52,White Collar
34,460,True,0.4703209324057288,0.0,1,28,Blue Collar
34,461,True,0.4593225624256609,0.0,0,41,White Collar
34,462,True,0.2928697416440324,0.0,0,65,White Collar
34,463,False,0.3253208111970423,0.0,2,15,Student
34,464,True,0.608299740483025,0.0,2,53,Student
34,465,True,0.227995917813659,0.0,2,3,Student
34,466,False,0.3285833899501695,0.0,1,32,Blue Collar
34,467,True,0.188908839828141,0.0,1,56,Blue Collar
34,468,True,0.4759491652842039,0.0,0,4,White Collar
34,469,True,0.4619524675485082,0.0,0,96,White Collar
34,470,True,0.3355219672420451,0.0,0,17,White Collar
34,471,True,0.2913305263540643,0.0,1,64,Blue Collar
34,472,False,0.3010360813901332,0.0,2,34,Student
34,473,False,0.3271906689077269,0.0,3,26,Retired
34,474,True,0.0676409928670715,0.0,2,63,Student
34,475,True,0.3328039645201829,0.0,0,30,White Collar
34,476,True,0.5689403837780267,0.0,2,50,Student
34,477,False,0.1687368232740908,0.0,1,31,Blue Collar
34,478,True,0.3234785077429782,0.0,2,50,Student
34,479,False,0.2595142364225923,0.0,1,14,Blue Collar
34,480,True,0.2107341076181594,0.0,0,36,White Collar
34,481,False,0.4454389315848823,0.0,1,22,Blue Collar
34,482,True,0.1925251778170265,0.0,3,40,Retired
34,483,False,0.4215730229751968,0.0,0,22,White Collar
34,484,True,0.3147556062634345,0.0,2,4,Student
34,485,True,0.089175148068904,0.0,1,92,Blue Collar
34,486,False,0.1813974974553684,0.0,2,39,Student
34,487,True,0.2888520759798477,0.0,2,39,Student
34,488,False,0.1912204640490106,0.0,0,48,White Collar
34,489,False,0.254632025981011,0.0,0,77,White Collar
34,490,True,0.2626091579593145,0.0,3,68,Retired
34,491,False,0.1868577020761625,0.0,1,28,Blue Collar
34,492,False,0.1235656832485277,0.0,3,22,Retired
34,493,False,0.3590902667010948,0.0,0,39,White Collar
34,494,False,0.0072479127321231,0.0,0,98,White Collar
34,495,False,0.2254122917396397,0.0,1,5,Blue Collar
34,496,False,0.3682584032090778,0.0,1,41,Blue Collar
34,497,True,0.4700537573475749,0.0,2,25,Student
34,498,True,0.2334079593854568,0.0,0,54,White Collar
34,499,True,0.604550623924786,0.0,3,46,Retired
34,500,False,0.1116182558215075,0.0,0,66,White Collar
34,501,True,0.2918006363881575,0.0,0,51,White Collar
34,502,False,0.2436788503320043,0.0,1,11,Blue Collar
34,503,False,0.0911729007382388,0.0,2,9,Student
34,504,False,0.3423826121689441,0.0,1,85,Blue Collar
34,505,True,0.2613583638874165,0.0,1,89,Blue Collar
34,506,True,0.1054542174997974,0.0,0,4,White Collar
34,507,True,0.3394195895177768,0.0,3,36,Retired
34,508,False,0.0667440465050857,0.0,1,47,Blue Collar
34,509,True,0.3948447858495602,0.0,0,21,White Collar
34,510,False,0.1701597344690188,0.0,2,37,Student
34,511,True,0.6912093386389426,0.0,0,78,White Collar
34,512,False,0.1701650430716366,0.0,0,35,White Collar
34,513,True,0.259658072094199,0.0,2,56,Student
34,514,True,0.3408592494335257,0.0,2,55,Student
34,515,False,0.1936145912070428,0.0,0,36,White Collar
34,516,True,0.4421189571746821,0.0,0,53,White Collar
34,517,True,0.2918146343826823,0.0,2,21,Student
34,518,False,0.0431616328618451,0.0,3,1,Retired
34,519,True,0.0852628517039114,0.0,0,68,White Collar
34,520,True,0.4737658354893495,0.0,0,13,White Collar
34,521,False,0.2739533039710695,0.0,0,31,White Collar
34,522,True,0.2373952074488494,0.0,2,58,Student
34,523,True,0.2670788820929144,0.0,0,17,White Collar
34,524,False,0.1034879707346583,0.0,1,66,Blue Collar
34,525,False,0.2279511321623418,0.0,0,36,White Collar
34,526,False,0.2627333305254055,0.0,0,33,White Collar
34,527,True,0.6891140409001313,0.0,2,73,Student
34,528,False,0.2505649400674639,0.0,2,41,Student
34,529,True,0.2446496929766223,0.0,0,33,White Collar
34,530,False,0.2767384149382149,0.0,0,1,White Collar
34,531,False,0.2722051205048573,0.0,2,20,Student
34,532,False,0.2299484569093162,0.0,0,37,White Collar
34,533,False,0.4257053209843408,0.0,2,51,Student
34,534,False,0.2227111874163941,0.0,2,99,Student
34,535,False,0.4773689304451496,0.0,1,18,Blue Collar
34,536,True,0.2310129865169898,0.0,0,54,White Collar
34,537,False,0.4314435361946498,0.0,1,39,Blue Collar
34,538,False,0.3868797602101907,0.0,0,32,White Collar
34,539,False,0.208678135078325,0.0,0,17,White Collar
34,540,False,0.0900249981999672,0.0,1,23,Blue Collar
34,541,False,0.6038569167009646,0.0,0,32,White Collar
34,542,False,0.2265233252301209,0.0,0,25,White Collar
34,543,False,0.3042970610133372,0.0,2,30,Student
34,544,False,0.1646258613749868,0.0,0,8,White Collar
34,545,True,0.1823972362349482,0.0,2,2,Student
34,546,True,0.4766491048877699,0.0,2,58,Student
34,547,True,0.5264086385938195,0.0,3,85,Retired
34,548,False,0.3609203123415569,0.0,1,73,Blue Collar
34,549,False,0.2509553296201303,0.0,0,79,White Collar
34,550,True,0.3835316726535463,0.0,0,28,White Collar
34,551,True,0.1959117186620537,0.0,0,27,White Collar
34,552,False,0.2976150813463317,0.0,1,34,Blue Collar
34,553,True,0.1323735027451481,0.0,0,29,White Collar
34,554,False,0.126311680440905,0.0,2,23,Student
34,555,False,0.3547665226580853,0.0,0,32,White Collar
34,556,False,0.3219807096428471,0.0,1,37,Blue Collar
34,557,False,0.310809260614259,0.0,0,62,White Collar
34,558,False,0.2266135263526242,0.0,1,39,Blue Collar
34,559,False,0.3116613226660596,0.0,2,52,Student
34,560,True,0.1721735905143979,0.0,3,36,Retired
34,561,False,0.0414669752128248,0.0,3,21,Retired
34,562,True,0.2761974130074415,0.0,2,54,Student
34,563,False,0.094253560316938,0.0,2,4,Student
34,564,True,0.4118445340829866,0.0,1,38,Blue Collar
34,565,True,0.5157009792685964,0.0,2,97,Student
34,566,False,0.6342283268293691,0.0,0,19,White Collar
34,567,False,0.2717021731900056,0.0,0,67,White Collar
34,568,True,0.1611555559536509,0.0,2,24,Student
34,569,False,0.3019616530585536,0.0,1,6,Blue Collar
34,570,True,0.2474761658633007,0.0,2,31,Student
34,571,False,0.2773672197869529,0.0,3,26,Retired
34,572,False,0.4722249959604593,0.0,1,43,Blue Collar
34,573,True,0.2190395136759253,0.0,0,43,White Collar
34,574,False,0.2513040412624526,0.0,2,39,Student
34,575,True,0.1344989142255937,0.0,1,32,Blue Collar
34,576,True,0.2575375190463321,0.0,1,72,Blue Collar
34,577,False,0.5758311543371692,0.0,0,37,White Collar
34,578,True,0.1747889880746776,0.0,1,8,Blue Collar
34,579,True,0.4404393990716352,0.0,2,10,Student
34,580,True,0.239968723155057,0.0,3,12,Retired
34,581,True,0.4457504855829945,0.0,1,37,Blue Collar
34,582,False,0.4181457323941839,0.0,0,51,White Collar
34,583,False,0.1247787246488094,0.0,1,63,Blue Collar
34,584,True,0.4135696874278296,0.0,2,69,Student
34,585,True,0.0855221607194543,0.0,3,12,Retired
34,586,False,0.102384952851844,0.0,0,55,White Collar
34,587,False,0.2285050887405005,0.0,2,93,Student
34,588,False,0.5466614162505907,0.0,0,38,White Collar
34,589,True,0.3510850322437097,0.0,2,8,Student
34,590,False,0.1394105760462668,0.0,0,64,White Collar
34,591,False,0.0536995154899485,0.0,0,9,White Collar
34,592,True,0.3806987361056626,0.0,2,2,Student
34,593,True,0.2794224044294483,0.0,2,32,Student
34,594,True,0.3066911814390244,0.0,0,38,White Collar
34,595,True,0.3430330836467324,0.0,0,28,White Collar
34,596,True,0.476114544370721,0.0,3,58,Retired
34,597,False,0.2554704259647891,0.0,1,24,Blue Collar
34,598,True,0.5012006017832084,0.0,0,27,White Collar
34,599,False,0.154006662960799,0.0,0,32,White Collar
34,600,True,0.0632323404051646,0.0,1,26,Blue Collar
34,601,True,0.4483454588827538,0.0,2,55,Student
34,602,False,0.1099758633977806,0.0,1,87,Blue Collar
34,603,True,0.2998031027074426,0.0,0,55,White Collar
34,604,True,0.5363077304756033,0.0,2,60,Student
34,605,True,0.0670542699936395,0.0,0,78,White Collar
34,606,False,0.3373425781481131,0.0,0,29,White Collar
34,607,True,0.0616375155621336,0.0,1,37,Blue Collar
34,608,True,0.2669105924136806,0.0,0,31,White Collar
34,609,False,0.0146819331277921,0.0,2,17,Student
34,610,False,0.0929129012701737,0.0,3,14,Retired
34,611,False,0.1620845901138898,0.0,2,63,Student
34,612,True,0.0555877186492738,0.0,0,62,White Collar
34,613,False,0.3628731421368042,0.0,2,40,Student
34,614,False,0.326185553069642,0.0,3,33,Retired
34,615,False,0.5516768599767246,0.0,3,35,Retired
34,616,True,0.1099186560623747,0.0,1,20,Blue Collar
34,617,True,0.2171848103951794,0.0,0,58,White Collar
34,618,False,0.0782209788311515,0.0,1,7,Blue Collar
34,619,False,0.1767688055025618,0.0,0,42,White Collar
34,620,True,0.5954379734962468,0.0,0,65,White Collar
34,621,True,0.3971726866093809,0.0,0,3,White Collar
34,622,True,0.1055672064555032,0.0,1,37,Blue Collar
34,623,False,0.0311859105555057,0.0,1,33,Blue Collar
34,624,True,0.0279579619790819,0.0,3,30,Retired
34,625,True,0.3679765943353593,0.0,2,21,Student
34,626,False,0.159129571300425,0.0,0,9,White Collar
34,627,True,0.7380869638355531,0.0,0,30,White Collar
34,628,False,0.2436991769678001,0.0,2,51,Student
34,629,True,0.170977740591307,0.0,1,41,Blue Collar
34,630,False,0.0807239819987891,0.0,3,46,Retired
34,631,True,0.4477791997522805,0.0,2,36,Student
34,632,False,0.197351654715525,0.0,1,80,Blue Collar
34,633,True,0.2614729695537015,0.0,0,13,White Collar
34,634,True,0.2791904822094437,0.0,0,55,White Collar
34,635,True,0.2492464228769708,0.0,0,47,White Collar
34,636,True,0.3888004532026781,0.0,2,59,Student
34,637,False,0.0898309777348184,0.0,2,10,Student
34,638,False,0.2393537041475697,0.0,0,56,White Collar
34,639,True,0.2004520499405746,0.0,0,38,White Collar
34,640,True,0.4009969437535314,0.0,1,33,Blue Collar
34,641,True,0.4674355152035755,0.0,3,50,Retired
34,642,False,0.1279157924541819,0.0,2,51,Student
34,643,True,0.403734941984525,0.0,0,4,White Collar
34,644,False,0.0894865576156005,0.0,0,12,White Collar
34,645,False,0.2478156639906327,0.0,3,39,Retired
34,646,True,0.26449203451846,0.0,2,9,Student
34,647,True,0.4549932251283338,0.0,1,20,Blue Collar
34,648,False,0.3895079338725103,0.0,1,25,Blue Collar
34,649,False,0.0971817728565808,0.0,0,34,White Collar
34,650,True,0.3828986050331805,0.0,0,55,White Collar
34,651,True,0.297838427885603,0.0,0,7,White Collar
34,652,True,0.5903979088514874,0.0,1,24,Blue Collar
34,653,False,0.1760983318750708,0.0,0,56,White Collar
34,654,False,0.2144134952920709,0.0,1,17,Blue Collar
34,655,True,0.6204682337798468,0.0,1,42,Blue Collar
34,656,False,0.4872331449600042,0.0,2,32,Student
34,657,False,0.0962069245149607,0.0,1,50,Blue Collar
34,658,False,0.2496558034719668,0.0,0,21,White Collar
34,659,False,0.341237799092246,0.0,2,48,Student
34,660,True,0.4009150563139554,0.0,1,63,Blue Collar
34,661,False,0.1179359076194324,0.0,1,47,Blue Collar
34,662,True,0.5572754113921149,0.0,0,36,White Collar
34,663,False,0.0629427880187678,0.0,0,28,White Collar
34,664,True,0.1229522065476816,0.0,1,62,Blue Collar
34,665,True,0.5302969759506505,0.0,3,54,Retired
34,666,True,0.2709993961105075,0.0,1,45,Blue Collar
34,667,False,0.2770890275188418,0.0,1,10,Blue Collar
34,668,False,0.301184192228817,0.0,2,56,Student
34,669,False,0.1401494015576146,0.0,0,53,White Collar
34,670,False,0.0737337849011167,0.0,0,43,White Collar
34,671,True,0.3291565105170932,0.0,0,52,White Collar
34,672,False,0.359768584824016,0.0,1,21,Blue Collar
34,673,True,0.3097774732702404,0.0,1,52,Blue Collar
34,674,False,0.180350414287884,0.0,1,32,Blue Collar
34,675,False,0.1104932580161498,0.0,0,28,White Collar
34,676,False,0.2268526189451653,0.0,1,34,Blue Collar
34,677,True,0.6389059701703222,0.0,2,42,Student
34,678,False,0.2431391535156832,0.0,3,22,Retired
34,679,False,0.2159680460480785,0.0,2,32,Student
34,680,True,0.2485571743584797,0.0,2,9,Student
34,681,False,0.2374704597128737,0.0,0,39,White Collar
34,682,False,0.5319284493276698,0.0,2,61,Student
34,683,True,0.3904389243462244,0.0,0,26,White Collar
34,684,True,0.1697375890428857,0.0,0,6,White Collar
34,685,False,0.204026175015018,0.0,0,40,White Collar
34,686,True,0.2549263267105989,0.0,3,22,Retired
34,687,False,0.2890608269629373,0.0,2,2,Student
34,688,True,0.1407896901376907,0.0,0,44,White Collar
34,689,False,0.1884686348827569,0.0,1,4,Blue Collar
34,690,True,0.5651992012277928,0.0,2,18,Student
34,691,False,0.5441384134079766,0.0,1,25,Blue Collar
34,692,False,0.2074958132489381,0.0,0,40,White Collar
34,693,False,0.1937947313120766,0.0,1,45,Blue Collar
34,694,True,0.3917365978571069,0.0,0,32,White Collar
34,695,True,0.0549042835324885,0.0,2,21,Student
34,696,False,0.513200034727355,0.0,1,50,Blue Collar
34,697,False,0.1680138488305095,0.0,1,62,Blue Collar
34,698,True,0.3498451382963249,0.0,1,47,Blue Collar
34,699,False,0.0647089915680699,0.0,0,7,White Collar
34,700,True,0.3992098512519557,0.0,2,38,Student
34,701,False,0.3602074853627584,0.0,3,11,Retired
34,702,False,0.3368158164406375,0.0,0,59,White Collar
34,703,True,0.1256675155755714,0.0,3,15,Retired
34,704,False,0.186745643052941,0.0,2,2,Student
34,705,False,0.3090542956810058,0.0,0,91,White Collar
34,706,True,0.1611047165510067,0.0,0,32,White Collar
34,707,True,0.156019393834899,0.0,1,58,Blue Collar
34,708,True,0.4891720840330514,0.0,3,35,Retired
34,709,True,0.0405952160464261,0.0,0,10,White Collar
34,710,True,0.5013100171730703,0.0,1,62,Blue Collar
34,711,False,0.125480123667906,0.0,2,26,Student
34,712,False,0.3783262469877855,0.0,1,33,Blue Collar
34,713,False,0.3222129037148611,0.0,1,62,Blue Collar
34,714,True,0.1213622535720952,0.0,2,63,Student
34,715,False,0.164766719941082,0.0,1,35,Blue Collar
34,716,True,0.4210690230658028,0.0,1,4,Blue Collar
34,717,False,0.2230656431040991,0.0,1,44,Blue Collar
34,718,False,0.7475416808203147,0.0,0,49,White Collar
34,719,False,0.1765326311521286,0.0,0,70,White Collar
34,720,False,0.1693998756977423,0.0,2,18,Student
34,721,False,0.1012367631091599,0.0,1,59,Blue Collar
34,722,False,0.1552197678852778,0.0,2,41,Student
34,723,True,0.2516719879928031,0.0,0,34,White Collar
34,724,True,0.6988438963940432,0.0,0,1,White Collar
34,725,False,0.1628761947287865,0.0,2,54,Student
34,726,False,0.035861074519571,0.0,0,86,White Collar
34,727,True,0.1868926162656133,0.0,1,35,Blue Collar
34,728,False,0.2802197590789023,0.0,3,35,Retired
34,729,False,0.5039853388745347,0.0,1,14,Blue Collar
34,730,False,0.2905356993774629,0.0,0,21,White Collar
34,731,True,0.2137032540043945,0.0,1,37,Blue Collar
34,732,False,0.1742040407701023,0.0,0,30,White Collar
34,733,False,0.3991960073625363,0.0,1,47,Blue Collar
34,734,True,0.2659319496638474,0.0,2,45,Student
34,735,True,0.4020401338219225,0.0,1,30,Blue Collar
34,736,False,0.1054043592980552,0.0,2,10,Student
34,737,True,0.1896220786800948,0.0,0,64,White Collar
34,738,True,0.3548328182831716,0.0,0,92,White Collar
34,739,False,0.0785174307392475,0.0,2,83,Student
34,740,False,0.123504889954708,0.0,0,57,White Collar
34,741,False,0.2413778454503063,0.0,0,21,White Collar
34,742,True,0.4688543103047804,0.0,2,53,Student
34,743,False,0.5491671814360513,0.0,2,23,Student
34,744,True,0.1320866566288173,0.0,1,31,Blue Collar
34,745,False,0.2989363140201345,0.0,2,27,Student
34,746,False,0.5146805029932751,0.0,2,18,Student
34,747,True,0.4008971368260078,0.0,0,29,White Collar
34,748,False,0.2842255949831302,0.0,0,79,White Collar
34,749,False,0.317544110113382,0.0,2,43,Student
34,750,True,0.1384834698703489,0.0,1,63,Blue Collar
34,751,True,0.2009712364540103,0.0,2,45,Student
34,752,True,0.2418896431622072,0.0,2,35,Student
34,753,True,0.2295611941890383,0.0,2,46,Student
34,754,True,0.2156860757163646,0.0,2,36,Student
34,755,False,0.1231095801822028,0.0,2,45,Student
34,756,True,0.5160624858560737,0.0,2,48,Student
34,757,True,0.2623139249573352,0.0,3,39,Retired
34,758,True,0.2309942687514944,0.0,2,21,Student
34,759,True,0.0959512859344814,0.0,1,94,Blue Collar
34,760,False,0.340353357371217,0.0,2,51,Student
34,761,True,0.1569467002743433,0.0,0,18,White Collar
34,762,False,0.1620025771710848,0.0,1,31,Blue Collar
34,763,True,0.1945993531314553,0.0,0,24,White Collar
34,764,False,0.3889033363849212,0.0,1,7,Blue Collar
34,765,False,0.3240072686151163,0.0,2,56,Student
34,766,False,0.0569606868617727,0.0,1,6,Blue Collar
34,767,False,0.5068443274386882,0.0,1,36,Blue Collar
34,768,False,0.3043925052678168,0.0,0,52,White Collar
34,769,True,0.2972452247392276,0.0,0,37,White Collar
34,770,False,0.1367056096153261,0.0,0,10,White Collar
34,771,False,0.4491401171221709,0.0,2,49,Student
34,772,False,0.2518147960573942,0.0,3,37,Retired
34,773,False,0.1695139260731264,0.0,0,7,White Collar
34,774,False,0.0801464927057364,0.0,1,69,Blue Collar
34,775,False,0.2325370523553835,0.0,0,31,White Collar
34,776,False,0.4841625365767797,0.0,2,46,Student
34,777,True,0.1693257626556566,0.0,3,52,Retired
34,778,False,0.0747789270014016,0.0,0,59,White Collar
34,779,True,0.1852423234921943,0.0,0,15,White Collar
34,780,False,0.1679635137045052,0.0,2,1,Student
34,781,True,0.2763354949660545,0.0,0,19,White Collar
34,782,False,0.1309785515470798,0.0,1,51,Blue Collar
34,783,True,0.1542500262093677,0.0,2,51,Student
34,784,True,0.0899353835301188,0.0,1,45,Blue Collar
34,785,False,0.3465590425511273,0.0,0,43,White Collar
34,786,True,0.1649902537464189,0.0,0,22,White Collar
34,787,False,0.1454381844637113,0.0,1,93,Blue Collar
34,788,True,0.451163889216197,0.0,1,46,Blue Collar
34,789,False,0.5292063498589319,0.0,1,60,Blue Collar
34,790,True,0.3771771971387949,0.0,0,24,White Collar
34,791,True,0.4977153092263308,0.0,1,24,Blue Collar
34,792,False,0.4231845666292447,0.0,1,91,Blue Collar
34,793,False,0.2173364748969555,0.0,1,24,Blue Collar
34,794,False,0.1054974346874186,0.0,1,80,Blue Collar
34,795,True,0.177115816076833,0.0,1,29,Blue Collar
34,796,False,0.1560104234247701,0.0,1,76,Blue Collar
34,797,True,0.3583027272484148,0.0,1,62,Blue Collar
34,798,False,0.2382117203777517,0.0,2,27,Student
34,799,False,0.0444376371349206,0.0,1,22,Blue Collar
34,800,True,0.1774341564063493,0.0,3,32,Retired
34,801,False,0.0810503458688375,0.0,0,31,White Collar
34,802,False,0.2332597297899884,0.0,1,59,Blue Collar
34,803,True,0.4563029734443914,0.0,1,2,Blue Collar
34,804,False,0.1109951227085874,0.0,3,8,Retired
34,805,True,0.524107383079782,0.0,2,12,Student
34,806,False,0.2494485341513156,0.0,0,71,White Collar
34,807,True,0.3576596696917246,0.0,2,63,Student
34,808,False,0.1411241998676989,0.0,2,13,Student
34,809,False,0.2562193556155805,0.0,0,25,White Collar
34,810,True,0.5239791499617252,0.0,0,100,White Collar
34,811,True,0.4819498063691885,0.0,0,20,White Collar
34,812,True,0.2639644320402215,0.0,0,20,White Collar
34,813,False,0.223514158884564,0.0,1,40,Blue Collar
34,814,False,0.2764270470816738,0.0,2,6,Student
34,815,True,0.321129255341407,0.0,0,3,White Collar
34,816,True,0.557406885681536,0.0,0,40,White Collar
34,817,False,0.1621890861748199,0.0,1,30,Blue Collar
34,818,False,0.154807479392052,0.0,0,27,White Collar
34,819,False,0.2096039228273493,0.0,2,59,Student
34,820,False,0.1068665371877108,0.0,1,43,Blue Collar
34,821,True,0.36441921405229,0.0,2,37,Student
34,822,False,0.069854215232803,0.0,0,35,White Collar
34,823,False,0.5752524381494896,0.0,0,56,White Collar
34,824,False,0.2816515588456469,0.0,3,31,Retired
34,825,False,0.3794411536939451,0.0,1,35,Blue Collar
34,826,True,0.0456596310029253,0.0,3,44,Retired
34,827,False,0.3907392159198113,0.0,3,76,Retired
34,828,True,0.3259029406210039,0.0,2,13,Student
34,829,True,0.3450841502829877,0.0,2,39,Student
34,830,False,0.2370136739010705,0.0,2,21,Student
34,831,False,0.4243518655493258,0.0,0,27,White Collar
34,832,False,0.1288120009908881,0.0,0,18,White Collar
34,833,False,0.3299114686361586,0.0,0,23,White Collar
34,834,False,0.0667555305661823,0.0,3,72,Retired
34,835,True,0.1057107830323264,0.0,1,9,Blue Collar
34,836,True,0.5357995621053333,0.0,0,49,White Collar
34,837,False,0.1595713437757506,0.0,2,42,Student
34,838,False,0.1228798987176632,0.0,1,62,Blue Collar
34,839,True,0.3099564477393267,0.0,1,51,Blue Collar
34,840,True,0.5006741240171694,0.0,1,27,Blue Collar
34,841,True,0.1925333812435086,0.0,0,50,White Collar
34,842,True,0.6798139772747849,0.0,2,62,Student
34,843,True,0.1658069239561412,0.0,1,14,Blue Collar
34,844,False,0.445325731706341,0.0,1,60,Blue Collar
34,845,False,0.2871034665903474,0.0,1,32,Blue Collar
34,846,True,0.2051521024846308,0.0,0,42,White Collar
34,847,True,0.3569482999794101,0.0,0,35,White Collar
34,848,False,0.0872053159749631,0.0,2,37,Student
34,849,False,0.23791157291652,0.0,2,42,Student
34,850,True,0.2125906368597829,0.0,0,78,White Collar
34,851,False,0.3380474712276761,0.0,3,39,Retired
34,852,False,0.2905275608427198,0.0,0,34,White Collar
34,853,False,0.3479181328972756,0.0,0,59,White Collar
34,854,True,0.4221996077051169,0.0,1,49,Blue Collar
34,855,False,0.2424964231836355,0.0,2,31,Student
34,856,True,0.3024763373927353,0.0,1,47,Blue Collar
34,857,True,0.5685546252018754,0.0,1,49,Blue Collar
34,858,False,0.2939324011203272,0.0,1,65,Blue Collar
34,859,True,0.2371806947234474,0.0,1,5,Blue Collar
34,860,True,0.4348483136027772,0.0,1,28,Blue Collar
34,861,True,0.2476647534198212,0.0,1,31,Blue Collar
34,862,False,0.5915252921662858,0.0,1,28,Blue Collar
34,863,False,0.4941427378687356,0.0,2,22,Student
34,864,False,0.1927509224419929,0.0,0,89,White Collar
34,865,False,0.215708580571228,0.0,2,40,Student
34,866,True,0.4548274324248505,0.0,1,86,Blue Collar
34,867,True,0.432033472949111,0.0,0,61,White Collar
34,868,True,0.4727380263938699,0.0,1,42,Blue Collar
34,869,True,0.2538973946761992,0.0,0,62,White Collar
34,870,False,0.2857213617632627,0.0,3,15,Retired
34,871,False,0.2317922806044498,0.0,1,31,Blue Collar
34,872,False,0.2332041462800099,0.0,0,78,White Collar
34,873,True,0.1697303259220881,0.0,1,61,Blue Collar
34,874,True,0.4915121741124872,0.0,0,57,White Collar
34,875,True,0.3319587751508012,0.0,2,58,Student
34,876,False,0.3427031340245881,0.0,1,8,Blue Collar
34,877,False,0.4732074603715058,0.0,1,87,Blue Collar
34,878,False,0.057826174727944,0.0,0,28,White Collar
34,879,True,0.3342823374545915,0.0,0,37,White Collar
34,880,True,0.5055663733930453,0.0,0,39,White Collar
34,881,False,0.1092677169367234,0.0,0,6,White Collar
34,882,True,0.476371862104171,0.0,0,28,White Collar
34,883,True,0.3351520189164386,0.0,0,6,White Collar
34,884,False,0.3113112656037834,0.0,2,55,Student
34,885,False,0.3156514521042243,0.0,0,2,White Collar
34,886,True,0.1342593059642669,0.0,2,1,Student
34,887,False,0.0426125165402731,0.0,0,46,White Collar
34,888,False,0.4402492515093427,0.0,2,65,Student
34,889,False,0.1195934956640864,0.0,0,53,White Collar
34,890,False,0.2000779313230957,0.0,2,17,Student
34,891,True,0.7007817975708072,0.0,1,10,Blue Collar
34,892,False,0.2817555447671213,0.0,1,0,Blue Collar
34,893,False,0.3492651154755515,0.0,0,52,White Collar
34,894,True,0.183486628129589,0.0,2,28,Student
34,895,False,0.5023166737897836,0.0,0,28,White Collar
34,896,True,0.0624500784100217,0.0,1,32,Blue Collar
34,897,True,0.4354437700393007,0.0,0,34,White Collar
34,898,False,0.0920630148030118,0.0,2,91,Student
34,899,False,0.6257518883853295,0.0,1,79,Blue Collar
34,900,True,0.3770081169472025,0.0,1,11,Blue Collar
34,901,False,0.1271719790497805,0.0,0,39,White Collar
34,902,False,0.2743528735631583,0.0,1,1,Blue Collar
34,903,True,0.3825666156869312,0.0,0,3,White Collar
34,904,True,0.1784396198271592,0.0,1,34,Blue Collar
34,905,False,0.2162905367743838,0.0,0,41,White Collar
34,906,True,0.5209740341645329,0.0,1,49,Blue Collar
34,907,True,0.279074004926693,0.0,0,22,White Collar
34,908,True,0.4849887995749727,0.0,0,22,White Collar
34,909,False,0.3481128642195799,0.0,3,57,Retired
34,910,True,0.3776973082787966,0.0,2,24,Student
34,911,True,0.4552676384890686,0.0,0,34,White Collar
34,912,True,0.564636774420852,0.0,1,44,Blue Collar
34,913,True,0.1352549552408208,0.0,1,2,Blue Collar
34,914,False,0.4189062970344011,0.0,1,49,Blue Collar
34,915,True,0.6277239733678208,0.0,0,82,White Collar
34,916,True,0.4233062618932802,0.0,1,1,Blue Collar
34,917,False,0.3242865327317485,0.0,1,54,Blue Collar
34,918,True,0.5237323534287259,0.0,2,42,Student
34,919,False,0.6843643932117193,0.0,0,51,White Collar
34,920,True,0.3592652758898438,0.0,2,64,Student
34,921,True,0.3939614324212918,0.0,0,12,White Collar
34,922,True,0.3799956547644613,0.0,1,63,Blue Collar
34,923,False,0.0841743365393104,0.0,2,46,Student
34,924,True,0.4372271147397712,0.0,2,5,Student
34,925,True,0.0941077935758852,0.0,1,37,Blue Collar
34,926,True,0.3982612864989766,0.0,1,30,Blue Collar
34,927,True,0.0776550664575109,0.0,3,64,Retired
34,928,True,0.1282124549316295,0.0,1,73,Blue Collar
34,929,False,0.2142506430565661,0.0,2,10,Student
34,930,True,0.1898088523955465,0.0,1,37,Blue Collar
34,931,True,0.449549690409468,0.0,0,87,White Collar
34,932,False,0.2340831361350911,0.0,1,54,Blue Collar
34,933,False,0.1004746869111375,0.0,1,40,Blue Collar
34,934,False,0.1752910699720822,0.0,2,60,Student
34,935,False,0.3112062459089998,0.0,1,15,Blue Collar
34,936,True,0.3072581434169985,0.0,0,15,White Collar
34,937,True,0.3162298390616307,0.0,2,35,Student
34,938,True,0.4493230296578294,0.0,2,26,Student
34,939,True,0.4992607592612914,0.0,1,21,Blue Collar
34,940,False,0.3797328747609579,0.0,1,15,Blue Collar
34,941,True,0.2587951204847887,0.0,0,20,White Collar
34,942,False,0.217206502029108,0.0,1,9,Blue Collar
34,943,True,0.6337271424536701,0.0,3,55,Retired
34,944,False,0.3024225452045582,0.0,1,7,Blue Collar
34,945,False,0.353243831536729,0.0,0,60,White Collar
34,946,False,0.1960088011812329,0.0,2,44,Student
34,947,False,0.194604146338236,0.0,1,11,Blue Collar
34,948,False,0.1201659626916901,0.0,0,35,White Collar
34,949,True,0.2881738348704263,0.0,2,56,Student
34,950,True,0.1945107684338112,0.0,0,44,White Collar
34,951,True,0.2219017467003496,0.0,2,12,Student
34,952,True,0.4924424140581507,0.0,2,10,Student
34,953,False,0.0850659978225831,0.0,1,73,Blue Collar
34,954,True,0.1707846803550596,0.0,2,57,Student
34,955,True,0.3275299415979275,0.0,0,20,White Collar
34,956,True,0.3146017534698956,0.0,1,35,Blue Collar
34,957,False,0.5591300431761457,0.0,1,46,Blue Collar
34,958,False,0.0569074657411333,0.0,1,38,Blue Collar
34,959,True,0.5215862971395819,0.0,3,54,Retired
34,960,True,0.1109111744624726,0.0,0,49,White Collar
34,961,False,0.2265228453079547,0.0,2,23,Student
34,962,False,0.0823237952883983,0.0,0,57,White Collar
34,963,False,0.0203376211117979,0.0,1,63,Blue Collar
34,964,False,0.515099224706211,0.0,1,25,Blue Collar
34,965,False,0.1524295832997067,0.0,2,40,Student
34,966,True,0.401561690342304,0.0,0,77,White Collar
34,967,False,0.1934741652155991,0.0,1,22,Blue Collar
34,968,False,0.5676055160091945,0.0,1,40,Blue Collar
34,969,True,0.207457529958512,0.0,0,58,White Collar
34,970,False,0.2430327927543291,0.0,2,57,Student
34,971,False,0.1686796225990403,0.0,2,1,Student
34,972,False,0.1197872134843499,0.0,1,9,Blue Collar
34,973,True,0.4281637369757693,0.0,2,9,Student
34,974,False,0.2805328520070296,0.0,2,33,Student
34,975,False,0.0255304591814648,0.0,1,48,Blue Collar
34,976,True,0.5758838933798938,0.0,1,28,Blue Collar
34,977,False,0.2466749134265328,0.0,3,32,Retired
34,978,True,0.1265914119379539,0.0,2,36,Student
34,979,False,0.076905262823075,0.0,1,33,Blue Collar
34,980,False,0.1317865994756037,0.0,0,61,White Collar
34,981,False,0.3423522504030944,0.0,1,47,Blue Collar
34,982,True,0.4422870444385288,0.0,3,24,Retired
34,983,False,0.2290208014335576,0.0,2,98,Student
34,984,True,0.8133424050014515,0.0,2,27,Student
34,985,False,0.2079234242657764,0.0,0,29,White Collar
34,986,True,0.2608344425937606,0.0,0,10,White Collar
34,987,False,0.1095262841662347,0.0,0,62,White Collar
34,988,False,0.2508512520003949,0.0,1,21,Blue Collar
34,989,True,0.4615262690501316,0.0,0,24,White Collar
34,990,False,0.6224521206393593,0.0,0,17,White Collar
34,991,True,0.3984798933684013,0.0,1,25,Blue Collar
34,992,True,0.0587343222846886,0.0,0,38,White Collar
34,993,True,0.0996858624336007,0.0,2,61,Student
34,994,False,0.0587453867701584,0.0,1,39,Blue Collar
34,995,False,0.1404948127964428,0.0,0,86,White Collar
34,996,False,0.1813561796987826,0.0,0,8,White Collar
34,997,False,0.1207732276954052,0.0,0,89,White Collar
34,998,True,0.3803905055871858,0.0,1,28,Blue Collar
34,999,False,0.115508747068787,0.0,2,22,Student
35,0,False,0.3536766572335658,0.0,1,41,Blue Collar
35,1,False,0.2485580660782393,0.0,1,3,Blue Collar
35,2,False,0.4159590873381714,0.0,2,13,Student
35,3,True,0.1599675758099919,0.0,2,38,Student
35,4,False,0.5502830780616322,0.0,0,58,White Collar
35,5,True,0.110945287593398,0.0,1,19,Blue Collar
35,6,True,0.5098966417920571,0.0,2,27,Student
35,7,True,0.1772703794727445,0.0,0,21,White Collar
35,8,True,0.1982904719133444,0.0,1,27,Blue Collar
35,9,True,0.3762367882135499,0.0,2,31,Student
35,10,False,0.5434668040445325,0.0,0,52,White Collar
35,11,False,0.0847637629426502,0.0,1,7,Blue Collar
35,12,True,0.3579287927839609,0.0,0,44,White Collar
35,13,True,0.2733207739503824,0.0,0,46,White Collar
35,14,False,0.1343761410948502,0.0,1,40,Blue Collar
35,15,False,0.3532548500048075,0.0,2,7,Student
35,16,True,0.1327901214327579,0.0,1,80,Blue Collar
35,17,False,0.326434368425168,0.0,1,48,Blue Collar
35,18,True,0.1658104012585459,0.0,2,21,Student
35,19,False,0.207734214505591,0.0,2,51,Student
35,20,False,0.2634084880828478,0.0,0,61,White Collar
35,21,True,0.3900143303664891,0.0,0,36,White Collar
35,22,True,0.1536454700072753,0.0,0,37,White Collar
35,23,False,0.3055023511983206,0.0,0,98,White Collar
35,24,True,0.203313881265596,0.0,1,45,Blue Collar
35,25,False,0.1838768760882306,0.0,0,21,White Collar
35,26,False,0.3678240872354807,0.0,3,27,Retired
35,27,True,0.2020967664638769,0.0,1,3,Blue Collar
35,28,False,0.1863395045288194,0.0,0,39,White Collar
35,29,False,0.2835202997539891,0.0,3,0,Retired
35,30,False,0.1003993030662121,0.0,1,35,Blue Collar
35,31,False,0.207729389165234,0.0,1,9,Blue Collar
35,32,True,0.3096377073595142,0.0,1,11,Blue Collar
35,33,True,0.0443858001226034,0.0,3,57,Retired
35,34,False,0.1245792134455452,0.0,3,22,Retired
35,35,False,0.2110033201581862,0.0,2,50,Student
35,36,True,0.3581887554246956,0.0,2,21,Student
35,37,True,0.6522422663601021,0.0,1,17,Blue Collar
35,38,False,0.1622660260567806,0.0,2,36,Student
35,39,False,0.0694242954698856,0.0,3,47,Retired
35,40,True,0.076848080809821,0.0,0,63,White Collar
35,41,True,0.1744335165862888,0.0,1,55,Blue Collar
35,42,True,0.5434537469656785,0.0,0,21,White Collar
35,43,False,0.0616539134466732,0.0,2,26,Student
35,44,True,0.2356865066312641,0.0,3,2,Retired
35,45,True,0.3132941266752032,0.0,0,7,White Collar
35,46,True,0.1525833147039861,0.0,0,37,White Collar
35,47,True,0.3868863360183782,0.0,2,32,Student
35,48,False,0.4845897602554896,0.0,0,32,White Collar
35,49,False,0.0959387779732849,0.0,2,3,Student
35,50,False,0.3662241584833629,0.0,2,44,Student
35,51,True,0.2983728426907024,0.0,2,32,Student
35,52,True,0.2237663665214278,0.0,0,43,White Collar
35,53,False,0.1642916485213648,0.0,1,20,Blue Collar
35,54,False,0.4613858274628866,0.0,3,2,Retired
35,55,False,0.0983214607503696,0.0,0,15,White Collar
35,56,False,0.179247512983417,0.0,0,76,White Collar
35,57,True,0.3430187325979972,0.0,0,33,White Collar
35,58,False,0.2746698380360602,0.0,1,58,Blue Collar
35,59,True,0.4432945779277498,0.0,3,6,Retired
35,60,False,0.1327244318952246,0.0,2,29,Student
35,61,False,0.4006430877209991,0.0,2,35,Student
35,62,False,0.3225960385009868,0.0,2,5,Student
35,63,False,0.2923618255131976,0.0,2,53,Student
35,64,False,0.1135769732526367,0.0,2,38,Student
35,65,False,0.3415589572254627,0.0,0,59,White Collar
35,66,False,0.1699958739594175,0.0,2,29,Student
35,67,True,0.8014732049023443,0.0,0,50,White Collar
35,68,True,0.1317706240875745,0.0,0,66,White Collar
35,69,False,0.125499659191502,0.0,0,70,White Collar
35,70,False,0.3370138954716539,0.0,1,11,Blue Collar
35,71,False,0.0343986220052017,0.0,0,24,White Collar
35,72,False,0.159377520333094,0.0,0,39,White Collar
35,73,True,0.2615158445906097,0.0,2,40,Student
35,74,False,0.2491194021961276,0.0,1,22,Blue Collar
35,75,False,0.0685869246308145,0.0,1,25,Blue Collar
35,76,False,0.4595064072499054,0.0,0,49,White Collar
35,77,False,0.5414781386117564,0.0,2,69,Student
35,78,False,0.2605960618109315,0.0,0,19,White Collar
35,79,False,0.067535907483785,0.0,1,76,Blue Collar
35,80,False,0.0467688349727268,0.0,2,19,Student
35,81,False,0.127131476580951,0.0,0,45,White Collar
35,82,True,0.3265987258278122,0.0,0,23,White Collar
35,83,False,0.1191248654111389,0.0,1,20,Blue Collar
35,84,True,0.1077670455014623,0.0,0,22,White Collar
35,85,True,0.3246010263074086,0.0,1,60,Blue Collar
35,86,True,0.2193544911847561,0.0,3,24,Retired
35,87,False,0.3047922320216946,0.0,2,41,Student
35,88,True,0.403730071467841,0.0,1,54,Blue Collar
35,89,True,0.1841289216978105,0.0,2,49,Student
35,90,True,0.2344736594858819,0.0,1,20,Blue Collar
35,91,False,0.175068748991844,0.0,0,55,White Collar
35,92,False,0.2673316734797696,0.0,2,48,Student
35,93,False,0.238699744225137,0.0,3,21,Retired
35,94,True,0.3257956107307604,0.0,1,53,Blue Collar
35,95,True,0.4434878606676832,0.0,2,19,Student
35,96,True,0.3855671372233749,0.0,2,8,Student
35,97,False,0.0961525816865667,0.0,0,29,White Collar
35,98,False,0.2089847738799713,0.0,2,18,Student
35,99,True,0.1661962342804483,0.0,3,35,Retired
35,100,False,0.2272148735050511,0.0,1,64,Blue Collar
35,101,False,0.4759204964642726,0.0,3,40,Retired
35,102,False,0.1158847910316493,0.0,1,44,Blue Collar
35,103,False,0.1718540724955221,0.0,0,32,White Collar
35,104,True,0.2409358088306848,0.0,0,25,White Collar
35,105,False,0.1965854535395116,0.0,1,46,Blue Collar
35,106,False,0.1545074012420307,0.0,0,19,White Collar
35,107,True,0.3024753876496196,0.0,1,60,Blue Collar
35,108,True,0.2628503990216566,0.0,0,25,White Collar
35,109,False,0.1783854898271363,0.0,1,76,Blue Collar
35,110,False,0.0714033686941217,0.0,0,60,White Collar
35,111,False,0.3680479351839821,0.0,0,62,White Collar
35,112,True,0.1650023992108502,0.0,2,1,Student
35,113,True,0.6463769483914986,0.0,0,43,White Collar
35,114,False,0.5031230845032987,0.0,0,31,White Collar
35,115,False,0.4086469850455971,0.0,1,41,Blue Collar
35,116,True,0.3784719386186747,0.0,0,65,White Collar
35,117,True,0.4808171104256128,0.0,0,99,White Collar
35,118,True,0.4501527714550122,0.0,0,73,White Collar
35,119,True,0.3148546559271867,0.0,0,58,White Collar
35,120,False,0.3458306244455384,0.0,1,60,Blue Collar
35,121,True,0.5386521682270735,0.0,0,36,White Collar
35,122,True,0.3061721796943814,0.0,0,55,White Collar
35,123,True,0.145588134244425,0.0,1,65,Blue Collar
35,124,False,0.4518857472364912,0.0,2,33,Student
35,125,True,0.3599374248179245,0.0,1,29,Blue Collar
35,126,True,0.061906433771692,0.0,1,12,Blue Collar
35,127,False,0.2328545928203029,0.0,0,13,White Collar
35,128,False,0.1920824664494293,0.0,0,13,White Collar
35,129,False,0.5199092769591175,0.0,1,67,Blue Collar
35,130,True,0.2201943740399156,0.0,3,19,Retired
35,131,False,0.1377202357514125,0.0,0,32,White Collar
35,132,True,0.471971286182723,0.0,0,48,White Collar
35,133,False,0.1588460545173127,0.0,0,31,White Collar
35,134,False,0.0596894752708395,0.0,1,24,Blue Collar
35,135,False,0.3408156596522683,0.0,2,100,Student
35,136,False,0.3066486182634088,0.0,2,19,Student
35,137,False,0.2789555071166884,0.0,2,46,Student
35,138,True,0.3288097857207583,0.0,0,29,White Collar
35,139,False,0.4064901896391388,0.0,0,32,White Collar
35,140,True,0.3234596782435212,0.0,2,17,Student
35,141,True,0.1813428850517404,0.0,1,21,Blue Collar
35,142,False,0.110344420804029,0.0,2,48,Student
35,143,True,0.0626113417445731,0.0,0,4,White Collar
35,144,True,0.3893738659278771,0.0,1,95,Blue Collar
35,145,False,0.2208119923981546,0.0,1,3,Blue Collar
35,146,False,0.1705774606874289,0.0,2,37,Student
35,147,False,0.0676360338470681,0.0,0,53,White Collar
35,148,True,0.2063693713019656,0.0,2,7,Student
35,149,True,0.3587901228827754,0.0,1,60,Blue Collar
35,150,True,0.316899984774653,0.0,0,20,White Collar
35,151,False,0.1365637082251592,0.0,1,35,Blue Collar
35,152,True,0.2170837430502517,0.0,2,34,Student
35,153,True,0.1363792431986001,0.0,1,55,Blue Collar
35,154,False,0.0637349304068678,0.0,0,61,White Collar
35,155,True,0.5785716282335199,0.0,0,34,White Collar
35,156,True,0.1673754331871321,0.0,1,29,Blue Collar
35,157,False,0.485750585203021,0.0,2,14,Student
35,158,False,0.2231288814404552,0.0,0,53,White Collar
35,159,False,0.3734488472849538,0.0,2,34,Student
35,160,False,0.3866075694193058,0.0,1,38,Blue Collar
35,161,False,0.2910392925454743,0.0,2,6,Student
35,162,True,0.3584957567261279,0.0,1,26,Blue Collar
35,163,True,0.3688485254461,0.0,2,19,Student
35,164,False,0.4338558481917234,0.0,1,50,Blue Collar
35,165,True,0.0593243266171532,0.0,0,30,White Collar
35,166,True,0.1537383027458395,0.0,0,33,White Collar
35,167,True,0.690927168796683,0.0,0,6,White Collar
35,168,True,0.0492709683183529,0.0,2,77,Student
35,169,False,0.1859158401713941,0.0,3,37,Retired
35,170,False,0.2715695031402613,0.0,1,22,Blue Collar
35,171,True,0.3219105263709601,0.0,2,28,Student
35,172,False,0.4820942894903152,0.0,0,20,White Collar
35,173,False,0.319706275524256,0.0,2,15,Student
35,174,True,0.4916099383257625,0.0,0,34,White Collar
35,175,False,0.1841729708671041,0.0,2,15,Student
35,176,False,0.0293922497739453,0.0,1,37,Blue Collar
35,177,False,0.4383244007111607,0.0,3,18,Retired
35,178,False,0.2201991781916555,0.0,1,36,Blue Collar
35,179,False,0.1272898020531447,0.0,1,48,Blue Collar
35,180,True,0.5623099425360222,0.0,1,85,Blue Collar
35,181,False,0.1351692568264888,0.0,2,38,Student
35,182,True,0.1892652527031718,0.0,1,6,Blue Collar
35,183,True,0.2788522124309327,0.0,2,7,Student
35,184,False,0.2584988688589334,0.0,1,14,Blue Collar
35,185,True,0.1713624183536284,0.0,1,9,Blue Collar
35,186,False,0.3902904125361203,0.0,2,40,Student
35,187,False,0.1388409287646581,0.0,1,59,Blue Collar
35,188,True,0.4659217194194351,0.0,2,36,Student
35,189,True,0.6157519764816631,0.0,2,23,Student
35,190,False,0.3073799210471541,0.0,3,37,Retired
35,191,False,0.3116610941567272,0.0,1,28,Blue Collar
35,192,False,0.1347012643177103,0.0,0,34,White Collar
35,193,True,0.7239031844967967,0.0,0,64,White Collar
35,194,False,0.1191002777077864,0.0,0,18,White Collar
35,195,True,0.2853857889201115,0.0,0,49,White Collar
35,196,True,0.514309690041867,0.0,1,16,Blue Collar
35,197,True,0.15648979507517,0.0,0,18,White Collar
35,198,True,0.2605575260313472,0.0,0,96,White Collar
35,199,False,0.1398135905354235,0.0,0,46,White Collar
35,200,False,0.388093991336372,0.0,1,31,Blue Collar
35,201,True,0.4641645770320866,0.0,0,29,White Collar
35,202,False,0.1284580477416679,0.0,1,57,Blue Collar
35,203,True,0.0552063959733059,0.0,0,55,White Collar
35,204,True,0.0172791270801268,0.0,1,34,Blue Collar
35,205,False,0.1592498686850636,0.0,2,36,Student
35,206,False,0.2667449952728772,0.0,2,56,Student
35,207,True,0.529692033598347,0.0,1,48,Blue Collar
35,208,True,0.3071017670062408,0.0,2,13,Student
35,209,False,0.2504805636294226,0.0,3,95,Retired
35,210,True,0.4035583213875158,0.0,0,9,White Collar
35,211,False,0.3696214928596068,0.0,2,56,Student
35,212,True,0.2207809777676418,0.0,0,38,White Collar
35,213,False,0.0907414859941739,0.0,1,49,Blue Collar
35,214,False,0.4262985613707276,0.0,0,35,White Collar
35,215,True,0.3076570372812911,0.0,0,59,White Collar
35,216,False,0.0868688695425104,0.0,0,55,White Collar
35,217,False,0.3198826790647721,0.0,0,36,White Collar
35,218,False,0.1724594545811701,0.0,2,63,Student
35,219,True,0.5236077465948994,0.0,2,54,Student
35,220,True,0.144113060499894,0.0,0,53,White Collar
35,221,False,0.4369016405600799,0.0,0,45,White Collar
35,222,True,0.5620366156958401,0.0,0,37,White Collar
35,223,True,0.2038808086447868,0.0,0,44,White Collar
35,224,True,0.2652600697023149,0.0,1,54,Blue Collar
35,225,False,0.342996453032718,0.0,0,8,White Collar
35,226,False,0.3081745146780117,0.0,1,51,Blue Collar
35,227,True,0.0784764086339576,0.0,1,29,Blue Collar
35,228,True,0.2041784285394985,0.0,2,36,Student
35,229,True,0.4675748017124985,0.0,3,50,Retired
35,230,False,0.2244438821429141,0.0,1,22,Blue Collar
35,231,True,0.5642742600782021,0.0,1,5,Blue Collar
35,232,False,0.4583638031993273,0.0,0,1,White Collar
35,233,False,0.2287323521569573,0.0,0,16,White Collar
35,234,False,0.1941625323271394,0.0,2,5,Student
35,235,False,0.1140487847503583,0.0,0,48,White Collar
35,236,True,0.1188638980722389,0.0,0,39,White Collar
35,237,False,0.224300325608497,0.0,3,14,Retired
35,238,True,0.1748455929095408,0.0,3,14,Retired
35,239,False,0.2381018443075495,0.0,1,32,Blue Collar
35,240,True,0.4379433493911621,0.0,1,31,Blue Collar
35,241,True,0.3050820962749862,0.0,0,30,White Collar
35,242,True,0.4110151238583872,0.0,0,40,White Collar
35,243,True,0.2384113862023676,0.0,1,65,Blue Collar
35,244,False,0.3055585620380799,0.0,1,56,Blue Collar
35,245,False,0.2243119866738172,0.0,1,48,Blue Collar
35,246,False,0.2283035041843001,0.0,0,60,White Collar
35,247,True,0.601389322500987,0.0,1,62,Blue Collar
35,248,True,0.1861016376343618,0.0,0,68,White Collar
35,249,True,0.3322376533914182,0.0,2,23,Student
35,250,True,0.1535906531023021,0.0,2,46,Student
35,251,True,0.5895945688191788,0.0,0,52,White Collar
35,252,True,0.1360111358496654,0.0,3,49,Retired
35,253,True,0.1452923245069306,0.0,1,84,Blue Collar
35,254,True,0.4696325075583425,0.0,2,2,Student
35,255,False,0.3470548878739906,0.0,1,64,Blue Collar
35,256,False,0.2243778179558153,0.0,0,58,White Collar
35,257,False,0.380680807328598,0.0,2,17,Student
35,258,False,0.2527384697197175,0.0,0,49,White Collar
35,259,True,0.1918417920208668,0.0,1,72,Blue Collar
35,260,False,0.217770879130423,0.0,0,58,White Collar
35,261,True,0.5469541833338392,0.0,1,61,Blue Collar
35,262,True,0.4320278193633133,0.0,2,32,Student
35,263,False,0.337528941637207,0.0,2,15,Student
35,264,True,0.2801225539599779,0.0,0,31,White Collar
35,265,False,0.2046927163646063,0.0,0,58,White Collar
35,266,True,0.1978288911575661,0.0,1,13,Blue Collar
35,267,False,0.4200987516052237,0.0,2,49,Student
35,268,False,0.0945684310647346,0.0,1,26,Blue Collar
35,269,False,0.0683369109310005,0.0,3,58,Retired
35,270,False,0.3733711511916154,0.0,2,8,Student
35,271,False,0.1814974593978298,0.0,2,55,Student
35,272,True,0.4688203508208859,0.0,2,41,Student
35,273,False,0.4418376196321603,0.0,2,79,Student
35,274,True,0.2731195652421582,0.0,1,25,Blue Collar
35,275,False,0.4417392325829916,0.0,2,60,Student
35,276,False,0.4514994659346463,0.0,0,4,White Collar
35,277,False,0.5143025110676812,0.0,2,0,Student
35,278,False,0.1984804228376855,0.0,0,59,White Collar
35,279,True,0.0562449592429087,0.0,0,13,White Collar
35,280,True,0.0130969161112021,0.0,0,30,White Collar
35,281,False,0.4422153449338335,0.0,2,38,Student
35,282,False,0.2563288233480382,0.0,0,57,White Collar
35,283,False,0.1200803715075963,0.0,1,15,Blue Collar
35,284,True,0.2906548683413762,0.0,2,14,Student
35,285,True,0.248426499061781,0.0,2,43,Student
35,286,True,0.273114962563885,0.0,0,29,White Collar
35,287,False,0.2310327453733966,0.0,1,35,Blue Collar
35,288,True,0.3977583849607771,0.0,1,61,Blue Collar
35,289,False,0.1228099507461072,0.0,0,47,White Collar
35,290,False,0.2443124657062036,0.0,0,33,White Collar
35,291,True,0.1690550311731764,0.0,1,29,Blue Collar
35,292,False,0.3630143517577401,0.0,2,15,Student
35,293,False,0.1593915793032425,0.0,1,3,Blue Collar
35,294,False,0.0980124610961424,0.0,0,1,White Collar
35,295,True,0.325874443929199,0.0,0,22,White Collar
35,296,False,0.3065108052415546,0.0,1,93,Blue Collar
35,297,False,0.0767121836501658,0.0,0,85,White Collar
35,298,True,0.4728620841435421,0.0,0,40,White Collar
35,299,True,0.3157011011273116,0.0,0,36,White Collar
35,300,True,0.2063096419420389,0.0,1,32,Blue Collar
35,301,True,0.0386729386542437,0.0,1,60,Blue Collar
35,302,False,0.4168670056078366,0.0,1,62,Blue Collar
35,303,False,0.3052640817200645,0.0,3,9,Retired
35,304,True,0.360409463644948,0.0,0,4,White Collar
35,305,True,0.3196523721264053,0.0,2,0,Student
35,306,True,0.0603920315480385,0.0,0,33,White Collar
35,307,True,0.2176756192715158,0.0,3,65,Retired
35,308,False,0.4233910425225104,0.0,2,45,Student
35,309,False,0.0857535961606485,0.0,0,49,White Collar
35,310,True,0.241142100263168,0.0,0,54,White Collar
35,311,False,0.1068213695009309,0.0,2,13,Student
35,312,True,0.3939974320667165,0.0,1,35,Blue Collar
35,313,False,0.2557226333708657,0.0,2,38,Student
35,314,True,0.3840811292272226,0.0,1,74,Blue Collar
35,315,True,0.3661458059524538,0.0,1,15,Blue Collar
35,316,True,0.5816434885743039,0.0,0,26,White Collar
35,317,False,0.5621775612709531,0.0,0,43,White Collar
35,318,False,0.0884444403006964,0.0,3,33,Retired
35,319,True,0.3446235300029249,0.0,0,37,White Collar
35,320,True,0.6095654722173228,0.0,2,31,Student
35,321,False,0.3141309765261968,0.0,0,60,White Collar
35,322,False,0.6479463612947148,0.0,1,32,Blue Collar
35,323,False,0.2265019195492524,0.0,2,35,Student
35,324,True,0.4532267059451018,0.0,0,48,White Collar
35,325,False,0.5996218506997747,0.0,0,22,White Collar
35,326,True,0.1362318623539835,0.0,1,52,Blue Collar
35,327,False,0.2361379497655822,0.0,2,48,Student
35,328,False,0.6046614565204121,0.0,1,4,Blue Collar
35,329,False,0.2920487185984639,0.0,0,15,White Collar
35,330,False,0.4004222737895427,0.0,3,40,Retired
35,331,True,0.4507710944195557,0.0,0,60,White Collar
35,332,True,0.1848018664101324,0.0,2,33,Student
35,333,True,0.4101929338053977,0.0,0,27,White Collar
35,334,False,0.34973434990572,0.0,0,14,White Collar
35,335,False,0.1756191969893639,0.0,1,43,Blue Collar
35,336,True,0.2052622268743936,0.0,0,16,White Collar
35,337,True,0.6085560017364287,0.0,0,68,White Collar
35,338,False,0.141658770535373,0.0,1,51,Blue Collar
35,339,False,0.43593946275941,0.0,2,94,Student
35,340,True,0.3082365330185971,0.0,0,21,White Collar
35,341,True,0.4550063988010734,0.0,3,33,Retired
35,342,True,0.4275490847618506,0.0,0,52,White Collar
35,343,True,0.2781861683282088,0.0,1,29,Blue Collar
35,344,False,0.1852405523576611,0.0,2,51,Student
35,345,False,0.5553171992560851,0.0,0,50,White Collar
35,346,True,0.5031820579410835,0.0,0,75,White Collar
35,347,False,0.3218467203585847,0.0,0,11,White Collar
35,348,False,0.2940375021670958,0.0,0,45,White Collar
35,349,False,0.1254493851034331,0.0,1,31,Blue Collar
35,350,True,0.4444012505601111,0.0,2,16,Student
35,351,True,0.5757688148776429,0.0,0,19,White Collar
35,352,True,0.1238108655661201,0.0,2,34,Student
35,353,False,0.1417424749206275,0.0,1,9,Blue Collar
35,354,True,0.1872751990226918,0.0,1,64,Blue Collar
35,355,False,0.1912672864319361,0.0,2,38,Student
35,356,True,0.2750086185191396,0.0,1,5,Blue Collar
35,357,False,0.2594732652222252,0.0,3,26,Retired
35,358,False,0.1160173375309619,0.0,2,55,Student
35,359,True,0.5878548997680135,0.0,3,96,Retired
35,360,False,0.141844276079871,0.0,3,59,Retired
35,361,False,0.2670940915387836,0.0,0,31,White Collar
35,362,False,0.1693494018369503,0.0,1,6,Blue Collar
35,363,False,0.5051295998717548,0.0,0,39,White Collar
35,364,True,0.2152263011559128,0.0,1,99,Blue Collar
35,365,False,0.3026792843884116,0.0,0,49,White Collar
35,366,False,0.6043368946581595,0.0,3,43,Retired
35,367,True,0.2264428247113664,0.0,3,30,Retired
35,368,False,0.3300102349170474,0.0,2,30,Student
35,369,False,0.1552676357183774,0.0,0,19,White Collar
35,370,True,0.2640383541633144,0.0,1,51,Blue Collar
35,371,False,0.3870555710169233,0.0,1,34,Blue Collar
35,372,False,0.1219581579427709,0.0,1,55,Blue Collar
35,373,False,0.2307343681279402,0.0,1,6,Blue Collar
35,374,True,0.3374328449762505,0.0,0,57,White Collar
35,375,False,0.0724104629791323,0.0,2,22,Student
35,376,False,0.3782207354851397,0.0,2,55,Student
35,377,True,0.3194343997975769,0.0,2,36,Student
35,378,False,0.1972597201780969,0.0,0,23,White Collar
35,379,False,0.287172100514021,0.0,0,37,White Collar
35,380,True,0.6008221918617068,0.0,2,11,Student
35,381,True,0.0971226057228562,0.0,0,35,White Collar
35,382,False,0.2750073539162113,0.0,0,39,White Collar
35,383,True,0.5045933992123101,0.0,1,52,Blue Collar
35,384,False,0.1595183596132539,0.0,2,61,Student
35,385,False,0.2144434659745125,0.0,2,45,Student
35,386,True,0.4631573276497399,0.0,1,46,Blue Collar
35,387,False,0.278102406698222,0.0,1,96,Blue Collar
35,388,True,0.185040538482732,0.0,2,14,Student
35,389,False,0.1145555589074245,0.0,0,42,White Collar
35,390,True,0.4228950555098883,0.0,0,36,White Collar
35,391,True,0.6440679634524121,0.0,0,50,White Collar
35,392,True,0.3083255266751108,0.0,0,51,White Collar
35,393,False,0.4105774245043222,0.0,1,31,Blue Collar
35,394,False,0.1960542058844075,0.0,0,24,White Collar
35,395,False,0.1388747735087824,0.0,0,99,White Collar
35,396,True,0.0985267612391955,0.0,1,32,Blue Collar
35,397,True,0.3672611312390035,0.0,2,29,Student
35,398,False,0.5073793345737749,0.0,1,33,Blue Collar
35,399,False,0.2364619685412546,0.0,0,52,White Collar
35,400,True,0.4056361401586,0.0,0,93,White Collar
35,401,True,0.2649097709889378,0.0,1,70,Blue Collar
35,402,False,0.3808117943964557,0.0,2,40,Student
35,403,False,0.2253317470448952,0.0,1,62,Blue Collar
35,404,False,0.0451536951706062,0.0,0,11,White Collar
35,405,True,0.1643660328395617,0.0,1,4,Blue Collar
35,406,False,0.1914306997277393,0.0,0,21,White Collar
35,407,True,0.2616461141449531,0.0,0,39,White Collar
35,408,False,0.3563937219389386,0.0,0,5,White Collar
35,409,False,0.0807393667249193,0.0,1,27,Blue Collar
35,410,True,0.1084574754788678,0.0,0,38,White Collar
35,411,True,0.2455266465423252,0.0,2,22,Student
35,412,True,0.5453972463065507,0.0,3,14,Retired
35,413,True,0.3355411391283527,0.0,1,86,Blue Collar
35,414,False,0.1119325748862738,0.0,1,28,Blue Collar
35,415,False,0.0786186195421999,0.0,1,63,Blue Collar
35,416,False,0.2232495599779229,0.0,3,22,Retired
35,417,False,0.2393448930531098,0.0,2,34,Student
35,418,False,0.4691650839986767,0.0,2,36,Student
35,419,True,0.1093010128782776,0.0,3,12,Retired
35,420,True,0.350841738423868,0.0,1,32,Blue Collar
35,421,False,0.1147332768168895,0.0,0,70,White Collar
35,422,True,0.5209560844968074,0.0,1,36,Blue Collar
35,423,False,0.4629191165410449,0.0,0,93,White Collar
35,424,False,0.4458084306295856,0.0,2,57,Student
35,425,True,0.4507456473585096,0.0,0,26,White Collar
35,426,False,0.207768701685737,0.0,0,43,White Collar
35,427,True,0.5530846398930729,0.0,1,23,Blue Collar
35,428,False,0.2414057853315312,0.0,0,5,White Collar
35,429,True,0.3521991446239845,0.0,1,10,Blue Collar
35,430,False,0.5623335554103934,0.0,2,41,Student
35,431,True,0.066028107172517,0.0,1,49,Blue Collar
35,432,False,0.4780103627939779,0.0,2,39,Student
35,433,False,0.3619557421910525,0.0,3,39,Retired
35,434,False,0.4016190764260652,0.0,0,62,White Collar
35,435,False,0.1447690887902211,0.0,0,46,White Collar
35,436,False,0.1485361833971406,0.0,2,38,Student
35,437,False,0.2673122822770018,0.0,3,30,Retired
35,438,False,0.2665058948831771,0.0,2,36,Student
35,439,True,0.2016844401116823,0.0,2,14,Student
35,440,True,0.5191348577625704,0.0,1,31,Blue Collar
35,441,False,0.0125769688314679,0.0,1,76,Blue Collar
35,442,True,0.230059532111924,0.0,1,47,Blue Collar
35,443,True,0.0891624767452996,0.0,1,34,Blue Collar
35,444,False,0.5437183231209585,0.0,0,12,White Collar
35,445,False,0.3380641675028336,0.0,2,30,Student
35,446,True,0.2209937767876525,0.0,1,39,Blue Collar
35,447,True,0.1223216696690601,0.0,0,3,White Collar
35,448,True,0.327157746156919,0.0,0,65,White Collar
35,449,False,0.0999748268202887,0.0,2,17,Student
35,450,False,0.3375920398739411,0.0,0,16,White Collar
35,451,False,0.5828544730774738,0.0,1,60,Blue Collar
35,452,False,0.5490326088038333,0.0,0,91,White Collar
35,453,False,0.1444002153105774,0.0,1,30,Blue Collar
35,454,False,0.5397886850088234,0.0,2,35,Student
35,455,False,0.0491039142380159,0.0,0,56,White Collar
35,456,False,0.2269298672078842,0.0,0,45,White Collar
35,457,True,0.1507116244682386,0.0,0,9,White Collar
35,458,True,0.0397742668078514,0.0,1,34,Blue Collar
35,459,False,0.4199586775519187,0.0,0,52,White Collar
35,460,False,0.4703209324057288,0.0,1,28,Blue Collar
35,461,True,0.4593225624256609,0.0,0,41,White Collar
35,462,True,0.2928697416440324,0.0,0,65,White Collar
35,463,False,0.3253208111970423,0.0,2,15,Student
35,464,False,0.608299740483025,0.0,2,53,Student
35,465,True,0.227995917813659,0.0,2,3,Student
35,466,False,0.3285833899501695,0.0,1,32,Blue Collar
35,467,True,0.188908839828141,0.0,1,56,Blue Collar
35,468,False,0.4759491652842039,0.0,0,4,White Collar
35,469,True,0.4619524675485082,0.0,0,96,White Collar
35,470,True,0.3355219672420451,0.0,0,17,White Collar
35,471,True,0.2913305263540643,0.0,1,64,Blue Collar
35,472,False,0.3010360813901332,0.0,2,34,Student
35,473,True,0.3271906689077269,0.0,3,26,Retired
35,474,False,0.0676409928670715,0.0,2,63,Student
35,475,False,0.3328039645201829,0.0,0,30,White Collar
35,476,False,0.5689403837780267,0.0,2,50,Student
35,477,False,0.1687368232740908,0.0,1,31,Blue Collar
35,478,False,0.3234785077429782,0.0,2,50,Student
35,479,True,0.2595142364225923,0.0,1,14,Blue Collar
35,480,True,0.2107341076181594,0.0,0,36,White Collar
35,481,True,0.4454389315848823,0.0,1,22,Blue Collar
35,482,True,0.1925251778170265,0.0,3,40,Retired
35,483,True,0.4215730229751968,0.0,0,22,White Collar
35,484,True,0.3147556062634345,0.0,2,4,Student
35,485,True,0.089175148068904,0.0,1,92,Blue Collar
35,486,True,0.1813974974553684,0.0,2,39,Student
35,487,True,0.2888520759798477,0.0,2,39,Student
35,488,False,0.1912204640490106,0.0,0,48,White Collar
35,489,True,0.254632025981011,0.0,0,77,White Collar
35,490,True,0.2626091579593145,0.0,3,68,Retired
35,491,True,0.1868577020761625,0.0,1,28,Blue Collar
35,492,False,0.1235656832485277,0.0,3,22,Retired
35,493,False,0.3590902667010948,0.0,0,39,White Collar
35,494,True,0.0072479127321231,0.0,0,98,White Collar
35,495,True,0.2254122917396397,0.0,1,5,Blue Collar
35,496,False,0.3682584032090778,0.0,1,41,Blue Collar
35,497,False,0.4700537573475749,0.0,2,25,Student
35,498,False,0.2334079593854568,0.0,0,54,White Collar
35,499,True,0.604550623924786,0.0,3,46,Retired
35,500,True,0.1116182558215075,0.0,0,66,White Collar
35,501,True,0.2918006363881575,0.0,0,51,White Collar
35,502,False,0.2436788503320043,0.0,1,11,Blue Collar
35,503,False,0.0911729007382388,0.0,2,9,Student
35,504,True,0.3423826121689441,0.0,1,85,Blue Collar
35,505,False,0.2613583638874165,0.0,1,89,Blue Collar
35,506,True,0.1054542174997974,0.0,0,4,White Collar
35,507,False,0.3394195895177768,0.0,3,36,Retired
35,508,False,0.0667440465050857,0.0,1,47,Blue Collar
35,509,True,0.3948447858495602,0.0,0,21,White Collar
35,510,False,0.1701597344690188,0.0,2,37,Student
35,511,True,0.6912093386389426,0.0,0,78,White Collar
35,512,False,0.1701650430716366,0.0,0,35,White Collar
35,513,False,0.259658072094199,0.0,2,56,Student
35,514,False,0.3408592494335257,0.0,2,55,Student
35,515,False,0.1936145912070428,0.0,0,36,White Collar
35,516,True,0.4421189571746821,0.0,0,53,White Collar
35,517,False,0.2918146343826823,0.0,2,21,Student
35,518,True,0.0431616328618451,0.0,3,1,Retired
35,519,True,0.0852628517039114,0.0,0,68,White Collar
35,520,True,0.4737658354893495,0.0,0,13,White Collar
35,521,True,0.2739533039710695,0.0,0,31,White Collar
35,522,True,0.2373952074488494,0.0,2,58,Student
35,523,False,0.2670788820929144,0.0,0,17,White Collar
35,524,False,0.1034879707346583,0.0,1,66,Blue Collar
35,525,True,0.2279511321623418,0.0,0,36,White Collar
35,526,True,0.2627333305254055,0.0,0,33,White Collar
35,527,True,0.6891140409001313,0.0,2,73,Student
35,528,False,0.2505649400674639,0.0,2,41,Student
35,529,False,0.2446496929766223,0.0,0,33,White Collar
35,530,True,0.2767384149382149,0.0,0,1,White Collar
35,531,False,0.2722051205048573,0.0,2,20,Student
35,532,False,0.2299484569093162,0.0,0,37,White Collar
35,533,True,0.4257053209843408,0.0,2,51,Student
35,534,False,0.2227111874163941,0.0,2,99,Student
35,535,False,0.4773689304451496,0.0,1,18,Blue Collar
35,536,False,0.2310129865169898,0.0,0,54,White Collar
35,537,True,0.4314435361946498,0.0,1,39,Blue Collar
35,538,False,0.3868797602101907,0.0,0,32,White Collar
35,539,False,0.208678135078325,0.0,0,17,White Collar
35,540,True,0.0900249981999672,0.0,1,23,Blue Collar
35,541,False,0.6038569167009646,0.0,0,32,White Collar
35,542,True,0.2265233252301209,0.0,0,25,White Collar
35,543,False,0.3042970610133372,0.0,2,30,Student
35,544,False,0.1646258613749868,0.0,0,8,White Collar
35,545,True,0.1823972362349482,0.0,2,2,Student
35,546,False,0.4766491048877699,0.0,2,58,Student
35,547,True,0.5264086385938195,0.0,3,85,Retired
35,548,True,0.3609203123415569,0.0,1,73,Blue Collar
35,549,True,0.2509553296201303,0.0,0,79,White Collar
35,550,False,0.3835316726535463,0.0,0,28,White Collar
35,551,True,0.1959117186620537,0.0,0,27,White Collar
35,552,True,0.2976150813463317,0.0,1,34,Blue Collar
35,553,True,0.1323735027451481,0.0,0,29,White Collar
35,554,False,0.126311680440905,0.0,2,23,Student
35,555,False,0.3547665226580853,0.0,0,32,White Collar
35,556,False,0.3219807096428471,0.0,1,37,Blue Collar
35,557,True,0.310809260614259,0.0,0,62,White Collar
35,558,False,0.2266135263526242,0.0,1,39,Blue Collar
35,559,False,0.3116613226660596,0.0,2,52,Student
35,560,False,0.1721735905143979,0.0,3,36,Retired
35,561,True,0.0414669752128248,0.0,3,21,Retired
35,562,True,0.2761974130074415,0.0,2,54,Student
35,563,False,0.094253560316938,0.0,2,4,Student
35,564,True,0.4118445340829866,0.0,1,38,Blue Collar
35,565,False,0.5157009792685964,0.0,2,97,Student
35,566,True,0.6342283268293691,0.0,0,19,White Collar
35,567,True,0.2717021731900056,0.0,0,67,White Collar
35,568,False,0.1611555559536509,0.0,2,24,Student
35,569,True,0.3019616530585536,0.0,1,6,Blue Collar
35,570,False,0.2474761658633007,0.0,2,31,Student
35,571,False,0.2773672197869529,0.0,3,26,Retired
35,572,True,0.4722249959604593,0.0,1,43,Blue Collar
35,573,False,0.2190395136759253,0.0,0,43,White Collar
35,574,True,0.2513040412624526,0.0,2,39,Student
35,575,True,0.1344989142255937,0.0,1,32,Blue Collar
35,576,True,0.2575375190463321,0.0,1,72,Blue Collar
35,577,True,0.5758311543371692,0.0,0,37,White Collar
35,578,False,0.1747889880746776,0.0,1,8,Blue Collar
35,579,True,0.4404393990716352,0.0,2,10,Student
35,580,True,0.239968723155057,0.0,3,12,Retired
35,581,True,0.4457504855829945,0.0,1,37,Blue Collar
35,582,False,0.4181457323941839,0.0,0,51,White Collar
35,583,False,0.1247787246488094,0.0,1,63,Blue Collar
35,584,True,0.4135696874278296,0.0,2,69,Student
35,585,False,0.0855221607194543,0.0,3,12,Retired
35,586,False,0.102384952851844,0.0,0,55,White Collar
35,587,False,0.2285050887405005,0.0,2,93,Student
35,588,True,0.5466614162505907,0.0,0,38,White Collar
35,589,True,0.3510850322437097,0.0,2,8,Student
35,590,False,0.1394105760462668,0.0,0,64,White Collar
35,591,True,0.0536995154899485,0.0,0,9,White Collar
35,592,True,0.3806987361056626,0.0,2,2,Student
35,593,True,0.2794224044294483,0.0,2,32,Student
35,594,False,0.3066911814390244,0.0,0,38,White Collar
35,595,False,0.3430330836467324,0.0,0,28,White Collar
35,596,True,0.476114544370721,0.0,3,58,Retired
35,597,False,0.2554704259647891,0.0,1,24,Blue Collar
35,598,False,0.5012006017832084,0.0,0,27,White Collar
35,599,True,0.154006662960799,0.0,0,32,White Collar
35,600,True,0.0632323404051646,0.0,1,26,Blue Collar
35,601,False,0.4483454588827538,0.0,2,55,Student
35,602,True,0.1099758633977806,0.0,1,87,Blue Collar
35,603,True,0.2998031027074426,0.0,0,55,White Collar
35,604,True,0.5363077304756033,0.0,2,60,Student
35,605,False,0.0670542699936395,0.0,0,78,White Collar
35,606,False,0.3373425781481131,0.0,0,29,White Collar
35,607,True,0.0616375155621336,0.0,1,37,Blue Collar
35,608,True,0.2669105924136806,0.0,0,31,White Collar
35,609,False,0.0146819331277921,0.0,2,17,Student
35,610,False,0.0929129012701737,0.0,3,14,Retired
35,611,False,0.1620845901138898,0.0,2,63,Student
35,612,False,0.0555877186492738,0.0,0,62,White Collar
35,613,False,0.3628731421368042,0.0,2,40,Student
35,614,True,0.326185553069642,0.0,3,33,Retired
35,615,False,0.5516768599767246,0.0,3,35,Retired
35,616,True,0.1099186560623747,0.0,1,20,Blue Collar
35,617,True,0.2171848103951794,0.0,0,58,White Collar
35,618,True,0.0782209788311515,0.0,1,7,Blue Collar
35,619,False,0.1767688055025618,0.0,0,42,White Collar
35,620,False,0.5954379734962468,0.0,0,65,White Collar
35,621,True,0.3971726866093809,0.0,0,3,White Collar
35,622,True,0.1055672064555032,0.0,1,37,Blue Collar
35,623,False,0.0311859105555057,0.0,1,33,Blue Collar
35,624,True,0.0279579619790819,0.0,3,30,Retired
35,625,True,0.3679765943353593,0.0,2,21,Student
35,626,False,0.159129571300425,0.0,0,9,White Collar
35,627,True,0.7380869638355531,0.0,0,30,White Collar
35,628,True,0.2436991769678001,0.0,2,51,Student
35,629,True,0.170977740591307,0.0,1,41,Blue Collar
35,630,False,0.0807239819987891,0.0,3,46,Retired
35,631,True,0.4477791997522805,0.0,2,36,Student
35,632,False,0.197351654715525,0.0,1,80,Blue Collar
35,633,False,0.2614729695537015,0.0,0,13,White Collar
35,634,False,0.2791904822094437,0.0,0,55,White Collar
35,635,True,0.2492464228769708,0.0,0,47,White Collar
35,636,True,0.3888004532026781,0.0,2,59,Student
35,637,True,0.0898309777348184,0.0,2,10,Student
35,638,True,0.2393537041475697,0.0,0,56,White Collar
35,639,False,0.2004520499405746,0.0,0,38,White Collar
35,640,True,0.4009969437535314,0.0,1,33,Blue Collar
35,641,True,0.4674355152035755,0.0,3,50,Retired
35,642,False,0.1279157924541819,0.0,2,51,Student
35,643,True,0.403734941984525,0.0,0,4,White Collar
35,644,False,0.0894865576156005,0.0,0,12,White Collar
35,645,False,0.2478156639906327,0.0,3,39,Retired
35,646,False,0.26449203451846,0.0,2,9,Student
35,647,True,0.4549932251283338,0.0,1,20,Blue Collar
35,648,True,0.3895079338725103,0.0,1,25,Blue Collar
35,649,False,0.0971817728565808,0.0,0,34,White Collar
35,650,False,0.3828986050331805,0.0,0,55,White Collar
35,651,True,0.297838427885603,0.0,0,7,White Collar
35,652,False,0.5903979088514874,0.0,1,24,Blue Collar
35,653,False,0.1760983318750708,0.0,0,56,White Collar
35,654,False,0.2144134952920709,0.0,1,17,Blue Collar
35,655,False,0.6204682337798468,0.0,1,42,Blue Collar
35,656,False,0.4872331449600042,0.0,2,32,Student
35,657,False,0.0962069245149607,0.0,1,50,Blue Collar
35,658,True,0.2496558034719668,0.0,0,21,White Collar
35,659,False,0.341237799092246,0.0,2,48,Student
35,660,True,0.4009150563139554,0.0,1,63,Blue Collar
35,661,True,0.1179359076194324,0.0,1,47,Blue Collar
35,662,True,0.5572754113921149,0.0,0,36,White Collar
35,663,False,0.0629427880187678,0.0,0,28,White Collar
35,664,True,0.1229522065476816,0.0,1,62,Blue Collar
35,665,True,0.5302969759506505,0.0,3,54,Retired
35,666,True,0.2709993961105075,0.0,1,45,Blue Collar
35,667,True,0.2770890275188418,0.0,1,10,Blue Collar
35,668,False,0.301184192228817,0.0,2,56,Student
35,669,False,0.1401494015576146,0.0,0,53,White Collar
35,670,False,0.0737337849011167,0.0,0,43,White Collar
35,671,True,0.3291565105170932,0.0,0,52,White Collar
35,672,False,0.359768584824016,0.0,1,21,Blue Collar
35,673,False,0.3097774732702404,0.0,1,52,Blue Collar
35,674,False,0.180350414287884,0.0,1,32,Blue Collar
35,675,False,0.1104932580161498,0.0,0,28,White Collar
35,676,True,0.2268526189451653,0.0,1,34,Blue Collar
35,677,False,0.6389059701703222,0.0,2,42,Student
35,678,True,0.2431391535156832,0.0,3,22,Retired
35,679,False,0.2159680460480785,0.0,2,32,Student
35,680,True,0.2485571743584797,0.0,2,9,Student
35,681,False,0.2374704597128737,0.0,0,39,White Collar
35,682,True,0.5319284493276698,0.0,2,61,Student
35,683,False,0.3904389243462244,0.0,0,26,White Collar
35,684,True,0.1697375890428857,0.0,0,6,White Collar
35,685,False,0.204026175015018,0.0,0,40,White Collar
35,686,False,0.2549263267105989,0.0,3,22,Retired
35,687,False,0.2890608269629373,0.0,2,2,Student
35,688,False,0.1407896901376907,0.0,0,44,White Collar
35,689,True,0.1884686348827569,0.0,1,4,Blue Collar
35,690,True,0.5651992012277928,0.0,2,18,Student
35,691,True,0.5441384134079766,0.0,1,25,Blue Collar
35,692,True,0.2074958132489381,0.0,0,40,White Collar
35,693,True,0.1937947313120766,0.0,1,45,Blue Collar
35,694,True,0.3917365978571069,0.0,0,32,White Collar
35,695,False,0.0549042835324885,0.0,2,21,Student
35,696,True,0.513200034727355,0.0,1,50,Blue Collar
35,697,False,0.1680138488305095,0.0,1,62,Blue Collar
35,698,True,0.3498451382963249,0.0,1,47,Blue Collar
35,699,False,0.0647089915680699,0.0,0,7,White Collar
35,700,True,0.3992098512519557,0.0,2,38,Student
35,701,False,0.3602074853627584,0.0,3,11,Retired
35,702,False,0.3368158164406375,0.0,0,59,White Collar
35,703,True,0.1256675155755714,0.0,3,15,Retired
35,704,False,0.186745643052941,0.0,2,2,Student
35,705,False,0.3090542956810058,0.0,0,91,White Collar
35,706,False,0.1611047165510067,0.0,0,32,White Collar
35,707,True,0.156019393834899,0.0,1,58,Blue Collar
35,708,True,0.4891720840330514,0.0,3,35,Retired
35,709,False,0.0405952160464261,0.0,0,10,White Collar
35,710,False,0.5013100171730703,0.0,1,62,Blue Collar
35,711,False,0.125480123667906,0.0,2,26,Student
35,712,True,0.3783262469877855,0.0,1,33,Blue Collar
35,713,False,0.3222129037148611,0.0,1,62,Blue Collar
35,714,False,0.1213622535720952,0.0,2,63,Student
35,715,True,0.164766719941082,0.0,1,35,Blue Collar
35,716,False,0.4210690230658028,0.0,1,4,Blue Collar
35,717,True,0.2230656431040991,0.0,1,44,Blue Collar
35,718,True,0.7475416808203147,0.0,0,49,White Collar
35,719,False,0.1765326311521286,0.0,0,70,White Collar
35,720,False,0.1693998756977423,0.0,2,18,Student
35,721,False,0.1012367631091599,0.0,1,59,Blue Collar
35,722,False,0.1552197678852778,0.0,2,41,Student
35,723,True,0.2516719879928031,0.0,0,34,White Collar
35,724,True,0.6988438963940432,0.0,0,1,White Collar
35,725,True,0.1628761947287865,0.0,2,54,Student
35,726,False,0.035861074519571,0.0,0,86,White Collar
35,727,True,0.1868926162656133,0.0,1,35,Blue Collar
35,728,True,0.2802197590789023,0.0,3,35,Retired
35,729,False,0.5039853388745347,0.0,1,14,Blue Collar
35,730,False,0.2905356993774629,0.0,0,21,White Collar
35,731,True,0.2137032540043945,0.0,1,37,Blue Collar
35,732,False,0.1742040407701023,0.0,0,30,White Collar
35,733,True,0.3991960073625363,0.0,1,47,Blue Collar
35,734,False,0.2659319496638474,0.0,2,45,Student
35,735,False,0.4020401338219225,0.0,1,30,Blue Collar
35,736,False,0.1054043592980552,0.0,2,10,Student
35,737,False,0.1896220786800948,0.0,0,64,White Collar
35,738,False,0.3548328182831716,0.0,0,92,White Collar
35,739,True,0.0785174307392475,0.0,2,83,Student
35,740,False,0.123504889954708,0.0,0,57,White Collar
35,741,False,0.2413778454503063,0.0,0,21,White Collar
35,742,False,0.4688543103047804,0.0,2,53,Student
35,743,True,0.5491671814360513,0.0,2,23,Student
35,744,False,0.1320866566288173,0.0,1,31,Blue Collar
35,745,False,0.2989363140201345,0.0,2,27,Student
35,746,True,0.5146805029932751,0.0,2,18,Student
35,747,True,0.4008971368260078,0.0,0,29,White Collar
35,748,False,0.2842255949831302,0.0,0,79,White Collar
35,749,True,0.317544110113382,0.0,2,43,Student
35,750,False,0.1384834698703489,0.0,1,63,Blue Collar
35,751,True,0.2009712364540103,0.0,2,45,Student
35,752,False,0.2418896431622072,0.0,2,35,Student
35,753,True,0.2295611941890383,0.0,2,46,Student
35,754,True,0.2156860757163646,0.0,2,36,Student
35,755,False,0.1231095801822028,0.0,2,45,Student
35,756,False,0.5160624858560737,0.0,2,48,Student
35,757,True,0.2623139249573352,0.0,3,39,Retired
35,758,False,0.2309942687514944,0.0,2,21,Student
35,759,True,0.0959512859344814,0.0,1,94,Blue Collar
35,760,False,0.340353357371217,0.0,2,51,Student
35,761,True,0.1569467002743433,0.0,0,18,White Collar
35,762,False,0.1620025771710848,0.0,1,31,Blue Collar
35,763,True,0.1945993531314553,0.0,0,24,White Collar
35,764,True,0.3889033363849212,0.0,1,7,Blue Collar
35,765,False,0.3240072686151163,0.0,2,56,Student
35,766,False,0.0569606868617727,0.0,1,6,Blue Collar
35,767,True,0.5068443274386882,0.0,1,36,Blue Collar
35,768,True,0.3043925052678168,0.0,0,52,White Collar
35,769,True,0.2972452247392276,0.0,0,37,White Collar
35,770,False,0.1367056096153261,0.0,0,10,White Collar
35,771,False,0.4491401171221709,0.0,2,49,Student
35,772,True,0.2518147960573942,0.0,3,37,Retired
35,773,True,0.1695139260731264,0.0,0,7,White Collar
35,774,True,0.0801464927057364,0.0,1,69,Blue Collar
35,775,False,0.2325370523553835,0.0,0,31,White Collar
35,776,True,0.4841625365767797,0.0,2,46,Student
35,777,True,0.1693257626556566,0.0,3,52,Retired
35,778,False,0.0747789270014016,0.0,0,59,White Collar
35,779,True,0.1852423234921943,0.0,0,15,White Collar
35,780,False,0.1679635137045052,0.0,2,1,Student
35,781,False,0.2763354949660545,0.0,0,19,White Collar
35,782,False,0.1309785515470798,0.0,1,51,Blue Collar
35,783,False,0.1542500262093677,0.0,2,51,Student
35,784,False,0.0899353835301188,0.0,1,45,Blue Collar
35,785,False,0.3465590425511273,0.0,0,43,White Collar
35,786,True,0.1649902537464189,0.0,0,22,White Collar
35,787,True,0.1454381844637113,0.0,1,93,Blue Collar
35,788,False,0.451163889216197,0.0,1,46,Blue Collar
35,789,True,0.5292063498589319,0.0,1,60,Blue Collar
35,790,True,0.3771771971387949,0.0,0,24,White Collar
35,791,False,0.4977153092263308,0.0,1,24,Blue Collar
35,792,True,0.4231845666292447,0.0,1,91,Blue Collar
35,793,False,0.2173364748969555,0.0,1,24,Blue Collar
35,794,True,0.1054974346874186,0.0,1,80,Blue Collar
35,795,False,0.177115816076833,0.0,1,29,Blue Collar
35,796,False,0.1560104234247701,0.0,1,76,Blue Collar
35,797,True,0.3583027272484148,0.0,1,62,Blue Collar
35,798,True,0.2382117203777517,0.0,2,27,Student
35,799,False,0.0444376371349206,0.0,1,22,Blue Collar
35,800,False,0.1774341564063493,0.0,3,32,Retired
35,801,False,0.0810503458688375,0.0,0,31,White Collar
35,802,False,0.2332597297899884,0.0,1,59,Blue Collar
35,803,False,0.4563029734443914,0.0,1,2,Blue Collar
35,804,False,0.1109951227085874,0.0,3,8,Retired
35,805,True,0.524107383079782,0.0,2,12,Student
35,806,False,0.2494485341513156,0.0,0,71,White Collar
35,807,False,0.3576596696917246,0.0,2,63,Student
35,808,False,0.1411241998676989,0.0,2,13,Student
35,809,True,0.2562193556155805,0.0,0,25,White Collar
35,810,False,0.5239791499617252,0.0,0,100,White Collar
35,811,False,0.4819498063691885,0.0,0,20,White Collar
35,812,False,0.2639644320402215,0.0,0,20,White Collar
35,813,False,0.223514158884564,0.0,1,40,Blue Collar
35,814,False,0.2764270470816738,0.0,2,6,Student
35,815,False,0.321129255341407,0.0,0,3,White Collar
35,816,True,0.557406885681536,0.0,0,40,White Collar
35,817,False,0.1621890861748199,0.0,1,30,Blue Collar
35,818,False,0.154807479392052,0.0,0,27,White Collar
35,819,True,0.2096039228273493,0.0,2,59,Student
35,820,False,0.1068665371877108,0.0,1,43,Blue Collar
35,821,True,0.36441921405229,0.0,2,37,Student
35,822,False,0.069854215232803,0.0,0,35,White Collar
35,823,True,0.5752524381494896,0.0,0,56,White Collar
35,824,False,0.2816515588456469,0.0,3,31,Retired
35,825,False,0.3794411536939451,0.0,1,35,Blue Collar
35,826,True,0.0456596310029253,0.0,3,44,Retired
35,827,True,0.3907392159198113,0.0,3,76,Retired
35,828,False,0.3259029406210039,0.0,2,13,Student
35,829,False,0.3450841502829877,0.0,2,39,Student
35,830,False,0.2370136739010705,0.0,2,21,Student
35,831,False,0.4243518655493258,0.0,0,27,White Collar
35,832,True,0.1288120009908881,0.0,0,18,White Collar
35,833,False,0.3299114686361586,0.0,0,23,White Collar
35,834,True,0.0667555305661823,0.0,3,72,Retired
35,835,False,0.1057107830323264,0.0,1,9,Blue Collar
35,836,True,0.5357995621053333,0.0,0,49,White Collar
35,837,False,0.1595713437757506,0.0,2,42,Student
35,838,False,0.1228798987176632,0.0,1,62,Blue Collar
35,839,True,0.3099564477393267,0.0,1,51,Blue Collar
35,840,True,0.5006741240171694,0.0,1,27,Blue Collar
35,841,True,0.1925333812435086,0.0,0,50,White Collar
35,842,True,0.6798139772747849,0.0,2,62,Student
35,843,False,0.1658069239561412,0.0,1,14,Blue Collar
35,844,False,0.445325731706341,0.0,1,60,Blue Collar
35,845,False,0.2871034665903474,0.0,1,32,Blue Collar
35,846,True,0.2051521024846308,0.0,0,42,White Collar
35,847,False,0.3569482999794101,0.0,0,35,White Collar
35,848,False,0.0872053159749631,0.0,2,37,Student
35,849,True,0.23791157291652,0.0,2,42,Student
35,850,True,0.2125906368597829,0.0,0,78,White Collar
35,851,True,0.3380474712276761,0.0,3,39,Retired
35,852,False,0.2905275608427198,0.0,0,34,White Collar
35,853,False,0.3479181328972756,0.0,0,59,White Collar
35,854,True,0.4221996077051169,0.0,1,49,Blue Collar
35,855,False,0.2424964231836355,0.0,2,31,Student
35,856,False,0.3024763373927353,0.0,1,47,Blue Collar
35,857,False,0.5685546252018754,0.0,1,49,Blue Collar
35,858,False,0.2939324011203272,0.0,1,65,Blue Collar
35,859,False,0.2371806947234474,0.0,1,5,Blue Collar
35,860,True,0.4348483136027772,0.0,1,28,Blue Collar
35,861,False,0.2476647534198212,0.0,1,31,Blue Collar
35,862,False,0.5915252921662858,0.0,1,28,Blue Collar
35,863,True,0.4941427378687356,0.0,2,22,Student
35,864,True,0.1927509224419929,0.0,0,89,White Collar
35,865,False,0.215708580571228,0.0,2,40,Student
35,866,False,0.4548274324248505,0.0,1,86,Blue Collar
35,867,False,0.432033472949111,0.0,0,61,White Collar
35,868,True,0.4727380263938699,0.0,1,42,Blue Collar
35,869,False,0.2538973946761992,0.0,0,62,White Collar
35,870,True,0.2857213617632627,0.0,3,15,Retired
35,871,True,0.2317922806044498,0.0,1,31,Blue Collar
35,872,False,0.2332041462800099,0.0,0,78,White Collar
35,873,False,0.1697303259220881,0.0,1,61,Blue Collar
35,874,True,0.4915121741124872,0.0,0,57,White Collar
35,875,False,0.3319587751508012,0.0,2,58,Student
35,876,True,0.3427031340245881,0.0,1,8,Blue Collar
35,877,True,0.4732074603715058,0.0,1,87,Blue Collar
35,878,True,0.057826174727944,0.0,0,28,White Collar
35,879,True,0.3342823374545915,0.0,0,37,White Collar
35,880,True,0.5055663733930453,0.0,0,39,White Collar
35,881,True,0.1092677169367234,0.0,0,6,White Collar
35,882,True,0.476371862104171,0.0,0,28,White Collar
35,883,True,0.3351520189164386,0.0,0,6,White Collar
35,884,True,0.3113112656037834,0.0,2,55,Student
35,885,False,0.3156514521042243,0.0,0,2,White Collar
35,886,True,0.1342593059642669,0.0,2,1,Student
35,887,True,0.0426125165402731,0.0,0,46,White Collar
35,888,False,0.4402492515093427,0.0,2,65,Student
35,889,False,0.1195934956640864,0.0,0,53,White Collar
35,890,True,0.2000779313230957,0.0,2,17,Student
35,891,True,0.7007817975708072,0.0,1,10,Blue Collar
35,892,False,0.2817555447671213,0.0,1,0,Blue Collar
35,893,True,0.3492651154755515,0.0,0,52,White Collar
35,894,True,0.183486628129589,0.0,2,28,Student
35,895,True,0.5023166737897836,0.0,0,28,White Collar
35,896,False,0.0624500784100217,0.0,1,32,Blue Collar
35,897,True,0.4354437700393007,0.0,0,34,White Collar
35,898,False,0.0920630148030118,0.0,2,91,Student
35,899,False,0.6257518883853295,0.0,1,79,Blue Collar
35,900,True,0.3770081169472025,0.0,1,11,Blue Collar
35,901,False,0.1271719790497805,0.0,0,39,White Collar
35,902,False,0.2743528735631583,0.0,1,1,Blue Collar
35,903,True,0.3825666156869312,0.0,0,3,White Collar
35,904,True,0.1784396198271592,0.0,1,34,Blue Collar
35,905,True,0.2162905367743838,0.0,0,41,White Collar
35,906,True,0.5209740341645329,0.0,1,49,Blue Collar
35,907,True,0.279074004926693,0.0,0,22,White Collar
35,908,False,0.4849887995749727,0.0,0,22,White Collar
35,909,False,0.3481128642195799,0.0,3,57,Retired
35,910,False,0.3776973082787966,0.0,2,24,Student
35,911,False,0.4552676384890686,0.0,0,34,White Collar
35,912,True,0.564636774420852,0.0,1,44,Blue Collar
35,913,False,0.1352549552408208,0.0,1,2,Blue Collar
35,914,True,0.4189062970344011,0.0,1,49,Blue Collar
35,915,False,0.6277239733678208,0.0,0,82,White Collar
35,916,True,0.4233062618932802,0.0,1,1,Blue Collar
35,917,True,0.3242865327317485,0.0,1,54,Blue Collar
35,918,True,0.5237323534287259,0.0,2,42,Student
35,919,True,0.6843643932117193,0.0,0,51,White Collar
35,920,True,0.3592652758898438,0.0,2,64,Student
35,921,True,0.3939614324212918,0.0,0,12,White Collar
35,922,False,0.3799956547644613,0.0,1,63,Blue Collar
35,923,False,0.0841743365393104,0.0,2,46,Student
35,924,True,0.4372271147397712,0.0,2,5,Student
35,925,False,0.0941077935758852,0.0,1,37,Blue Collar
35,926,True,0.3982612864989766,0.0,1,30,Blue Collar
35,927,True,0.0776550664575109,0.0,3,64,Retired
35,928,False,0.1282124549316295,0.0,1,73,Blue Collar
35,929,True,0.2142506430565661,0.0,2,10,Student
35,930,True,0.1898088523955465,0.0,1,37,Blue Collar
35,931,False,0.449549690409468,0.0,0,87,White Collar
35,932,True,0.2340831361350911,0.0,1,54,Blue Collar
35,933,True,0.1004746869111375,0.0,1,40,Blue Collar
35,934,True,0.1752910699720822,0.0,2,60,Student
35,935,False,0.3112062459089998,0.0,1,15,Blue Collar
35,936,True,0.3072581434169985,0.0,0,15,White Collar
35,937,True,0.3162298390616307,0.0,2,35,Student
35,938,False,0.4493230296578294,0.0,2,26,Student
35,939,False,0.4992607592612914,0.0,1,21,Blue Collar
35,940,True,0.3797328747609579,0.0,1,15,Blue Collar
35,941,True,0.2587951204847887,0.0,0,20,White Collar
35,942,True,0.217206502029108,0.0,1,9,Blue Collar
35,943,False,0.6337271424536701,0.0,3,55,Retired
35,944,True,0.3024225452045582,0.0,1,7,Blue Collar
35,945,False,0.353243831536729,0.0,0,60,White Collar
35,946,True,0.1960088011812329,0.0,2,44,Student
35,947,False,0.194604146338236,0.0,1,11,Blue Collar
35,948,False,0.1201659626916901,0.0,0,35,White Collar
35,949,False,0.2881738348704263,0.0,2,56,Student
35,950,False,0.1945107684338112,0.0,0,44,White Collar
35,951,False,0.2219017467003496,0.0,2,12,Student
35,952,True,0.4924424140581507,0.0,2,10,Student
35,953,False,0.0850659978225831,0.0,1,73,Blue Collar
35,954,True,0.1707846803550596,0.0,2,57,Student
35,955,True,0.3275299415979275,0.0,0,20,White Collar
35,956,False,0.3146017534698956,0.0,1,35,Blue Collar
35,957,True,0.5591300431761457,0.0,1,46,Blue Collar
35,958,True,0.0569074657411333,0.0,1,38,Blue Collar
35,959,False,0.5215862971395819,0.0,3,54,Retired
35,960,False,0.1109111744624726,0.0,0,49,White Collar
35,961,False,0.2265228453079547,0.0,2,23,Student
35,962,True,0.0823237952883983,0.0,0,57,White Collar
35,963,False,0.0203376211117979,0.0,1,63,Blue Collar
35,964,False,0.515099224706211,0.0,1,25,Blue Collar
35,965,False,0.1524295832997067,0.0,2,40,Student
35,966,True,0.401561690342304,0.0,0,77,White Collar
35,967,True,0.1934741652155991,0.0,1,22,Blue Collar
35,968,False,0.5676055160091945,0.0,1,40,Blue Collar
35,969,True,0.207457529958512,0.0,0,58,White Collar
35,970,False,0.2430327927543291,0.0,2,57,Student
35,971,True,0.1686796225990403,0.0,2,1,Student
35,972,True,0.1197872134843499,0.0,1,9,Blue Collar
35,973,False,0.4281637369757693,0.0,2,9,Student
35,974,False,0.2805328520070296,0.0,2,33,Student
35,975,False,0.0255304591814648,0.0,1,48,Blue Collar
35,976,True,0.5758838933798938,0.0,1,28,Blue Collar
35,977,False,0.2466749134265328,0.0,3,32,Retired
35,978,False,0.1265914119379539,0.0,2,36,Student
35,979,True,0.076905262823075,0.0,1,33,Blue Collar
35,980,True,0.1317865994756037,0.0,0,61,White Collar
35,981,False,0.3423522504030944,0.0,1,47,Blue Collar
35,982,True,0.4422870444385288,0.0,3,24,Retired
35,983,False,0.2290208014335576,0.0,2,98,Student
35,984,True,0.8133424050014515,0.0,2,27,Student
35,985,True,0.2079234242657764,0.0,0,29,White Collar
35,986,False,0.2608344425937606,0.0,0,10,White Collar
35,987,False,0.1095262841662347,0.0,0,62,White Collar
35,988,False,0.2508512520003949,0.0,1,21,Blue Collar
35,989,True,0.4615262690501316,0.0,0,24,White Collar
35,990,True,0.6224521206393593,0.0,0,17,White Collar
35,991,False,0.3984798933684013,0.0,1,25,Blue Collar
35,992,False,0.0587343222846886,0.0,0,38,White Collar
35,993,False,0.0996858624336007,0.0,2,61,Student
35,994,True,0.0587453867701584,0.0,1,39,Blue Collar
35,995,True,0.1404948127964428,0.0,0,86,White Collar
35,996,False,0.1813561796987826,0.0,0,8,White Collar
35,997,False,0.1207732276954052,0.0,0,89,White Collar
35,998,True,0.3803905055871858,0.0,1,28,Blue Collar
35,999,False,0.115508747068787,0.0,2,22,Student
36,0,True,0.3536766572335658,0.0,1,41,Blue Collar
36,1,False,0.2485580660782393,0.0,1,3,Blue Collar
36,2,True,0.4159590873381714,0.0,2,13,Student
36,3,True,0.1599675758099919,0.0,2,38,Student
36,4,False,0.5502830780616322,0.0,0,58,White Collar
36,5,False,0.110945287593398,0.0,1,19,Blue Collar
36,6,True,0.5098966417920571,0.0,2,27,Student
36,7,True,0.1772703794727445,0.0,0,21,White Collar
36,8,True,0.1982904719133444,0.0,1,27,Blue Collar
36,9,True,0.3762367882135499,0.0,2,31,Student
36,10,True,0.5434668040445325,0.0,0,52,White Collar
36,11,True,0.0847637629426502,0.0,1,7,Blue Collar
36,12,True,0.3579287927839609,0.0,0,44,White Collar
36,13,True,0.2733207739503824,0.0,0,46,White Collar
36,14,True,0.1343761410948502,0.0,1,40,Blue Collar
36,15,True,0.3532548500048075,0.0,2,7,Student
36,16,False,0.1327901214327579,0.0,1,80,Blue Collar
36,17,False,0.326434368425168,0.0,1,48,Blue Collar
36,18,True,0.1658104012585459,0.0,2,21,Student
36,19,True,0.207734214505591,0.0,2,51,Student
36,20,True,0.2634084880828478,0.0,0,61,White Collar
36,21,True,0.3900143303664891,0.0,0,36,White Collar
36,22,False,0.1536454700072753,0.0,0,37,White Collar
36,23,True,0.3055023511983206,0.0,0,98,White Collar
36,24,True,0.203313881265596,0.0,1,45,Blue Collar
36,25,True,0.1838768760882306,0.0,0,21,White Collar
36,26,True,0.3678240872354807,0.0,3,27,Retired
36,27,False,0.2020967664638769,0.0,1,3,Blue Collar
36,28,True,0.1863395045288194,0.0,0,39,White Collar
36,29,False,0.2835202997539891,0.0,3,0,Retired
36,30,False,0.1003993030662121,0.0,1,35,Blue Collar
36,31,True,0.207729389165234,0.0,1,9,Blue Collar
36,32,True,0.3096377073595142,0.0,1,11,Blue Collar
36,33,True,0.0443858001226034,0.0,3,57,Retired
36,34,True,0.1245792134455452,0.0,3,22,Retired
36,35,True,0.2110033201581862,0.0,2,50,Student
36,36,True,0.3581887554246956,0.0,2,21,Student
36,37,False,0.6522422663601021,0.0,1,17,Blue Collar
36,38,False,0.1622660260567806,0.0,2,36,Student
36,39,True,0.0694242954698856,0.0,3,47,Retired
36,40,True,0.076848080809821,0.0,0,63,White Collar
36,41,False,0.1744335165862888,0.0,1,55,Blue Collar
36,42,False,0.5434537469656785,0.0,0,21,White Collar
36,43,True,0.0616539134466732,0.0,2,26,Student
36,44,True,0.2356865066312641,0.0,3,2,Retired
36,45,False,0.3132941266752032,0.0,0,7,White Collar
36,46,False,0.1525833147039861,0.0,0,37,White Collar
36,47,False,0.3868863360183782,0.0,2,32,Student
36,48,True,0.4845897602554896,0.0,0,32,White Collar
36,49,False,0.0959387779732849,0.0,2,3,Student
36,50,True,0.3662241584833629,0.0,2,44,Student
36,51,False,0.2983728426907024,0.0,2,32,Student
36,52,True,0.2237663665214278,0.0,0,43,White Collar
36,53,False,0.1642916485213648,0.0,1,20,Blue Collar
36,54,True,0.4613858274628866,0.0,3,2,Retired
36,55,True,0.0983214607503696,0.0,0,15,White Collar
36,56,False,0.179247512983417,0.0,0,76,White Collar
36,57,True,0.3430187325979972,0.0,0,33,White Collar
36,58,True,0.2746698380360602,0.0,1,58,Blue Collar
36,59,True,0.4432945779277498,0.0,3,6,Retired
36,60,False,0.1327244318952246,0.0,2,29,Student
36,61,True,0.4006430877209991,0.0,2,35,Student
36,62,False,0.3225960385009868,0.0,2,5,Student
36,63,False,0.2923618255131976,0.0,2,53,Student
36,64,True,0.1135769732526367,0.0,2,38,Student
36,65,False,0.3415589572254627,0.0,0,59,White Collar
36,66,True,0.1699958739594175,0.0,2,29,Student
36,67,True,0.8014732049023443,0.0,0,50,White Collar
36,68,False,0.1317706240875745,0.0,0,66,White Collar
36,69,False,0.125499659191502,0.0,0,70,White Collar
36,70,True,0.3370138954716539,0.0,1,11,Blue Collar
36,71,False,0.0343986220052017,0.0,0,24,White Collar
36,72,False,0.159377520333094,0.0,0,39,White Collar
36,73,True,0.2615158445906097,0.0,2,40,Student
36,74,False,0.2491194021961276,0.0,1,22,Blue Collar
36,75,True,0.0685869246308145,0.0,1,25,Blue Collar
36,76,True,0.4595064072499054,0.0,0,49,White Collar
36,77,True,0.5414781386117564,0.0,2,69,Student
36,78,False,0.2605960618109315,0.0,0,19,White Collar
36,79,False,0.067535907483785,0.0,1,76,Blue Collar
36,80,True,0.0467688349727268,0.0,2,19,Student
36,81,True,0.127131476580951,0.0,0,45,White Collar
36,82,False,0.3265987258278122,0.0,0,23,White Collar
36,83,False,0.1191248654111389,0.0,1,20,Blue Collar
36,84,False,0.1077670455014623,0.0,0,22,White Collar
36,85,True,0.3246010263074086,0.0,1,60,Blue Collar
36,86,True,0.2193544911847561,0.0,3,24,Retired
36,87,False,0.3047922320216946,0.0,2,41,Student
36,88,True,0.403730071467841,0.0,1,54,Blue Collar
36,89,True,0.1841289216978105,0.0,2,49,Student
36,90,False,0.2344736594858819,0.0,1,20,Blue Collar
36,91,False,0.175068748991844,0.0,0,55,White Collar
36,92,True,0.2673316734797696,0.0,2,48,Student
36,93,False,0.238699744225137,0.0,3,21,Retired
36,94,True,0.3257956107307604,0.0,1,53,Blue Collar
36,95,True,0.4434878606676832,0.0,2,19,Student
36,96,True,0.3855671372233749,0.0,2,8,Student
36,97,False,0.0961525816865667,0.0,0,29,White Collar
36,98,False,0.2089847738799713,0.0,2,18,Student
36,99,False,0.1661962342804483,0.0,3,35,Retired
36,100,True,0.2272148735050511,0.0,1,64,Blue Collar
36,101,True,0.4759204964642726,0.0,3,40,Retired
36,102,True,0.1158847910316493,0.0,1,44,Blue Collar
36,103,True,0.1718540724955221,0.0,0,32,White Collar
36,104,False,0.2409358088306848,0.0,0,25,White Collar
36,105,False,0.1965854535395116,0.0,1,46,Blue Collar
36,106,False,0.1545074012420307,0.0,0,19,White Collar
36,107,True,0.3024753876496196,0.0,1,60,Blue Collar
36,108,False,0.2628503990216566,0.0,0,25,White Collar
36,109,True,0.1783854898271363,0.0,1,76,Blue Collar
36,110,False,0.0714033686941217,0.0,0,60,White Collar
36,111,True,0.3680479351839821,0.0,0,62,White Collar
36,112,False,0.1650023992108502,0.0,2,1,Student
36,113,False,0.6463769483914986,0.0,0,43,White Collar
36,114,True,0.5031230845032987,0.0,0,31,White Collar
36,115,True,0.4086469850455971,0.0,1,41,Blue Collar
36,116,True,0.3784719386186747,0.0,0,65,White Collar
36,117,True,0.4808171104256128,0.0,0,99,White Collar
36,118,False,0.4501527714550122,0.0,0,73,White Collar
36,119,False,0.3148546559271867,0.0,0,58,White Collar
36,120,True,0.3458306244455384,0.0,1,60,Blue Collar
36,121,True,0.5386521682270735,0.0,0,36,White Collar
36,122,False,0.3061721796943814,0.0,0,55,White Collar
36,123,False,0.145588134244425,0.0,1,65,Blue Collar
36,124,False,0.4518857472364912,0.0,2,33,Student
36,125,False,0.3599374248179245,0.0,1,29,Blue Collar
36,126,True,0.061906433771692,0.0,1,12,Blue Collar
36,127,False,0.2328545928203029,0.0,0,13,White Collar
36,128,False,0.1920824664494293,0.0,0,13,White Collar
36,129,True,0.5199092769591175,0.0,1,67,Blue Collar
36,130,True,0.2201943740399156,0.0,3,19,Retired
36,131,False,0.1377202357514125,0.0,0,32,White Collar
36,132,True,0.471971286182723,0.0,0,48,White Collar
36,133,True,0.1588460545173127,0.0,0,31,White Collar
36,134,True,0.0596894752708395,0.0,1,24,Blue Collar
36,135,True,0.3408156596522683,0.0,2,100,Student
36,136,False,0.3066486182634088,0.0,2,19,Student
36,137,False,0.2789555071166884,0.0,2,46,Student
36,138,True,0.3288097857207583,0.0,0,29,White Collar
36,139,True,0.4064901896391388,0.0,0,32,White Collar
36,140,True,0.3234596782435212,0.0,2,17,Student
36,141,False,0.1813428850517404,0.0,1,21,Blue Collar
36,142,False,0.110344420804029,0.0,2,48,Student
36,143,True,0.0626113417445731,0.0,0,4,White Collar
36,144,True,0.3893738659278771,0.0,1,95,Blue Collar
36,145,False,0.2208119923981546,0.0,1,3,Blue Collar
36,146,True,0.1705774606874289,0.0,2,37,Student
36,147,False,0.0676360338470681,0.0,0,53,White Collar
36,148,False,0.2063693713019656,0.0,2,7,Student
36,149,True,0.3587901228827754,0.0,1,60,Blue Collar
36,150,True,0.316899984774653,0.0,0,20,White Collar
36,151,False,0.1365637082251592,0.0,1,35,Blue Collar
36,152,False,0.2170837430502517,0.0,2,34,Student
36,153,False,0.1363792431986001,0.0,1,55,Blue Collar
36,154,False,0.0637349304068678,0.0,0,61,White Collar
36,155,True,0.5785716282335199,0.0,0,34,White Collar
36,156,True,0.1673754331871321,0.0,1,29,Blue Collar
36,157,False,0.485750585203021,0.0,2,14,Student
36,158,True,0.2231288814404552,0.0,0,53,White Collar
36,159,True,0.3734488472849538,0.0,2,34,Student
36,160,False,0.3866075694193058,0.0,1,38,Blue Collar
36,161,False,0.2910392925454743,0.0,2,6,Student
36,162,True,0.3584957567261279,0.0,1,26,Blue Collar
36,163,False,0.3688485254461,0.0,2,19,Student
36,164,False,0.4338558481917234,0.0,1,50,Blue Collar
36,165,True,0.0593243266171532,0.0,0,30,White Collar
36,166,True,0.1537383027458395,0.0,0,33,White Collar
36,167,False,0.690927168796683,0.0,0,6,White Collar
36,168,True,0.0492709683183529,0.0,2,77,Student
36,169,False,0.1859158401713941,0.0,3,37,Retired
36,170,False,0.2715695031402613,0.0,1,22,Blue Collar
36,171,False,0.3219105263709601,0.0,2,28,Student
36,172,False,0.4820942894903152,0.0,0,20,White Collar
36,173,False,0.319706275524256,0.0,2,15,Student
36,174,True,0.4916099383257625,0.0,0,34,White Collar
36,175,False,0.1841729708671041,0.0,2,15,Student
36,176,False,0.0293922497739453,0.0,1,37,Blue Collar
36,177,True,0.4383244007111607,0.0,3,18,Retired
36,178,True,0.2201991781916555,0.0,1,36,Blue Collar
36,179,True,0.1272898020531447,0.0,1,48,Blue Collar
36,180,False,0.5623099425360222,0.0,1,85,Blue Collar
36,181,False,0.1351692568264888,0.0,2,38,Student
36,182,True,0.1892652527031718,0.0,1,6,Blue Collar
36,183,True,0.2788522124309327,0.0,2,7,Student
36,184,True,0.2584988688589334,0.0,1,14,Blue Collar
36,185,True,0.1713624183536284,0.0,1,9,Blue Collar
36,186,False,0.3902904125361203,0.0,2,40,Student
36,187,False,0.1388409287646581,0.0,1,59,Blue Collar
36,188,True,0.4659217194194351,0.0,2,36,Student
36,189,True,0.6157519764816631,0.0,2,23,Student
36,190,False,0.3073799210471541,0.0,3,37,Retired
36,191,True,0.3116610941567272,0.0,1,28,Blue Collar
36,192,False,0.1347012643177103,0.0,0,34,White Collar
36,193,True,0.7239031844967967,0.0,0,64,White Collar
36,194,False,0.1191002777077864,0.0,0,18,White Collar
36,195,False,0.2853857889201115,0.0,0,49,White Collar
36,196,True,0.514309690041867,0.0,1,16,Blue Collar
36,197,True,0.15648979507517,0.0,0,18,White Collar
36,198,False,0.2605575260313472,0.0,0,96,White Collar
36,199,True,0.1398135905354235,0.0,0,46,White Collar
36,200,True,0.388093991336372,0.0,1,31,Blue Collar
36,201,True,0.4641645770320866,0.0,0,29,White Collar
36,202,True,0.1284580477416679,0.0,1,57,Blue Collar
36,203,False,0.0552063959733059,0.0,0,55,White Collar
36,204,True,0.0172791270801268,0.0,1,34,Blue Collar
36,205,False,0.1592498686850636,0.0,2,36,Student
36,206,False,0.2667449952728772,0.0,2,56,Student
36,207,True,0.529692033598347,0.0,1,48,Blue Collar
36,208,False,0.3071017670062408,0.0,2,13,Student
36,209,False,0.2504805636294226,0.0,3,95,Retired
36,210,True,0.4035583213875158,0.0,0,9,White Collar
36,211,False,0.3696214928596068,0.0,2,56,Student
36,212,False,0.2207809777676418,0.0,0,38,White Collar
36,213,False,0.0907414859941739,0.0,1,49,Blue Collar
36,214,True,0.4262985613707276,0.0,0,35,White Collar
36,215,True,0.3076570372812911,0.0,0,59,White Collar
36,216,False,0.0868688695425104,0.0,0,55,White Collar
36,217,False,0.3198826790647721,0.0,0,36,White Collar
36,218,True,0.1724594545811701,0.0,2,63,Student
36,219,False,0.5236077465948994,0.0,2,54,Student
36,220,True,0.144113060499894,0.0,0,53,White Collar
36,221,False,0.4369016405600799,0.0,0,45,White Collar
36,222,True,0.5620366156958401,0.0,0,37,White Collar
36,223,False,0.2038808086447868,0.0,0,44,White Collar
36,224,True,0.2652600697023149,0.0,1,54,Blue Collar
36,225,True,0.342996453032718,0.0,0,8,White Collar
36,226,True,0.3081745146780117,0.0,1,51,Blue Collar
36,227,False,0.0784764086339576,0.0,1,29,Blue Collar
36,228,True,0.2041784285394985,0.0,2,36,Student
36,229,True,0.4675748017124985,0.0,3,50,Retired
36,230,True,0.2244438821429141,0.0,1,22,Blue Collar
36,231,True,0.5642742600782021,0.0,1,5,Blue Collar
36,232,False,0.4583638031993273,0.0,0,1,White Collar
36,233,True,0.2287323521569573,0.0,0,16,White Collar
36,234,False,0.1941625323271394,0.0,2,5,Student
36,235,False,0.1140487847503583,0.0,0,48,White Collar
36,236,True,0.1188638980722389,0.0,0,39,White Collar
36,237,True,0.224300325608497,0.0,3,14,Retired
36,238,True,0.1748455929095408,0.0,3,14,Retired
36,239,False,0.2381018443075495,0.0,1,32,Blue Collar
36,240,True,0.4379433493911621,0.0,1,31,Blue Collar
36,241,True,0.3050820962749862,0.0,0,30,White Collar
36,242,True,0.4110151238583872,0.0,0,40,White Collar
36,243,False,0.2384113862023676,0.0,1,65,Blue Collar
36,244,False,0.3055585620380799,0.0,1,56,Blue Collar
36,245,True,0.2243119866738172,0.0,1,48,Blue Collar
36,246,False,0.2283035041843001,0.0,0,60,White Collar
36,247,True,0.601389322500987,0.0,1,62,Blue Collar
36,248,False,0.1861016376343618,0.0,0,68,White Collar
36,249,True,0.3322376533914182,0.0,2,23,Student
36,250,False,0.1535906531023021,0.0,2,46,Student
36,251,True,0.5895945688191788,0.0,0,52,White Collar
36,252,True,0.1360111358496654,0.0,3,49,Retired
36,253,True,0.1452923245069306,0.0,1,84,Blue Collar
36,254,False,0.4696325075583425,0.0,2,2,Student
36,255,True,0.3470548878739906,0.0,1,64,Blue Collar
36,256,False,0.2243778179558153,0.0,0,58,White Collar
36,257,False,0.380680807328598,0.0,2,17,Student
36,258,False,0.2527384697197175,0.0,0,49,White Collar
36,259,True,0.1918417920208668,0.0,1,72,Blue Collar
36,260,False,0.217770879130423,0.0,0,58,White Collar
36,261,True,0.5469541833338392,0.0,1,61,Blue Collar
36,262,True,0.4320278193633133,0.0,2,32,Student
36,263,True,0.337528941637207,0.0,2,15,Student
36,264,False,0.2801225539599779,0.0,0,31,White Collar
36,265,True,0.2046927163646063,0.0,0,58,White Collar
36,266,True,0.1978288911575661,0.0,1,13,Blue Collar
36,267,False,0.4200987516052237,0.0,2,49,Student
36,268,False,0.0945684310647346,0.0,1,26,Blue Collar
36,269,False,0.0683369109310005,0.0,3,58,Retired
36,270,False,0.3733711511916154,0.0,2,8,Student
36,271,False,0.1814974593978298,0.0,2,55,Student
36,272,True,0.4688203508208859,0.0,2,41,Student
36,273,False,0.4418376196321603,0.0,2,79,Student
36,274,False,0.2731195652421582,0.0,1,25,Blue Collar
36,275,True,0.4417392325829916,0.0,2,60,Student
36,276,True,0.4514994659346463,0.0,0,4,White Collar
36,277,False,0.5143025110676812,0.0,2,0,Student
36,278,True,0.1984804228376855,0.0,0,59,White Collar
36,279,True,0.0562449592429087,0.0,0,13,White Collar
36,280,False,0.0130969161112021,0.0,0,30,White Collar
36,281,False,0.4422153449338335,0.0,2,38,Student
36,282,True,0.2563288233480382,0.0,0,57,White Collar
36,283,True,0.1200803715075963,0.0,1,15,Blue Collar
36,284,False,0.2906548683413762,0.0,2,14,Student
36,285,True,0.248426499061781,0.0,2,43,Student
36,286,True,0.273114962563885,0.0,0,29,White Collar
36,287,False,0.2310327453733966,0.0,1,35,Blue Collar
36,288,False,0.3977583849607771,0.0,1,61,Blue Collar
36,289,False,0.1228099507461072,0.0,0,47,White Collar
36,290,False,0.2443124657062036,0.0,0,33,White Collar
36,291,False,0.1690550311731764,0.0,1,29,Blue Collar
36,292,False,0.3630143517577401,0.0,2,15,Student
36,293,False,0.1593915793032425,0.0,1,3,Blue Collar
36,294,False,0.0980124610961424,0.0,0,1,White Collar
36,295,False,0.325874443929199,0.0,0,22,White Collar
36,296,True,0.3065108052415546,0.0,1,93,Blue Collar
36,297,True,0.0767121836501658,0.0,0,85,White Collar
36,298,False,0.4728620841435421,0.0,0,40,White Collar
36,299,False,0.3157011011273116,0.0,0,36,White Collar
36,300,True,0.2063096419420389,0.0,1,32,Blue Collar
36,301,True,0.0386729386542437,0.0,1,60,Blue Collar
36,302,True,0.4168670056078366,0.0,1,62,Blue Collar
36,303,True,0.3052640817200645,0.0,3,9,Retired
36,304,False,0.360409463644948,0.0,0,4,White Collar
36,305,False,0.3196523721264053,0.0,2,0,Student
36,306,False,0.0603920315480385,0.0,0,33,White Collar
36,307,False,0.2176756192715158,0.0,3,65,Retired
36,308,False,0.4233910425225104,0.0,2,45,Student
36,309,False,0.0857535961606485,0.0,0,49,White Collar
36,310,False,0.241142100263168,0.0,0,54,White Collar
36,311,False,0.1068213695009309,0.0,2,13,Student
36,312,True,0.3939974320667165,0.0,1,35,Blue Collar
36,313,True,0.2557226333708657,0.0,2,38,Student
36,314,True,0.3840811292272226,0.0,1,74,Blue Collar
36,315,True,0.3661458059524538,0.0,1,15,Blue Collar
36,316,True,0.5816434885743039,0.0,0,26,White Collar
36,317,True,0.5621775612709531,0.0,0,43,White Collar
36,318,True,0.0884444403006964,0.0,3,33,Retired
36,319,False,0.3446235300029249,0.0,0,37,White Collar
36,320,True,0.6095654722173228,0.0,2,31,Student
36,321,False,0.3141309765261968,0.0,0,60,White Collar
36,322,False,0.6479463612947148,0.0,1,32,Blue Collar
36,323,True,0.2265019195492524,0.0,2,35,Student
36,324,False,0.4532267059451018,0.0,0,48,White Collar
36,325,True,0.5996218506997747,0.0,0,22,White Collar
36,326,False,0.1362318623539835,0.0,1,52,Blue Collar
36,327,False,0.2361379497655822,0.0,2,48,Student
36,328,True,0.6046614565204121,0.0,1,4,Blue Collar
36,329,False,0.2920487185984639,0.0,0,15,White Collar
36,330,True,0.4004222737895427,0.0,3,40,Retired
36,331,True,0.4507710944195557,0.0,0,60,White Collar
36,332,False,0.1848018664101324,0.0,2,33,Student
36,333,True,0.4101929338053977,0.0,0,27,White Collar
36,334,False,0.34973434990572,0.0,0,14,White Collar
36,335,False,0.1756191969893639,0.0,1,43,Blue Collar
36,336,False,0.2052622268743936,0.0,0,16,White Collar
36,337,True,0.6085560017364287,0.0,0,68,White Collar
36,338,False,0.141658770535373,0.0,1,51,Blue Collar
36,339,False,0.43593946275941,0.0,2,94,Student
36,340,False,0.3082365330185971,0.0,0,21,White Collar
36,341,True,0.4550063988010734,0.0,3,33,Retired
36,342,False,0.4275490847618506,0.0,0,52,White Collar
36,343,False,0.2781861683282088,0.0,1,29,Blue Collar
36,344,True,0.1852405523576611,0.0,2,51,Student
36,345,False,0.5553171992560851,0.0,0,50,White Collar
36,346,True,0.5031820579410835,0.0,0,75,White Collar
36,347,True,0.3218467203585847,0.0,0,11,White Collar
36,348,False,0.2940375021670958,0.0,0,45,White Collar
36,349,False,0.1254493851034331,0.0,1,31,Blue Collar
36,350,False,0.4444012505601111,0.0,2,16,Student
36,351,True,0.5757688148776429,0.0,0,19,White Collar
36,352,True,0.1238108655661201,0.0,2,34,Student
36,353,True,0.1417424749206275,0.0,1,9,Blue Collar
36,354,False,0.1872751990226918,0.0,1,64,Blue Collar
36,355,True,0.1912672864319361,0.0,2,38,Student
36,356,False,0.2750086185191396,0.0,1,5,Blue Collar
36,357,True,0.2594732652222252,0.0,3,26,Retired
36,358,False,0.1160173375309619,0.0,2,55,Student
36,359,True,0.5878548997680135,0.0,3,96,Retired
36,360,False,0.141844276079871,0.0,3,59,Retired
36,361,True,0.2670940915387836,0.0,0,31,White Collar
36,362,False,0.1693494018369503,0.0,1,6,Blue Collar
36,363,True,0.5051295998717548,0.0,0,39,White Collar
36,364,False,0.2152263011559128,0.0,1,99,Blue Collar
36,365,False,0.3026792843884116,0.0,0,49,White Collar
36,366,False,0.6043368946581595,0.0,3,43,Retired
36,367,False,0.2264428247113664,0.0,3,30,Retired
36,368,True,0.3300102349170474,0.0,2,30,Student
36,369,True,0.1552676357183774,0.0,0,19,White Collar
36,370,True,0.2640383541633144,0.0,1,51,Blue Collar
36,371,True,0.3870555710169233,0.0,1,34,Blue Collar
36,372,True,0.1219581579427709,0.0,1,55,Blue Collar
36,373,True,0.2307343681279402,0.0,1,6,Blue Collar
36,374,False,0.3374328449762505,0.0,0,57,White Collar
36,375,False,0.0724104629791323,0.0,2,22,Student
36,376,False,0.3782207354851397,0.0,2,55,Student
36,377,True,0.3194343997975769,0.0,2,36,Student
36,378,True,0.1972597201780969,0.0,0,23,White Collar
36,379,False,0.287172100514021,0.0,0,37,White Collar
36,380,True,0.6008221918617068,0.0,2,11,Student
36,381,True,0.0971226057228562,0.0,0,35,White Collar
36,382,False,0.2750073539162113,0.0,0,39,White Collar
36,383,False,0.5045933992123101,0.0,1,52,Blue Collar
36,384,False,0.1595183596132539,0.0,2,61,Student
36,385,False,0.2144434659745125,0.0,2,45,Student
36,386,True,0.4631573276497399,0.0,1,46,Blue Collar
36,387,True,0.278102406698222,0.0,1,96,Blue Collar
36,388,True,0.185040538482732,0.0,2,14,Student
36,389,False,0.1145555589074245,0.0,0,42,White Collar
36,390,True,0.4228950555098883,0.0,0,36,White Collar
36,391,False,0.6440679634524121,0.0,0,50,White Collar
36,392,False,0.3083255266751108,0.0,0,51,White Collar
36,393,True,0.4105774245043222,0.0,1,31,Blue Collar
36,394,True,0.1960542058844075,0.0,0,24,White Collar
36,395,False,0.1388747735087824,0.0,0,99,White Collar
36,396,False,0.0985267612391955,0.0,1,32,Blue Collar
36,397,False,0.3672611312390035,0.0,2,29,Student
36,398,False,0.5073793345737749,0.0,1,33,Blue Collar
36,399,False,0.2364619685412546,0.0,0,52,White Collar
36,400,False,0.4056361401586,0.0,0,93,White Collar
36,401,True,0.2649097709889378,0.0,1,70,Blue Collar
36,402,True,0.3808117943964557,0.0,2,40,Student
36,403,True,0.2253317470448952,0.0,1,62,Blue Collar
36,404,False,0.0451536951706062,0.0,0,11,White Collar
36,405,False,0.1643660328395617,0.0,1,4,Blue Collar
36,406,False,0.1914306997277393,0.0,0,21,White Collar
36,407,False,0.2616461141449531,0.0,0,39,White Collar
36,408,False,0.3563937219389386,0.0,0,5,White Collar
36,409,False,0.0807393667249193,0.0,1,27,Blue Collar
36,410,False,0.1084574754788678,0.0,0,38,White Collar
36,411,False,0.2455266465423252,0.0,2,22,Student
36,412,True,0.5453972463065507,0.0,3,14,Retired
36,413,False,0.3355411391283527,0.0,1,86,Blue Collar
36,414,False,0.1119325748862738,0.0,1,28,Blue Collar
36,415,True,0.0786186195421999,0.0,1,63,Blue Collar
36,416,True,0.2232495599779229,0.0,3,22,Retired
36,417,False,0.2393448930531098,0.0,2,34,Student
36,418,False,0.4691650839986767,0.0,2,36,Student
36,419,True,0.1093010128782776,0.0,3,12,Retired
36,420,False,0.350841738423868,0.0,1,32,Blue Collar
36,421,False,0.1147332768168895,0.0,0,70,White Collar
36,422,False,0.5209560844968074,0.0,1,36,Blue Collar
36,423,True,0.4629191165410449,0.0,0,93,White Collar
36,424,False,0.4458084306295856,0.0,2,57,Student
36,425,True,0.4507456473585096,0.0,0,26,White Collar
36,426,False,0.207768701685737,0.0,0,43,White Collar
36,427,True,0.5530846398930729,0.0,1,23,Blue Collar
36,428,False,0.2414057853315312,0.0,0,5,White Collar
36,429,True,0.3521991446239845,0.0,1,10,Blue Collar
36,430,False,0.5623335554103934,0.0,2,41,Student
36,431,True,0.066028107172517,0.0,1,49,Blue Collar
36,432,True,0.4780103627939779,0.0,2,39,Student
36,433,False,0.3619557421910525,0.0,3,39,Retired
36,434,True,0.4016190764260652,0.0,0,62,White Collar
36,435,False,0.1447690887902211,0.0,0,46,White Collar
36,436,False,0.1485361833971406,0.0,2,38,Student
36,437,True,0.2673122822770018,0.0,3,30,Retired
36,438,False,0.2665058948831771,0.0,2,36,Student
36,439,False,0.2016844401116823,0.0,2,14,Student
36,440,True,0.5191348577625704,0.0,1,31,Blue Collar
36,441,True,0.0125769688314679,0.0,1,76,Blue Collar
36,442,True,0.230059532111924,0.0,1,47,Blue Collar
36,443,True,0.0891624767452996,0.0,1,34,Blue Collar
36,444,False,0.5437183231209585,0.0,0,12,White Collar
36,445,False,0.3380641675028336,0.0,2,30,Student
36,446,True,0.2209937767876525,0.0,1,39,Blue Collar
36,447,True,0.1223216696690601,0.0,0,3,White Collar
36,448,False,0.327157746156919,0.0,0,65,White Collar
36,449,False,0.0999748268202887,0.0,2,17,Student
36,450,True,0.3375920398739411,0.0,0,16,White Collar
36,451,True,0.5828544730774738,0.0,1,60,Blue Collar
36,452,True,0.5490326088038333,0.0,0,91,White Collar
36,453,False,0.1444002153105774,0.0,1,30,Blue Collar
36,454,True,0.5397886850088234,0.0,2,35,Student
36,455,True,0.0491039142380159,0.0,0,56,White Collar
36,456,False,0.2269298672078842,0.0,0,45,White Collar
36,457,True,0.1507116244682386,0.0,0,9,White Collar
36,458,True,0.0397742668078514,0.0,1,34,Blue Collar
36,459,True,0.4199586775519187,0.0,0,52,White Collar
36,460,False,0.4703209324057288,0.0,1,28,Blue Collar
36,461,True,0.4593225624256609,0.0,0,41,White Collar
36,462,True,0.2928697416440324,0.0,0,65,White Collar
36,463,False,0.3253208111970423,0.0,2,15,Student
36,464,False,0.608299740483025,0.0,2,53,Student
36,465,False,0.227995917813659,0.0,2,3,Student
36,466,True,0.3285833899501695,0.0,1,32,Blue Collar
36,467,True,0.188908839828141,0.0,1,56,Blue Collar
36,468,True,0.4759491652842039,0.0,0,4,White Collar
36,469,True,0.4619524675485082,0.0,0,96,White Collar
36,470,True,0.3355219672420451,0.0,0,17,White Collar
36,471,True,0.2913305263540643,0.0,1,64,Blue Collar
36,472,False,0.3010360813901332,0.0,2,34,Student
36,473,True,0.3271906689077269,0.0,3,26,Retired
36,474,False,0.0676409928670715,0.0,2,63,Student
36,475,False,0.3328039645201829,0.0,0,30,White Collar
36,476,True,0.5689403837780267,0.0,2,50,Student
36,477,False,0.1687368232740908,0.0,1,31,Blue Collar
36,478,False,0.3234785077429782,0.0,2,50,Student
36,479,True,0.2595142364225923,0.0,1,14,Blue Collar
36,480,False,0.2107341076181594,0.0,0,36,White Collar
36,481,True,0.4454389315848823,0.0,1,22,Blue Collar
36,482,False,0.1925251778170265,0.0,3,40,Retired
36,483,True,0.4215730229751968,0.0,0,22,White Collar
36,484,False,0.3147556062634345,0.0,2,4,Student
36,485,True,0.089175148068904,0.0,1,92,Blue Collar
36,486,False,0.1813974974553684,0.0,2,39,Student
36,487,False,0.2888520759798477,0.0,2,39,Student
36,488,True,0.1912204640490106,0.0,0,48,White Collar
36,489,True,0.254632025981011,0.0,0,77,White Collar
36,490,False,0.2626091579593145,0.0,3,68,Retired
36,491,False,0.1868577020761625,0.0,1,28,Blue Collar
36,492,False,0.1235656832485277,0.0,3,22,Retired
36,493,False,0.3590902667010948,0.0,0,39,White Collar
36,494,False,0.0072479127321231,0.0,0,98,White Collar
36,495,True,0.2254122917396397,0.0,1,5,Blue Collar
36,496,False,0.3682584032090778,0.0,1,41,Blue Collar
36,497,False,0.4700537573475749,0.0,2,25,Student
36,498,False,0.2334079593854568,0.0,0,54,White Collar
36,499,False,0.604550623924786,0.0,3,46,Retired
36,500,False,0.1116182558215075,0.0,0,66,White Collar
36,501,True,0.2918006363881575,0.0,0,51,White Collar
36,502,False,0.2436788503320043,0.0,1,11,Blue Collar
36,503,False,0.0911729007382388,0.0,2,9,Student
36,504,False,0.3423826121689441,0.0,1,85,Blue Collar
36,505,False,0.2613583638874165,0.0,1,89,Blue Collar
36,506,True,0.1054542174997974,0.0,0,4,White Collar
36,507,True,0.3394195895177768,0.0,3,36,Retired
36,508,False,0.0667440465050857,0.0,1,47,Blue Collar
36,509,True,0.3948447858495602,0.0,0,21,White Collar
36,510,False,0.1701597344690188,0.0,2,37,Student
36,511,True,0.6912093386389426,0.0,0,78,White Collar
36,512,False,0.1701650430716366,0.0,0,35,White Collar
36,513,True,0.259658072094199,0.0,2,56,Student
36,514,False,0.3408592494335257,0.0,2,55,Student
36,515,True,0.1936145912070428,0.0,0,36,White Collar
36,516,True,0.4421189571746821,0.0,0,53,White Collar
36,517,False,0.2918146343826823,0.0,2,21,Student
36,518,True,0.0431616328618451,0.0,3,1,Retired
36,519,True,0.0852628517039114,0.0,0,68,White Collar
36,520,False,0.4737658354893495,0.0,0,13,White Collar
36,521,True,0.2739533039710695,0.0,0,31,White Collar
36,522,False,0.2373952074488494,0.0,2,58,Student
36,523,True,0.2670788820929144,0.0,0,17,White Collar
36,524,False,0.1034879707346583,0.0,1,66,Blue Collar
36,525,True,0.2279511321623418,0.0,0,36,White Collar
36,526,False,0.2627333305254055,0.0,0,33,White Collar
36,527,False,0.6891140409001313,0.0,2,73,Student
36,528,True,0.2505649400674639,0.0,2,41,Student
36,529,False,0.2446496929766223,0.0,0,33,White Collar
36,530,True,0.2767384149382149,0.0,0,1,White Collar
36,531,True,0.2722051205048573,0.0,2,20,Student
36,532,True,0.2299484569093162,0.0,0,37,White Collar
36,533,True,0.4257053209843408,0.0,2,51,Student
36,534,True,0.2227111874163941,0.0,2,99,Student
36,535,False,0.4773689304451496,0.0,1,18,Blue Collar
36,536,True,0.2310129865169898,0.0,0,54,White Collar
36,537,True,0.4314435361946498,0.0,1,39,Blue Collar
36,538,True,0.3868797602101907,0.0,0,32,White Collar
36,539,True,0.208678135078325,0.0,0,17,White Collar
36,540,True,0.0900249981999672,0.0,1,23,Blue Collar
36,541,False,0.6038569167009646,0.0,0,32,White Collar
36,542,False,0.2265233252301209,0.0,0,25,White Collar
36,543,True,0.3042970610133372,0.0,2,30,Student
36,544,False,0.1646258613749868,0.0,0,8,White Collar
36,545,True,0.1823972362349482,0.0,2,2,Student
36,546,True,0.4766491048877699,0.0,2,58,Student
36,547,True,0.5264086385938195,0.0,3,85,Retired
36,548,False,0.3609203123415569,0.0,1,73,Blue Collar
36,549,True,0.2509553296201303,0.0,0,79,White Collar
36,550,False,0.3835316726535463,0.0,0,28,White Collar
36,551,False,0.1959117186620537,0.0,0,27,White Collar
36,552,True,0.2976150813463317,0.0,1,34,Blue Collar
36,553,True,0.1323735027451481,0.0,0,29,White Collar
36,554,True,0.126311680440905,0.0,2,23,Student
36,555,True,0.3547665226580853,0.0,0,32,White Collar
36,556,True,0.3219807096428471,0.0,1,37,Blue Collar
36,557,False,0.310809260614259,0.0,0,62,White Collar
36,558,True,0.2266135263526242,0.0,1,39,Blue Collar
36,559,False,0.3116613226660596,0.0,2,52,Student
36,560,True,0.1721735905143979,0.0,3,36,Retired
36,561,True,0.0414669752128248,0.0,3,21,Retired
36,562,False,0.2761974130074415,0.0,2,54,Student
36,563,False,0.094253560316938,0.0,2,4,Student
36,564,False,0.4118445340829866,0.0,1,38,Blue Collar
36,565,True,0.5157009792685964,0.0,2,97,Student
36,566,False,0.6342283268293691,0.0,0,19,White Collar
36,567,False,0.2717021731900056,0.0,0,67,White Collar
36,568,True,0.1611555559536509,0.0,2,24,Student
36,569,True,0.3019616530585536,0.0,1,6,Blue Collar
36,570,True,0.2474761658633007,0.0,2,31,Student
36,571,True,0.2773672197869529,0.0,3,26,Retired
36,572,True,0.4722249959604593,0.0,1,43,Blue Collar
36,573,False,0.2190395136759253,0.0,0,43,White Collar
36,574,False,0.2513040412624526,0.0,2,39,Student
36,575,False,0.1344989142255937,0.0,1,32,Blue Collar
36,576,True,0.2575375190463321,0.0,1,72,Blue Collar
36,577,True,0.5758311543371692,0.0,0,37,White Collar
36,578,False,0.1747889880746776,0.0,1,8,Blue Collar
36,579,True,0.4404393990716352,0.0,2,10,Student
36,580,False,0.239968723155057,0.0,3,12,Retired
36,581,True,0.4457504855829945,0.0,1,37,Blue Collar
36,582,True,0.4181457323941839,0.0,0,51,White Collar
36,583,False,0.1247787246488094,0.0,1,63,Blue Collar
36,584,False,0.4135696874278296,0.0,2,69,Student
36,585,False,0.0855221607194543,0.0,3,12,Retired
36,586,False,0.102384952851844,0.0,0,55,White Collar
36,587,False,0.2285050887405005,0.0,2,93,Student
36,588,True,0.5466614162505907,0.0,0,38,White Collar
36,589,False,0.3510850322437097,0.0,2,8,Student
36,590,False,0.1394105760462668,0.0,0,64,White Collar
36,591,False,0.0536995154899485,0.0,0,9,White Collar
36,592,False,0.3806987361056626,0.0,2,2,Student
36,593,False,0.2794224044294483,0.0,2,32,Student
36,594,True,0.3066911814390244,0.0,0,38,White Collar
36,595,False,0.3430330836467324,0.0,0,28,White Collar
36,596,True,0.476114544370721,0.0,3,58,Retired
36,597,True,0.2554704259647891,0.0,1,24,Blue Collar
36,598,True,0.5012006017832084,0.0,0,27,White Collar
36,599,False,0.154006662960799,0.0,0,32,White Collar
36,600,False,0.0632323404051646,0.0,1,26,Blue Collar
36,601,True,0.4483454588827538,0.0,2,55,Student
36,602,True,0.1099758633977806,0.0,1,87,Blue Collar
36,603,True,0.2998031027074426,0.0,0,55,White Collar
36,604,True,0.5363077304756033,0.0,2,60,Student
36,605,True,0.0670542699936395,0.0,0,78,White Collar
36,606,False,0.3373425781481131,0.0,0,29,White Collar
36,607,True,0.0616375155621336,0.0,1,37,Blue Collar
36,608,True,0.2669105924136806,0.0,0,31,White Collar
36,609,True,0.0146819331277921,0.0,2,17,Student
36,610,False,0.0929129012701737,0.0,3,14,Retired
36,611,False,0.1620845901138898,0.0,2,63,Student
36,612,False,0.0555877186492738,0.0,0,62,White Collar
36,613,True,0.3628731421368042,0.0,2,40,Student
36,614,True,0.326185553069642,0.0,3,33,Retired
36,615,False,0.5516768599767246,0.0,3,35,Retired
36,616,False,0.1099186560623747,0.0,1,20,Blue Collar
36,617,False,0.2171848103951794,0.0,0,58,White Collar
36,618,False,0.0782209788311515,0.0,1,7,Blue Collar
36,619,True,0.1767688055025618,0.0,0,42,White Collar
36,620,False,0.5954379734962468,0.0,0,65,White Collar
36,621,True,0.3971726866093809,0.0,0,3,White Collar
36,622,True,0.1055672064555032,0.0,1,37,Blue Collar
36,623,True,0.0311859105555057,0.0,1,33,Blue Collar
36,624,False,0.0279579619790819,0.0,3,30,Retired
36,625,True,0.3679765943353593,0.0,2,21,Student
36,626,False,0.159129571300425,0.0,0,9,White Collar
36,627,True,0.7380869638355531,0.0,0,30,White Collar
36,628,False,0.2436991769678001,0.0,2,51,Student
36,629,False,0.170977740591307,0.0,1,41,Blue Collar
36,630,False,0.0807239819987891,0.0,3,46,Retired
36,631,False,0.4477791997522805,0.0,2,36,Student
36,632,False,0.197351654715525,0.0,1,80,Blue Collar
36,633,False,0.2614729695537015,0.0,0,13,White Collar
36,634,False,0.2791904822094437,0.0,0,55,White Collar
36,635,True,0.2492464228769708,0.0,0,47,White Collar
36,636,True,0.3888004532026781,0.0,2,59,Student
36,637,True,0.0898309777348184,0.0,2,10,Student
36,638,True,0.2393537041475697,0.0,0,56,White Collar
36,639,False,0.2004520499405746,0.0,0,38,White Collar
36,640,False,0.4009969437535314,0.0,1,33,Blue Collar
36,641,False,0.4674355152035755,0.0,3,50,Retired
36,642,False,0.1279157924541819,0.0,2,51,Student
36,643,True,0.403734941984525,0.0,0,4,White Collar
36,644,False,0.0894865576156005,0.0,0,12,White Collar
36,645,True,0.2478156639906327,0.0,3,39,Retired
36,646,True,0.26449203451846,0.0,2,9,Student
36,647,True,0.4549932251283338,0.0,1,20,Blue Collar
36,648,True,0.3895079338725103,0.0,1,25,Blue Collar
36,649,False,0.0971817728565808,0.0,0,34,White Collar
36,650,True,0.3828986050331805,0.0,0,55,White Collar
36,651,False,0.297838427885603,0.0,0,7,White Collar
36,652,True,0.5903979088514874,0.0,1,24,Blue Collar
36,653,False,0.1760983318750708,0.0,0,56,White Collar
36,654,False,0.2144134952920709,0.0,1,17,Blue Collar
36,655,True,0.6204682337798468,0.0,1,42,Blue Collar
36,656,False,0.4872331449600042,0.0,2,32,Student
36,657,True,0.0962069245149607,0.0,1,50,Blue Collar
36,658,True,0.2496558034719668,0.0,0,21,White Collar
36,659,True,0.341237799092246,0.0,2,48,Student
36,660,False,0.4009150563139554,0.0,1,63,Blue Collar
36,661,False,0.1179359076194324,0.0,1,47,Blue Collar
36,662,True,0.5572754113921149,0.0,0,36,White Collar
36,663,False,0.0629427880187678,0.0,0,28,White Collar
36,664,False,0.1229522065476816,0.0,1,62,Blue Collar
36,665,True,0.5302969759506505,0.0,3,54,Retired
36,666,False,0.2709993961105075,0.0,1,45,Blue Collar
36,667,False,0.2770890275188418,0.0,1,10,Blue Collar
36,668,False,0.301184192228817,0.0,2,56,Student
36,669,False,0.1401494015576146,0.0,0,53,White Collar
36,670,False,0.0737337849011167,0.0,0,43,White Collar
36,671,True,0.3291565105170932,0.0,0,52,White Collar
36,672,False,0.359768584824016,0.0,1,21,Blue Collar
36,673,False,0.3097774732702404,0.0,1,52,Blue Collar
36,674,True,0.180350414287884,0.0,1,32,Blue Collar
36,675,True,0.1104932580161498,0.0,0,28,White Collar
36,676,False,0.2268526189451653,0.0,1,34,Blue Collar
36,677,True,0.6389059701703222,0.0,2,42,Student
36,678,False,0.2431391535156832,0.0,3,22,Retired
36,679,True,0.2159680460480785,0.0,2,32,Student
36,680,True,0.2485571743584797,0.0,2,9,Student
36,681,False,0.2374704597128737,0.0,0,39,White Collar
36,682,False,0.5319284493276698,0.0,2,61,Student
36,683,True,0.3904389243462244,0.0,0,26,White Collar
36,684,True,0.1697375890428857,0.0,0,6,White Collar
36,685,True,0.204026175015018,0.0,0,40,White Collar
36,686,False,0.2549263267105989,0.0,3,22,Retired
36,687,False,0.2890608269629373,0.0,2,2,Student
36,688,True,0.1407896901376907,0.0,0,44,White Collar
36,689,True,0.1884686348827569,0.0,1,4,Blue Collar
36,690,False,0.5651992012277928,0.0,2,18,Student
36,691,True,0.5441384134079766,0.0,1,25,Blue Collar
36,692,False,0.2074958132489381,0.0,0,40,White Collar
36,693,True,0.1937947313120766,0.0,1,45,Blue Collar
36,694,True,0.3917365978571069,0.0,0,32,White Collar
36,695,True,0.0549042835324885,0.0,2,21,Student
36,696,True,0.513200034727355,0.0,1,50,Blue Collar
36,697,True,0.1680138488305095,0.0,1,62,Blue Collar
36,698,True,0.3498451382963249,0.0,1,47,Blue Collar
36,699,False,0.0647089915680699,0.0,0,7,White Collar
36,700,True,0.3992098512519557,0.0,2,38,Student
36,701,True,0.3602074853627584,0.0,3,11,Retired
36,702,True,0.3368158164406375,0.0,0,59,White Collar
36,703,False,0.1256675155755714,0.0,3,15,Retired
36,704,False,0.186745643052941,0.0,2,2,Student
36,705,False,0.3090542956810058,0.0,0,91,White Collar
36,706,False,0.1611047165510067,0.0,0,32,White Collar
36,707,False,0.156019393834899,0.0,1,58,Blue Collar
36,708,False,0.4891720840330514,0.0,3,35,Retired
36,709,False,0.0405952160464261,0.0,0,10,White Collar
36,710,True,0.5013100171730703,0.0,1,62,Blue Collar
36,711,False,0.125480123667906,0.0,2,26,Student
36,712,True,0.3783262469877855,0.0,1,33,Blue Collar
36,713,True,0.3222129037148611,0.0,1,62,Blue Collar
36,714,True,0.1213622535720952,0.0,2,63,Student
36,715,False,0.164766719941082,0.0,1,35,Blue Collar
36,716,True,0.4210690230658028,0.0,1,4,Blue Collar
36,717,True,0.2230656431040991,0.0,1,44,Blue Collar
36,718,True,0.7475416808203147,0.0,0,49,White Collar
36,719,False,0.1765326311521286,0.0,0,70,White Collar
36,720,False,0.1693998756977423,0.0,2,18,Student
36,721,True,0.1012367631091599,0.0,1,59,Blue Collar
36,722,True,0.1552197678852778,0.0,2,41,Student
36,723,True,0.2516719879928031,0.0,0,34,White Collar
36,724,True,0.6988438963940432,0.0,0,1,White Collar
36,725,False,0.1628761947287865,0.0,2,54,Student
36,726,False,0.035861074519571,0.0,0,86,White Collar
36,727,True,0.1868926162656133,0.0,1,35,Blue Collar
36,728,True,0.2802197590789023,0.0,3,35,Retired
36,729,True,0.5039853388745347,0.0,1,14,Blue Collar
36,730,False,0.2905356993774629,0.0,0,21,White Collar
36,731,True,0.2137032540043945,0.0,1,37,Blue Collar
36,732,False,0.1742040407701023,0.0,0,30,White Collar
36,733,False,0.3991960073625363,0.0,1,47,Blue Collar
36,734,True,0.2659319496638474,0.0,2,45,Student
36,735,False,0.4020401338219225,0.0,1,30,Blue Collar
36,736,False,0.1054043592980552,0.0,2,10,Student
36,737,False,0.1896220786800948,0.0,0,64,White Collar
36,738,True,0.3548328182831716,0.0,0,92,White Collar
36,739,True,0.0785174307392475,0.0,2,83,Student
36,740,False,0.123504889954708,0.0,0,57,White Collar
36,741,False,0.2413778454503063,0.0,0,21,White Collar
36,742,True,0.4688543103047804,0.0,2,53,Student
36,743,True,0.5491671814360513,0.0,2,23,Student
36,744,False,0.1320866566288173,0.0,1,31,Blue Collar
36,745,False,0.2989363140201345,0.0,2,27,Student
36,746,True,0.5146805029932751,0.0,2,18,Student
36,747,True,0.4008971368260078,0.0,0,29,White Collar
36,748,False,0.2842255949831302,0.0,0,79,White Collar
36,749,False,0.317544110113382,0.0,2,43,Student
36,750,False,0.1384834698703489,0.0,1,63,Blue Collar
36,751,True,0.2009712364540103,0.0,2,45,Student
36,752,False,0.2418896431622072,0.0,2,35,Student
36,753,True,0.2295611941890383,0.0,2,46,Student
36,754,True,0.2156860757163646,0.0,2,36,Student
36,755,False,0.1231095801822028,0.0,2,45,Student
36,756,True,0.5160624858560737,0.0,2,48,Student
36,757,True,0.2623139249573352,0.0,3,39,Retired
36,758,False,0.2309942687514944,0.0,2,21,Student
36,759,False,0.0959512859344814,0.0,1,94,Blue Collar
36,760,True,0.340353357371217,0.0,2,51,Student
36,761,True,0.1569467002743433,0.0,0,18,White Collar
36,762,False,0.1620025771710848,0.0,1,31,Blue Collar
36,763,True,0.1945993531314553,0.0,0,24,White Collar
36,764,True,0.3889033363849212,0.0,1,7,Blue Collar
36,765,True,0.3240072686151163,0.0,2,56,Student
36,766,False,0.0569606868617727,0.0,1,6,Blue Collar
36,767,True,0.5068443274386882,0.0,1,36,Blue Collar
36,768,True,0.3043925052678168,0.0,0,52,White Collar
36,769,True,0.2972452247392276,0.0,0,37,White Collar
36,770,False,0.1367056096153261,0.0,0,10,White Collar
36,771,False,0.4491401171221709,0.0,2,49,Student
36,772,False,0.2518147960573942,0.0,3,37,Retired
36,773,False,0.1695139260731264,0.0,0,7,White Collar
36,774,False,0.0801464927057364,0.0,1,69,Blue Collar
36,775,True,0.2325370523553835,0.0,0,31,White Collar
36,776,True,0.4841625365767797,0.0,2,46,Student
36,777,True,0.1693257626556566,0.0,3,52,Retired
36,778,False,0.0747789270014016,0.0,0,59,White Collar
36,779,True,0.1852423234921943,0.0,0,15,White Collar
36,780,False,0.1679635137045052,0.0,2,1,Student
36,781,False,0.2763354949660545,0.0,0,19,White Collar
36,782,True,0.1309785515470798,0.0,1,51,Blue Collar
36,783,False,0.1542500262093677,0.0,2,51,Student
36,784,False,0.0899353835301188,0.0,1,45,Blue Collar
36,785,True,0.3465590425511273,0.0,0,43,White Collar
36,786,False,0.1649902537464189,0.0,0,22,White Collar
36,787,False,0.1454381844637113,0.0,1,93,Blue Collar
36,788,False,0.451163889216197,0.0,1,46,Blue Collar
36,789,False,0.5292063498589319,0.0,1,60,Blue Collar
36,790,False,0.3771771971387949,0.0,0,24,White Collar
36,791,False,0.4977153092263308,0.0,1,24,Blue Collar
36,792,True,0.4231845666292447,0.0,1,91,Blue Collar
36,793,False,0.2173364748969555,0.0,1,24,Blue Collar
36,794,False,0.1054974346874186,0.0,1,80,Blue Collar
36,795,False,0.177115816076833,0.0,1,29,Blue Collar
36,796,True,0.1560104234247701,0.0,1,76,Blue Collar
36,797,True,0.3583027272484148,0.0,1,62,Blue Collar
36,798,True,0.2382117203777517,0.0,2,27,Student
36,799,False,0.0444376371349206,0.0,1,22,Blue Collar
36,800,True,0.1774341564063493,0.0,3,32,Retired
36,801,False,0.0810503458688375,0.0,0,31,White Collar
36,802,False,0.2332597297899884,0.0,1,59,Blue Collar
36,803,True,0.4563029734443914,0.0,1,2,Blue Collar
36,804,False,0.1109951227085874,0.0,3,8,Retired
36,805,True,0.524107383079782,0.0,2,12,Student
36,806,False,0.2494485341513156,0.0,0,71,White Collar
36,807,True,0.3576596696917246,0.0,2,63,Student
36,808,False,0.1411241998676989,0.0,2,13,Student
36,809,False,0.2562193556155805,0.0,0,25,White Collar
36,810,True,0.5239791499617252,0.0,0,100,White Collar
36,811,False,0.4819498063691885,0.0,0,20,White Collar
36,812,False,0.2639644320402215,0.0,0,20,White Collar
36,813,False,0.223514158884564,0.0,1,40,Blue Collar
36,814,False,0.2764270470816738,0.0,2,6,Student
36,815,False,0.321129255341407,0.0,0,3,White Collar
36,816,True,0.557406885681536,0.0,0,40,White Collar
36,817,True,0.1621890861748199,0.0,1,30,Blue Collar
36,818,True,0.154807479392052,0.0,0,27,White Collar
36,819,True,0.2096039228273493,0.0,2,59,Student
36,820,False,0.1068665371877108,0.0,1,43,Blue Collar
36,821,False,0.36441921405229,0.0,2,37,Student
36,822,True,0.069854215232803,0.0,0,35,White Collar
36,823,False,0.5752524381494896,0.0,0,56,White Collar
36,824,True,0.2816515588456469,0.0,3,31,Retired
36,825,False,0.3794411536939451,0.0,1,35,Blue Collar
36,826,True,0.0456596310029253,0.0,3,44,Retired
36,827,False,0.3907392159198113,0.0,3,76,Retired
36,828,False,0.3259029406210039,0.0,2,13,Student
36,829,False,0.3450841502829877,0.0,2,39,Student
36,830,False,0.2370136739010705,0.0,2,21,Student
36,831,False,0.4243518655493258,0.0,0,27,White Collar
36,832,True,0.1288120009908881,0.0,0,18,White Collar
36,833,True,0.3299114686361586,0.0,0,23,White Collar
36,834,False,0.0667555305661823,0.0,3,72,Retired
36,835,True,0.1057107830323264,0.0,1,9,Blue Collar
36,836,False,0.5357995621053333,0.0,0,49,White Collar
36,837,False,0.1595713437757506,0.0,2,42,Student
36,838,False,0.1228798987176632,0.0,1,62,Blue Collar
36,839,False,0.3099564477393267,0.0,1,51,Blue Collar
36,840,True,0.5006741240171694,0.0,1,27,Blue Collar
36,841,True,0.1925333812435086,0.0,0,50,White Collar
36,842,False,0.6798139772747849,0.0,2,62,Student
36,843,True,0.1658069239561412,0.0,1,14,Blue Collar
36,844,False,0.445325731706341,0.0,1,60,Blue Collar
36,845,False,0.2871034665903474,0.0,1,32,Blue Collar
36,846,False,0.2051521024846308,0.0,0,42,White Collar
36,847,True,0.3569482999794101,0.0,0,35,White Collar
36,848,False,0.0872053159749631,0.0,2,37,Student
36,849,False,0.23791157291652,0.0,2,42,Student
36,850,False,0.2125906368597829,0.0,0,78,White Collar
36,851,False,0.3380474712276761,0.0,3,39,Retired
36,852,False,0.2905275608427198,0.0,0,34,White Collar
36,853,True,0.3479181328972756,0.0,0,59,White Collar
36,854,False,0.4221996077051169,0.0,1,49,Blue Collar
36,855,True,0.2424964231836355,0.0,2,31,Student
36,856,False,0.3024763373927353,0.0,1,47,Blue Collar
36,857,False,0.5685546252018754,0.0,1,49,Blue Collar
36,858,True,0.2939324011203272,0.0,1,65,Blue Collar
36,859,True,0.2371806947234474,0.0,1,5,Blue Collar
36,860,True,0.4348483136027772,0.0,1,28,Blue Collar
36,861,False,0.2476647534198212,0.0,1,31,Blue Collar
36,862,False,0.5915252921662858,0.0,1,28,Blue Collar
36,863,False,0.4941427378687356,0.0,2,22,Student
36,864,False,0.1927509224419929,0.0,0,89,White Collar
36,865,False,0.215708580571228,0.0,2,40,Student
36,866,True,0.4548274324248505,0.0,1,86,Blue Collar
36,867,False,0.432033472949111,0.0,0,61,White Collar
36,868,False,0.4727380263938699,0.0,1,42,Blue Collar
36,869,True,0.2538973946761992,0.0,0,62,White Collar
36,870,True,0.2857213617632627,0.0,3,15,Retired
36,871,False,0.2317922806044498,0.0,1,31,Blue Collar
36,872,False,0.2332041462800099,0.0,0,78,White Collar
36,873,False,0.1697303259220881,0.0,1,61,Blue Collar
36,874,True,0.4915121741124872,0.0,0,57,White Collar
36,875,True,0.3319587751508012,0.0,2,58,Student
36,876,False,0.3427031340245881,0.0,1,8,Blue Collar
36,877,True,0.4732074603715058,0.0,1,87,Blue Collar
36,878,True,0.057826174727944,0.0,0,28,White Collar
36,879,True,0.3342823374545915,0.0,0,37,White Collar
36,880,False,0.5055663733930453,0.0,0,39,White Collar
36,881,True,0.1092677169367234,0.0,0,6,White Collar
36,882,True,0.476371862104171,0.0,0,28,White Collar
36,883,True,0.3351520189164386,0.0,0,6,White Collar
36,884,False,0.3113112656037834,0.0,2,55,Student
36,885,False,0.3156514521042243,0.0,0,2,White Collar
36,886,False,0.1342593059642669,0.0,2,1,Student
36,887,False,0.0426125165402731,0.0,0,46,White Collar
36,888,True,0.4402492515093427,0.0,2,65,Student
36,889,False,0.1195934956640864,0.0,0,53,White Collar
36,890,False,0.2000779313230957,0.0,2,17,Student
36,891,True,0.7007817975708072,0.0,1,10,Blue Collar
36,892,False,0.2817555447671213,0.0,1,0,Blue Collar
36,893,False,0.3492651154755515,0.0,0,52,White Collar
36,894,True,0.183486628129589,0.0,2,28,Student
36,895,True,0.5023166737897836,0.0,0,28,White Collar
36,896,False,0.0624500784100217,0.0,1,32,Blue Collar
36,897,True,0.4354437700393007,0.0,0,34,White Collar
36,898,True,0.0920630148030118,0.0,2,91,Student
36,899,True,0.6257518883853295,0.0,1,79,Blue Collar
36,900,False,0.3770081169472025,0.0,1,11,Blue Collar
36,901,False,0.1271719790497805,0.0,0,39,White Collar
36,902,False,0.2743528735631583,0.0,1,1,Blue Collar
36,903,True,0.3825666156869312,0.0,0,3,White Collar
36,904,True,0.1784396198271592,0.0,1,34,Blue Collar
36,905,True,0.2162905367743838,0.0,0,41,White Collar
36,906,True,0.5209740341645329,0.0,1,49,Blue Collar
36,907,False,0.279074004926693,0.0,0,22,White Collar
36,908,False,0.4849887995749727,0.0,0,22,White Collar
36,909,False,0.3481128642195799,0.0,3,57,Retired
36,910,False,0.3776973082787966,0.0,2,24,Student
36,911,True,0.4552676384890686,0.0,0,34,White Collar
36,912,True,0.564636774420852,0.0,1,44,Blue Collar
36,913,False,0.1352549552408208,0.0,1,2,Blue Collar
36,914,False,0.4189062970344011,0.0,1,49,Blue Collar
36,915,True,0.6277239733678208,0.0,0,82,White Collar
36,916,True,0.4233062618932802,0.0,1,1,Blue Collar
36,917,False,0.3242865327317485,0.0,1,54,Blue Collar
36,918,True,0.5237323534287259,0.0,2,42,Student
36,919,True,0.6843643932117193,0.0,0,51,White Collar
36,920,False,0.3592652758898438,0.0,2,64,Student
36,921,True,0.3939614324212918,0.0,0,12,White Collar
36,922,True,0.3799956547644613,0.0,1,63,Blue Collar
36,923,False,0.0841743365393104,0.0,2,46,Student
36,924,True,0.4372271147397712,0.0,2,5,Student
36,925,False,0.0941077935758852,0.0,1,37,Blue Collar
36,926,False,0.3982612864989766,0.0,1,30,Blue Collar
36,927,False,0.0776550664575109,0.0,3,64,Retired
36,928,False,0.1282124549316295,0.0,1,73,Blue Collar
36,929,False,0.2142506430565661,0.0,2,10,Student
36,930,False,0.1898088523955465,0.0,1,37,Blue Collar
36,931,False,0.449549690409468,0.0,0,87,White Collar
36,932,False,0.2340831361350911,0.0,1,54,Blue Collar
36,933,True,0.1004746869111375,0.0,1,40,Blue Collar
36,934,True,0.1752910699720822,0.0,2,60,Student
36,935,False,0.3112062459089998,0.0,1,15,Blue Collar
36,936,True,0.3072581434169985,0.0,0,15,White Collar
36,937,True,0.3162298390616307,0.0,2,35,Student
36,938,False,0.4493230296578294,0.0,2,26,Student
36,939,True,0.4992607592612914,0.0,1,21,Blue Collar
36,940,True,0.3797328747609579,0.0,1,15,Blue Collar
36,941,True,0.2587951204847887,0.0,0,20,White Collar
36,942,True,0.217206502029108,0.0,1,9,Blue Collar
36,943,False,0.6337271424536701,0.0,3,55,Retired
36,944,True,0.3024225452045582,0.0,1,7,Blue Collar
36,945,False,0.353243831536729,0.0,0,60,White Collar
36,946,False,0.1960088011812329,0.0,2,44,Student
36,947,False,0.194604146338236,0.0,1,11,Blue Collar
36,948,False,0.1201659626916901,0.0,0,35,White Collar
36,949,False,0.2881738348704263,0.0,2,56,Student
36,950,False,0.1945107684338112,0.0,0,44,White Collar
36,951,True,0.2219017467003496,0.0,2,12,Student
36,952,True,0.4924424140581507,0.0,2,10,Student
36,953,False,0.0850659978225831,0.0,1,73,Blue Collar
36,954,False,0.1707846803550596,0.0,2,57,Student
36,955,True,0.3275299415979275,0.0,0,20,White Collar
36,956,True,0.3146017534698956,0.0,1,35,Blue Collar
36,957,False,0.5591300431761457,0.0,1,46,Blue Collar
36,958,True,0.0569074657411333,0.0,1,38,Blue Collar
36,959,False,0.5215862971395819,0.0,3,54,Retired
36,960,False,0.1109111744624726,0.0,0,49,White Collar
36,961,False,0.2265228453079547,0.0,2,23,Student
36,962,True,0.0823237952883983,0.0,0,57,White Collar
36,963,False,0.0203376211117979,0.0,1,63,Blue Collar
36,964,False,0.515099224706211,0.0,1,25,Blue Collar
36,965,False,0.1524295832997067,0.0,2,40,Student
36,966,True,0.401561690342304,0.0,0,77,White Collar
36,967,False,0.1934741652155991,0.0,1,22,Blue Collar
36,968,False,0.5676055160091945,0.0,1,40,Blue Collar
36,969,False,0.207457529958512,0.0,0,58,White Collar
36,970,False,0.2430327927543291,0.0,2,57,Student
36,971,False,0.1686796225990403,0.0,2,1,Student
36,972,True,0.1197872134843499,0.0,1,9,Blue Collar
36,973,True,0.4281637369757693,0.0,2,9,Student
36,974,True,0.2805328520070296,0.0,2,33,Student
36,975,False,0.0255304591814648,0.0,1,48,Blue Collar
36,976,True,0.5758838933798938,0.0,1,28,Blue Collar
36,977,False,0.2466749134265328,0.0,3,32,Retired
36,978,False,0.1265914119379539,0.0,2,36,Student
36,979,True,0.076905262823075,0.0,1,33,Blue Collar
36,980,False,0.1317865994756037,0.0,0,61,White Collar
36,981,False,0.3423522504030944,0.0,1,47,Blue Collar
36,982,True,0.4422870444385288,0.0,3,24,Retired
36,983,False,0.2290208014335576,0.0,2,98,Student
36,984,True,0.8133424050014515,0.0,2,27,Student
36,985,False,0.2079234242657764,0.0,0,29,White Collar
36,986,True,0.2608344425937606,0.0,0,10,White Collar
36,987,False,0.1095262841662347,0.0,0,62,White Collar
36,988,True,0.2508512520003949,0.0,1,21,Blue Collar
36,989,False,0.4615262690501316,0.0,0,24,White Collar
36,990,False,0.6224521206393593,0.0,0,17,White Collar
36,991,True,0.3984798933684013,0.0,1,25,Blue Collar
36,992,False,0.0587343222846886,0.0,0,38,White Collar
36,993,False,0.0996858624336007,0.0,2,61,Student
36,994,True,0.0587453867701584,0.0,1,39,Blue Collar
36,995,True,0.1404948127964428,0.0,0,86,White Collar
36,996,False,0.1813561796987826,0.0,0,8,White Collar
36,997,False,0.1207732276954052,0.0,0,89,White Collar
36,998,False,0.3803905055871858,0.0,1,28,Blue Collar
36,999,True,0.115508747068787,0.0,2,22,Student
37,0,True,0.3536766572335658,0.0,1,41,Blue Collar
37,1,True,0.2485580660782393,0.0,1,3,Blue Collar
37,2,False,0.4159590873381714,0.0,2,13,Student
37,3,True,0.1599675758099919,0.0,2,38,Student
37,4,False,0.5502830780616322,0.0,0,58,White Collar
37,5,False,0.110945287593398,0.0,1,19,Blue Collar
37,6,False,0.5098966417920571,0.0,2,27,Student
37,7,False,0.1772703794727445,0.0,0,21,White Collar
37,8,True,0.1982904719133444,0.0,1,27,Blue Collar
37,9,False,0.3762367882135499,0.0,2,31,Student
37,10,True,0.5434668040445325,0.0,0,52,White Collar
37,11,False,0.0847637629426502,0.0,1,7,Blue Collar
37,12,True,0.3579287927839609,0.0,0,44,White Collar
37,13,True,0.2733207739503824,0.0,0,46,White Collar
37,14,False,0.1343761410948502,0.0,1,40,Blue Collar
37,15,True,0.3532548500048075,0.0,2,7,Student
37,16,False,0.1327901214327579,0.0,1,80,Blue Collar
37,17,False,0.326434368425168,0.0,1,48,Blue Collar
37,18,False,0.1658104012585459,0.0,2,21,Student
37,19,True,0.207734214505591,0.0,2,51,Student
37,20,False,0.2634084880828478,0.0,0,61,White Collar
37,21,False,0.3900143303664891,0.0,0,36,White Collar
37,22,False,0.1536454700072753,0.0,0,37,White Collar
37,23,True,0.3055023511983206,0.0,0,98,White Collar
37,24,False,0.203313881265596,0.0,1,45,Blue Collar
37,25,False,0.1838768760882306,0.0,0,21,White Collar
37,26,False,0.3678240872354807,0.0,3,27,Retired
37,27,True,0.2020967664638769,0.0,1,3,Blue Collar
37,28,False,0.1863395045288194,0.0,0,39,White Collar
37,29,False,0.2835202997539891,0.0,3,0,Retired
37,30,False,0.1003993030662121,0.0,1,35,Blue Collar
37,31,True,0.207729389165234,0.0,1,9,Blue Collar
37,32,False,0.3096377073595142,0.0,1,11,Blue Collar
37,33,True,0.0443858001226034,0.0,3,57,Retired
37,34,False,0.1245792134455452,0.0,3,22,Retired
37,35,False,0.2110033201581862,0.0,2,50,Student
37,36,False,0.3581887554246956,0.0,2,21,Student
37,37,False,0.6522422663601021,0.0,1,17,Blue Collar
37,38,False,0.1622660260567806,0.0,2,36,Student
37,39,True,0.0694242954698856,0.0,3,47,Retired
37,40,False,0.076848080809821,0.0,0,63,White Collar
37,41,True,0.1744335165862888,0.0,1,55,Blue Collar
37,42,False,0.5434537469656785,0.0,0,21,White Collar
37,43,True,0.0616539134466732,0.0,2,26,Student
37,44,False,0.2356865066312641,0.0,3,2,Retired
37,45,True,0.3132941266752032,0.0,0,7,White Collar
37,46,False,0.1525833147039861,0.0,0,37,White Collar
37,47,False,0.3868863360183782,0.0,2,32,Student
37,48,True,0.4845897602554896,0.0,0,32,White Collar
37,49,False,0.0959387779732849,0.0,2,3,Student
37,50,True,0.3662241584833629,0.0,2,44,Student
37,51,True,0.2983728426907024,0.0,2,32,Student
37,52,True,0.2237663665214278,0.0,0,43,White Collar
37,53,True,0.1642916485213648,0.0,1,20,Blue Collar
37,54,True,0.4613858274628866,0.0,3,2,Retired
37,55,False,0.0983214607503696,0.0,0,15,White Collar
37,56,True,0.179247512983417,0.0,0,76,White Collar
37,57,True,0.3430187325979972,0.0,0,33,White Collar
37,58,False,0.2746698380360602,0.0,1,58,Blue Collar
37,59,True,0.4432945779277498,0.0,3,6,Retired
37,60,False,0.1327244318952246,0.0,2,29,Student
37,61,False,0.4006430877209991,0.0,2,35,Student
37,62,False,0.3225960385009868,0.0,2,5,Student
37,63,True,0.2923618255131976,0.0,2,53,Student
37,64,False,0.1135769732526367,0.0,2,38,Student
37,65,False,0.3415589572254627,0.0,0,59,White Collar
37,66,False,0.1699958739594175,0.0,2,29,Student
37,67,True,0.8014732049023443,0.0,0,50,White Collar
37,68,True,0.1317706240875745,0.0,0,66,White Collar
37,69,False,0.125499659191502,0.0,0,70,White Collar
37,70,False,0.3370138954716539,0.0,1,11,Blue Collar
37,71,False,0.0343986220052017,0.0,0,24,White Collar
37,72,False,0.159377520333094,0.0,0,39,White Collar
37,73,False,0.2615158445906097,0.0,2,40,Student
37,74,False,0.2491194021961276,0.0,1,22,Blue Collar
37,75,False,0.0685869246308145,0.0,1,25,Blue Collar
37,76,True,0.4595064072499054,0.0,0,49,White Collar
37,77,False,0.5414781386117564,0.0,2,69,Student
37,78,True,0.2605960618109315,0.0,0,19,White Collar
37,79,False,0.067535907483785,0.0,1,76,Blue Collar
37,80,True,0.0467688349727268,0.0,2,19,Student
37,81,False,0.127131476580951,0.0,0,45,White Collar
37,82,True,0.3265987258278122,0.0,0,23,White Collar
37,83,False,0.1191248654111389,0.0,1,20,Blue Collar
37,84,False,0.1077670455014623,0.0,0,22,White Collar
37,85,True,0.3246010263074086,0.0,1,60,Blue Collar
37,86,True,0.2193544911847561,0.0,3,24,Retired
37,87,True,0.3047922320216946,0.0,2,41,Student
37,88,False,0.403730071467841,0.0,1,54,Blue Collar
37,89,False,0.1841289216978105,0.0,2,49,Student
37,90,True,0.2344736594858819,0.0,1,20,Blue Collar
37,91,True,0.175068748991844,0.0,0,55,White Collar
37,92,True,0.2673316734797696,0.0,2,48,Student
37,93,False,0.238699744225137,0.0,3,21,Retired
37,94,True,0.3257956107307604,0.0,1,53,Blue Collar
37,95,True,0.4434878606676832,0.0,2,19,Student
37,96,False,0.3855671372233749,0.0,2,8,Student
37,97,False,0.0961525816865667,0.0,0,29,White Collar
37,98,True,0.2089847738799713,0.0,2,18,Student
37,99,False,0.1661962342804483,0.0,3,35,Retired
37,100,True,0.2272148735050511,0.0,1,64,Blue Collar
37,101,True,0.4759204964642726,0.0,3,40,Retired
37,102,True,0.1158847910316493,0.0,1,44,Blue Collar
37,103,False,0.1718540724955221,0.0,0,32,White Collar
37,104,False,0.2409358088306848,0.0,0,25,White Collar
37,105,True,0.1965854535395116,0.0,1,46,Blue Collar
37,106,True,0.1545074012420307,0.0,0,19,White Collar
37,107,True,0.3024753876496196,0.0,1,60,Blue Collar
37,108,False,0.2628503990216566,0.0,0,25,White Collar
37,109,False,0.1783854898271363,0.0,1,76,Blue Collar
37,110,False,0.0714033686941217,0.0,0,60,White Collar
37,111,True,0.3680479351839821,0.0,0,62,White Collar
37,112,False,0.1650023992108502,0.0,2,1,Student
37,113,False,0.6463769483914986,0.0,0,43,White Collar
37,114,False,0.5031230845032987,0.0,0,31,White Collar
37,115,True,0.4086469850455971,0.0,1,41,Blue Collar
37,116,True,0.3784719386186747,0.0,0,65,White Collar
37,117,True,0.4808171104256128,0.0,0,99,White Collar
37,118,True,0.4501527714550122,0.0,0,73,White Collar
37,119,True,0.3148546559271867,0.0,0,58,White Collar
37,120,True,0.3458306244455384,0.0,1,60,Blue Collar
37,121,True,0.5386521682270735,0.0,0,36,White Collar
37,122,True,0.3061721796943814,0.0,0,55,White Collar
37,123,False,0.145588134244425,0.0,1,65,Blue Collar
37,124,True,0.4518857472364912,0.0,2,33,Student
37,125,True,0.3599374248179245,0.0,1,29,Blue Collar
37,126,True,0.061906433771692,0.0,1,12,Blue Collar
37,127,True,0.2328545928203029,0.0,0,13,White Collar
37,128,False,0.1920824664494293,0.0,0,13,White Collar
37,129,True,0.5199092769591175,0.0,1,67,Blue Collar
37,130,True,0.2201943740399156,0.0,3,19,Retired
37,131,False,0.1377202357514125,0.0,0,32,White Collar
37,132,False,0.471971286182723,0.0,0,48,White Collar
37,133,False,0.1588460545173127,0.0,0,31,White Collar
37,134,False,0.0596894752708395,0.0,1,24,Blue Collar
37,135,False,0.3408156596522683,0.0,2,100,Student
37,136,False,0.3066486182634088,0.0,2,19,Student
37,137,True,0.2789555071166884,0.0,2,46,Student
37,138,False,0.3288097857207583,0.0,0,29,White Collar
37,139,True,0.4064901896391388,0.0,0,32,White Collar
37,140,False,0.3234596782435212,0.0,2,17,Student
37,141,False,0.1813428850517404,0.0,1,21,Blue Collar
37,142,True,0.110344420804029,0.0,2,48,Student
37,143,False,0.0626113417445731,0.0,0,4,White Collar
37,144,True,0.3893738659278771,0.0,1,95,Blue Collar
37,145,True,0.2208119923981546,0.0,1,3,Blue Collar
37,146,False,0.1705774606874289,0.0,2,37,Student
37,147,False,0.0676360338470681,0.0,0,53,White Collar
37,148,True,0.2063693713019656,0.0,2,7,Student
37,149,False,0.3587901228827754,0.0,1,60,Blue Collar
37,150,True,0.316899984774653,0.0,0,20,White Collar
37,151,True,0.1365637082251592,0.0,1,35,Blue Collar
37,152,True,0.2170837430502517,0.0,2,34,Student
37,153,False,0.1363792431986001,0.0,1,55,Blue Collar
37,154,False,0.0637349304068678,0.0,0,61,White Collar
37,155,True,0.5785716282335199,0.0,0,34,White Collar
37,156,True,0.1673754331871321,0.0,1,29,Blue Collar
37,157,True,0.485750585203021,0.0,2,14,Student
37,158,False,0.2231288814404552,0.0,0,53,White Collar
37,159,False,0.3734488472849538,0.0,2,34,Student
37,160,False,0.3866075694193058,0.0,1,38,Blue Collar
37,161,True,0.2910392925454743,0.0,2,6,Student
37,162,False,0.3584957567261279,0.0,1,26,Blue Collar
37,163,False,0.3688485254461,0.0,2,19,Student
37,164,True,0.4338558481917234,0.0,1,50,Blue Collar
37,165,True,0.0593243266171532,0.0,0,30,White Collar
37,166,False,0.1537383027458395,0.0,0,33,White Collar
37,167,False,0.690927168796683,0.0,0,6,White Collar
37,168,True,0.0492709683183529,0.0,2,77,Student
37,169,True,0.1859158401713941,0.0,3,37,Retired
37,170,True,0.2715695031402613,0.0,1,22,Blue Collar
37,171,False,0.3219105263709601,0.0,2,28,Student
37,172,False,0.4820942894903152,0.0,0,20,White Collar
37,173,True,0.319706275524256,0.0,2,15,Student
37,174,False,0.4916099383257625,0.0,0,34,White Collar
37,175,True,0.1841729708671041,0.0,2,15,Student
37,176,False,0.0293922497739453,0.0,1,37,Blue Collar
37,177,True,0.4383244007111607,0.0,3,18,Retired
37,178,False,0.2201991781916555,0.0,1,36,Blue Collar
37,179,True,0.1272898020531447,0.0,1,48,Blue Collar
37,180,True,0.5623099425360222,0.0,1,85,Blue Collar
37,181,True,0.1351692568264888,0.0,2,38,Student
37,182,False,0.1892652527031718,0.0,1,6,Blue Collar
37,183,False,0.2788522124309327,0.0,2,7,Student
37,184,False,0.2584988688589334,0.0,1,14,Blue Collar
37,185,True,0.1713624183536284,0.0,1,9,Blue Collar
37,186,False,0.3902904125361203,0.0,2,40,Student
37,187,False,0.1388409287646581,0.0,1,59,Blue Collar
37,188,False,0.4659217194194351,0.0,2,36,Student
37,189,True,0.6157519764816631,0.0,2,23,Student
37,190,True,0.3073799210471541,0.0,3,37,Retired
37,191,False,0.3116610941567272,0.0,1,28,Blue Collar
37,192,True,0.1347012643177103,0.0,0,34,White Collar
37,193,True,0.7239031844967967,0.0,0,64,White Collar
37,194,False,0.1191002777077864,0.0,0,18,White Collar
37,195,False,0.2853857889201115,0.0,0,49,White Collar
37,196,True,0.514309690041867,0.0,1,16,Blue Collar
37,197,True,0.15648979507517,0.0,0,18,White Collar
37,198,False,0.2605575260313472,0.0,0,96,White Collar
37,199,True,0.1398135905354235,0.0,0,46,White Collar
37,200,True,0.388093991336372,0.0,1,31,Blue Collar
37,201,True,0.4641645770320866,0.0,0,29,White Collar
37,202,True,0.1284580477416679,0.0,1,57,Blue Collar
37,203,False,0.0552063959733059,0.0,0,55,White Collar
37,204,True,0.0172791270801268,0.0,1,34,Blue Collar
37,205,False,0.1592498686850636,0.0,2,36,Student
37,206,True,0.2667449952728772,0.0,2,56,Student
37,207,True,0.529692033598347,0.0,1,48,Blue Collar
37,208,True,0.3071017670062408,0.0,2,13,Student
37,209,True,0.2504805636294226,0.0,3,95,Retired
37,210,True,0.4035583213875158,0.0,0,9,White Collar
37,211,False,0.3696214928596068,0.0,2,56,Student
37,212,False,0.2207809777676418,0.0,0,38,White Collar
37,213,False,0.0907414859941739,0.0,1,49,Blue Collar
37,214,True,0.4262985613707276,0.0,0,35,White Collar
37,215,True,0.3076570372812911,0.0,0,59,White Collar
37,216,True,0.0868688695425104,0.0,0,55,White Collar
37,217,False,0.3198826790647721,0.0,0,36,White Collar
37,218,False,0.1724594545811701,0.0,2,63,Student
37,219,False,0.5236077465948994,0.0,2,54,Student
37,220,False,0.144113060499894,0.0,0,53,White Collar
37,221,False,0.4369016405600799,0.0,0,45,White Collar
37,222,True,0.5620366156958401,0.0,0,37,White Collar
37,223,True,0.2038808086447868,0.0,0,44,White Collar
37,224,True,0.2652600697023149,0.0,1,54,Blue Collar
37,225,False,0.342996453032718,0.0,0,8,White Collar
37,226,False,0.3081745146780117,0.0,1,51,Blue Collar
37,227,True,0.0784764086339576,0.0,1,29,Blue Collar
37,228,True,0.2041784285394985,0.0,2,36,Student
37,229,True,0.4675748017124985,0.0,3,50,Retired
37,230,False,0.2244438821429141,0.0,1,22,Blue Collar
37,231,False,0.5642742600782021,0.0,1,5,Blue Collar
37,232,True,0.4583638031993273,0.0,0,1,White Collar
37,233,False,0.2287323521569573,0.0,0,16,White Collar
37,234,False,0.1941625323271394,0.0,2,5,Student
37,235,True,0.1140487847503583,0.0,0,48,White Collar
37,236,False,0.1188638980722389,0.0,0,39,White Collar
37,237,True,0.224300325608497,0.0,3,14,Retired
37,238,True,0.1748455929095408,0.0,3,14,Retired
37,239,True,0.2381018443075495,0.0,1,32,Blue Collar
37,240,False,0.4379433493911621,0.0,1,31,Blue Collar
37,241,True,0.3050820962749862,0.0,0,30,White Collar
37,242,True,0.4110151238583872,0.0,0,40,White Collar
37,243,False,0.2384113862023676,0.0,1,65,Blue Collar
37,244,False,0.3055585620380799,0.0,1,56,Blue Collar
37,245,False,0.2243119866738172,0.0,1,48,Blue Collar
37,246,False,0.2283035041843001,0.0,0,60,White Collar
37,247,True,0.601389322500987,0.0,1,62,Blue Collar
37,248,False,0.1861016376343618,0.0,0,68,White Collar
37,249,True,0.3322376533914182,0.0,2,23,Student
37,250,False,0.1535906531023021,0.0,2,46,Student
37,251,True,0.5895945688191788,0.0,0,52,White Collar
37,252,True,0.1360111358496654,0.0,3,49,Retired
37,253,False,0.1452923245069306,0.0,1,84,Blue Collar
37,254,True,0.4696325075583425,0.0,2,2,Student
37,255,True,0.3470548878739906,0.0,1,64,Blue Collar
37,256,False,0.2243778179558153,0.0,0,58,White Collar
37,257,True,0.380680807328598,0.0,2,17,Student
37,258,False,0.2527384697197175,0.0,0,49,White Collar
37,259,True,0.1918417920208668,0.0,1,72,Blue Collar
37,260,False,0.217770879130423,0.0,0,58,White Collar
37,261,True,0.5469541833338392,0.0,1,61,Blue Collar
37,262,True,0.4320278193633133,0.0,2,32,Student
37,263,False,0.337528941637207,0.0,2,15,Student
37,264,False,0.2801225539599779,0.0,0,31,White Collar
37,265,False,0.2046927163646063,0.0,0,58,White Collar
37,266,True,0.1978288911575661,0.0,1,13,Blue Collar
37,267,False,0.4200987516052237,0.0,2,49,Student
37,268,True,0.0945684310647346,0.0,1,26,Blue Collar
37,269,False,0.0683369109310005,0.0,3,58,Retired
37,270,False,0.3733711511916154,0.0,2,8,Student
37,271,False,0.1814974593978298,0.0,2,55,Student
37,272,False,0.4688203508208859,0.0,2,41,Student
37,273,True,0.4418376196321603,0.0,2,79,Student
37,274,False,0.2731195652421582,0.0,1,25,Blue Collar
37,275,True,0.4417392325829916,0.0,2,60,Student
37,276,False,0.4514994659346463,0.0,0,4,White Collar
37,277,True,0.5143025110676812,0.0,2,0,Student
37,278,False,0.1984804228376855,0.0,0,59,White Collar
37,279,True,0.0562449592429087,0.0,0,13,White Collar
37,280,False,0.0130969161112021,0.0,0,30,White Collar
37,281,True,0.4422153449338335,0.0,2,38,Student
37,282,False,0.2563288233480382,0.0,0,57,White Collar
37,283,False,0.1200803715075963,0.0,1,15,Blue Collar
37,284,True,0.2906548683413762,0.0,2,14,Student
37,285,True,0.248426499061781,0.0,2,43,Student
37,286,True,0.273114962563885,0.0,0,29,White Collar
37,287,True,0.2310327453733966,0.0,1,35,Blue Collar
37,288,False,0.3977583849607771,0.0,1,61,Blue Collar
37,289,True,0.1228099507461072,0.0,0,47,White Collar
37,290,False,0.2443124657062036,0.0,0,33,White Collar
37,291,True,0.1690550311731764,0.0,1,29,Blue Collar
37,292,False,0.3630143517577401,0.0,2,15,Student
37,293,False,0.1593915793032425,0.0,1,3,Blue Collar
37,294,False,0.0980124610961424,0.0,0,1,White Collar
37,295,False,0.325874443929199,0.0,0,22,White Collar
37,296,True,0.3065108052415546,0.0,1,93,Blue Collar
37,297,False,0.0767121836501658,0.0,0,85,White Collar
37,298,False,0.4728620841435421,0.0,0,40,White Collar
37,299,True,0.3157011011273116,0.0,0,36,White Collar
37,300,True,0.2063096419420389,0.0,1,32,Blue Collar
37,301,True,0.0386729386542437,0.0,1,60,Blue Collar
37,302,False,0.4168670056078366,0.0,1,62,Blue Collar
37,303,True,0.3052640817200645,0.0,3,9,Retired
37,304,True,0.360409463644948,0.0,0,4,White Collar
37,305,True,0.3196523721264053,0.0,2,0,Student
37,306,True,0.0603920315480385,0.0,0,33,White Collar
37,307,True,0.2176756192715158,0.0,3,65,Retired
37,308,True,0.4233910425225104,0.0,2,45,Student
37,309,False,0.0857535961606485,0.0,0,49,White Collar
37,310,False,0.241142100263168,0.0,0,54,White Collar
37,311,True,0.1068213695009309,0.0,2,13,Student
37,312,True,0.3939974320667165,0.0,1,35,Blue Collar
37,313,False,0.2557226333708657,0.0,2,38,Student
37,314,True,0.3840811292272226,0.0,1,74,Blue Collar
37,315,True,0.3661458059524538,0.0,1,15,Blue Collar
37,316,True,0.5816434885743039,0.0,0,26,White Collar
37,317,True,0.5621775612709531,0.0,0,43,White Collar
37,318,False,0.0884444403006964,0.0,3,33,Retired
37,319,False,0.3446235300029249,0.0,0,37,White Collar
37,320,True,0.6095654722173228,0.0,2,31,Student
37,321,True,0.3141309765261968,0.0,0,60,White Collar
37,322,True,0.6479463612947148,0.0,1,32,Blue Collar
37,323,False,0.2265019195492524,0.0,2,35,Student
37,324,True,0.4532267059451018,0.0,0,48,White Collar
37,325,False,0.5996218506997747,0.0,0,22,White Collar
37,326,True,0.1362318623539835,0.0,1,52,Blue Collar
37,327,True,0.2361379497655822,0.0,2,48,Student
37,328,False,0.6046614565204121,0.0,1,4,Blue Collar
37,329,True,0.2920487185984639,0.0,0,15,White Collar
37,330,True,0.4004222737895427,0.0,3,40,Retired
37,331,True,0.4507710944195557,0.0,0,60,White Collar
37,332,False,0.1848018664101324,0.0,2,33,Student
37,333,True,0.4101929338053977,0.0,0,27,White Collar
37,334,False,0.34973434990572,0.0,0,14,White Collar
37,335,True,0.1756191969893639,0.0,1,43,Blue Collar
37,336,False,0.2052622268743936,0.0,0,16,White Collar
37,337,True,0.6085560017364287,0.0,0,68,White Collar
37,338,True,0.141658770535373,0.0,1,51,Blue Collar
37,339,True,0.43593946275941,0.0,2,94,Student
37,340,True,0.3082365330185971,0.0,0,21,White Collar
37,341,True,0.4550063988010734,0.0,3,33,Retired
37,342,True,0.4275490847618506,0.0,0,52,White Collar
37,343,False,0.2781861683282088,0.0,1,29,Blue Collar
37,344,True,0.1852405523576611,0.0,2,51,Student
37,345,False,0.5553171992560851,0.0,0,50,White Collar
37,346,False,0.5031820579410835,0.0,0,75,White Collar
37,347,True,0.3218467203585847,0.0,0,11,White Collar
37,348,True,0.2940375021670958,0.0,0,45,White Collar
37,349,False,0.1254493851034331,0.0,1,31,Blue Collar
37,350,True,0.4444012505601111,0.0,2,16,Student
37,351,True,0.5757688148776429,0.0,0,19,White Collar
37,352,True,0.1238108655661201,0.0,2,34,Student
37,353,False,0.1417424749206275,0.0,1,9,Blue Collar
37,354,True,0.1872751990226918,0.0,1,64,Blue Collar
37,355,True,0.1912672864319361,0.0,2,38,Student
37,356,True,0.2750086185191396,0.0,1,5,Blue Collar
37,357,True,0.2594732652222252,0.0,3,26,Retired
37,358,True,0.1160173375309619,0.0,2,55,Student
37,359,False,0.5878548997680135,0.0,3,96,Retired
37,360,False,0.141844276079871,0.0,3,59,Retired
37,361,True,0.2670940915387836,0.0,0,31,White Collar
37,362,False,0.1693494018369503,0.0,1,6,Blue Collar
37,363,True,0.5051295998717548,0.0,0,39,White Collar
37,364,True,0.2152263011559128,0.0,1,99,Blue Collar
37,365,True,0.3026792843884116,0.0,0,49,White Collar
37,366,False,0.6043368946581595,0.0,3,43,Retired
37,367,False,0.2264428247113664,0.0,3,30,Retired
37,368,False,0.3300102349170474,0.0,2,30,Student
37,369,True,0.1552676357183774,0.0,0,19,White Collar
37,370,False,0.2640383541633144,0.0,1,51,Blue Collar
37,371,True,0.3870555710169233,0.0,1,34,Blue Collar
37,372,True,0.1219581579427709,0.0,1,55,Blue Collar
37,373,False,0.2307343681279402,0.0,1,6,Blue Collar
37,374,True,0.3374328449762505,0.0,0,57,White Collar
37,375,False,0.0724104629791323,0.0,2,22,Student
37,376,True,0.3782207354851397,0.0,2,55,Student
37,377,True,0.3194343997975769,0.0,2,36,Student
37,378,False,0.1972597201780969,0.0,0,23,White Collar
37,379,False,0.287172100514021,0.0,0,37,White Collar
37,380,True,0.6008221918617068,0.0,2,11,Student
37,381,True,0.0971226057228562,0.0,0,35,White Collar
37,382,False,0.2750073539162113,0.0,0,39,White Collar
37,383,True,0.5045933992123101,0.0,1,52,Blue Collar
37,384,True,0.1595183596132539,0.0,2,61,Student
37,385,True,0.2144434659745125,0.0,2,45,Student
37,386,False,0.4631573276497399,0.0,1,46,Blue Collar
37,387,True,0.278102406698222,0.0,1,96,Blue Collar
37,388,True,0.185040538482732,0.0,2,14,Student
37,389,True,0.1145555589074245,0.0,0,42,White Collar
37,390,False,0.4228950555098883,0.0,0,36,White Collar
37,391,False,0.6440679634524121,0.0,0,50,White Collar
37,392,False,0.3083255266751108,0.0,0,51,White Collar
37,393,True,0.4105774245043222,0.0,1,31,Blue Collar
37,394,True,0.1960542058844075,0.0,0,24,White Collar
37,395,False,0.1388747735087824,0.0,0,99,White Collar
37,396,True,0.0985267612391955,0.0,1,32,Blue Collar
37,397,True,0.3672611312390035,0.0,2,29,Student
37,398,True,0.5073793345737749,0.0,1,33,Blue Collar
37,399,False,0.2364619685412546,0.0,0,52,White Collar
37,400,True,0.4056361401586,0.0,0,93,White Collar
37,401,True,0.2649097709889378,0.0,1,70,Blue Collar
37,402,True,0.3808117943964557,0.0,2,40,Student
37,403,True,0.2253317470448952,0.0,1,62,Blue Collar
37,404,False,0.0451536951706062,0.0,0,11,White Collar
37,405,True,0.1643660328395617,0.0,1,4,Blue Collar
37,406,True,0.1914306997277393,0.0,0,21,White Collar
37,407,True,0.2616461141449531,0.0,0,39,White Collar
37,408,False,0.3563937219389386,0.0,0,5,White Collar
37,409,False,0.0807393667249193,0.0,1,27,Blue Collar
37,410,False,0.1084574754788678,0.0,0,38,White Collar
37,411,False,0.2455266465423252,0.0,2,22,Student
37,412,True,0.5453972463065507,0.0,3,14,Retired
37,413,True,0.3355411391283527,0.0,1,86,Blue Collar
37,414,True,0.1119325748862738,0.0,1,28,Blue Collar
37,415,False,0.0786186195421999,0.0,1,63,Blue Collar
37,416,False,0.2232495599779229,0.0,3,22,Retired
37,417,False,0.2393448930531098,0.0,2,34,Student
37,418,True,0.4691650839986767,0.0,2,36,Student
37,419,False,0.1093010128782776,0.0,3,12,Retired
37,420,True,0.350841738423868,0.0,1,32,Blue Collar
37,421,False,0.1147332768168895,0.0,0,70,White Collar
37,422,True,0.5209560844968074,0.0,1,36,Blue Collar
37,423,False,0.4629191165410449,0.0,0,93,White Collar
37,424,True,0.4458084306295856,0.0,2,57,Student
37,425,True,0.4507456473585096,0.0,0,26,White Collar
37,426,False,0.207768701685737,0.0,0,43,White Collar
37,427,False,0.5530846398930729,0.0,1,23,Blue Collar
37,428,False,0.2414057853315312,0.0,0,5,White Collar
37,429,False,0.3521991446239845,0.0,1,10,Blue Collar
37,430,True,0.5623335554103934,0.0,2,41,Student
37,431,False,0.066028107172517,0.0,1,49,Blue Collar
37,432,False,0.4780103627939779,0.0,2,39,Student
37,433,True,0.3619557421910525,0.0,3,39,Retired
37,434,True,0.4016190764260652,0.0,0,62,White Collar
37,435,True,0.1447690887902211,0.0,0,46,White Collar
37,436,True,0.1485361833971406,0.0,2,38,Student
37,437,True,0.2673122822770018,0.0,3,30,Retired
37,438,True,0.2665058948831771,0.0,2,36,Student
37,439,False,0.2016844401116823,0.0,2,14,Student
37,440,True,0.5191348577625704,0.0,1,31,Blue Collar
37,441,False,0.0125769688314679,0.0,1,76,Blue Collar
37,442,False,0.230059532111924,0.0,1,47,Blue Collar
37,443,False,0.0891624767452996,0.0,1,34,Blue Collar
37,444,False,0.5437183231209585,0.0,0,12,White Collar
37,445,True,0.3380641675028336,0.0,2,30,Student
37,446,False,0.2209937767876525,0.0,1,39,Blue Collar
37,447,True,0.1223216696690601,0.0,0,3,White Collar
37,448,False,0.327157746156919,0.0,0,65,White Collar
37,449,False,0.0999748268202887,0.0,2,17,Student
37,450,False,0.3375920398739411,0.0,0,16,White Collar
37,451,False,0.5828544730774738,0.0,1,60,Blue Collar
37,452,True,0.5490326088038333,0.0,0,91,White Collar
37,453,False,0.1444002153105774,0.0,1,30,Blue Collar
37,454,True,0.5397886850088234,0.0,2,35,Student
37,455,False,0.0491039142380159,0.0,0,56,White Collar
37,456,False,0.2269298672078842,0.0,0,45,White Collar
37,457,False,0.1507116244682386,0.0,0,9,White Collar
37,458,False,0.0397742668078514,0.0,1,34,Blue Collar
37,459,False,0.4199586775519187,0.0,0,52,White Collar
37,460,False,0.4703209324057288,0.0,1,28,Blue Collar
37,461,False,0.4593225624256609,0.0,0,41,White Collar
37,462,True,0.2928697416440324,0.0,0,65,White Collar
37,463,False,0.3253208111970423,0.0,2,15,Student
37,464,False,0.608299740483025,0.0,2,53,Student
37,465,False,0.227995917813659,0.0,2,3,Student
37,466,True,0.3285833899501695,0.0,1,32,Blue Collar
37,467,True,0.188908839828141,0.0,1,56,Blue Collar
37,468,True,0.4759491652842039,0.0,0,4,White Collar
37,469,True,0.4619524675485082,0.0,0,96,White Collar
37,470,True,0.3355219672420451,0.0,0,17,White Collar
37,471,True,0.2913305263540643,0.0,1,64,Blue Collar
37,472,False,0.3010360813901332,0.0,2,34,Student
37,473,True,0.3271906689077269,0.0,3,26,Retired
37,474,True,0.0676409928670715,0.0,2,63,Student
37,475,True,0.3328039645201829,0.0,0,30,White Collar
37,476,False,0.5689403837780267,0.0,2,50,Student
37,477,False,0.1687368232740908,0.0,1,31,Blue Collar
37,478,True,0.3234785077429782,0.0,2,50,Student
37,479,True,0.2595142364225923,0.0,1,14,Blue Collar
37,480,True,0.2107341076181594,0.0,0,36,White Collar
37,481,False,0.4454389315848823,0.0,1,22,Blue Collar
37,482,True,0.1925251778170265,0.0,3,40,Retired
37,483,True,0.4215730229751968,0.0,0,22,White Collar
37,484,True,0.3147556062634345,0.0,2,4,Student
37,485,True,0.089175148068904,0.0,1,92,Blue Collar
37,486,False,0.1813974974553684,0.0,2,39,Student
37,487,True,0.2888520759798477,0.0,2,39,Student
37,488,True,0.1912204640490106,0.0,0,48,White Collar
37,489,True,0.254632025981011,0.0,0,77,White Collar
37,490,True,0.2626091579593145,0.0,3,68,Retired
37,491,False,0.1868577020761625,0.0,1,28,Blue Collar
37,492,True,0.1235656832485277,0.0,3,22,Retired
37,493,True,0.3590902667010948,0.0,0,39,White Collar
37,494,False,0.0072479127321231,0.0,0,98,White Collar
37,495,True,0.2254122917396397,0.0,1,5,Blue Collar
37,496,True,0.3682584032090778,0.0,1,41,Blue Collar
37,497,True,0.4700537573475749,0.0,2,25,Student
37,498,False,0.2334079593854568,0.0,0,54,White Collar
37,499,False,0.604550623924786,0.0,3,46,Retired
37,500,False,0.1116182558215075,0.0,0,66,White Collar
37,501,True,0.2918006363881575,0.0,0,51,White Collar
37,502,False,0.2436788503320043,0.0,1,11,Blue Collar
37,503,False,0.0911729007382388,0.0,2,9,Student
37,504,False,0.3423826121689441,0.0,1,85,Blue Collar
37,505,False,0.2613583638874165,0.0,1,89,Blue Collar
37,506,True,0.1054542174997974,0.0,0,4,White Collar
37,507,True,0.3394195895177768,0.0,3,36,Retired
37,508,False,0.0667440465050857,0.0,1,47,Blue Collar
37,509,False,0.3948447858495602,0.0,0,21,White Collar
37,510,False,0.1701597344690188,0.0,2,37,Student
37,511,True,0.6912093386389426,0.0,0,78,White Collar
37,512,True,0.1701650430716366,0.0,0,35,White Collar
37,513,False,0.259658072094199,0.0,2,56,Student
37,514,True,0.3408592494335257,0.0,2,55,Student
37,515,False,0.1936145912070428,0.0,0,36,White Collar
37,516,True,0.4421189571746821,0.0,0,53,White Collar
37,517,False,0.2918146343826823,0.0,2,21,Student
37,518,True,0.0431616328618451,0.0,3,1,Retired
37,519,False,0.0852628517039114,0.0,0,68,White Collar
37,520,True,0.4737658354893495,0.0,0,13,White Collar
37,521,False,0.2739533039710695,0.0,0,31,White Collar
37,522,False,0.2373952074488494,0.0,2,58,Student
37,523,False,0.2670788820929144,0.0,0,17,White Collar
37,524,True,0.1034879707346583,0.0,1,66,Blue Collar
37,525,False,0.2279511321623418,0.0,0,36,White Collar
37,526,True,0.2627333305254055,0.0,0,33,White Collar
37,527,True,0.6891140409001313,0.0,2,73,Student
37,528,False,0.2505649400674639,0.0,2,41,Student
37,529,True,0.2446496929766223,0.0,0,33,White Collar
37,530,False,0.2767384149382149,0.0,0,1,White Collar
37,531,False,0.2722051205048573,0.0,2,20,Student
37,532,False,0.2299484569093162,0.0,0,37,White Collar
37,533,False,0.4257053209843408,0.0,2,51,Student
37,534,False,0.2227111874163941,0.0,2,99,Student
37,535,False,0.4773689304451496,0.0,1,18,Blue Collar
37,536,False,0.2310129865169898,0.0,0,54,White Collar
37,537,True,0.4314435361946498,0.0,1,39,Blue Collar
37,538,True,0.3868797602101907,0.0,0,32,White Collar
37,539,False,0.208678135078325,0.0,0,17,White Collar
37,540,False,0.0900249981999672,0.0,1,23,Blue Collar
37,541,False,0.6038569167009646,0.0,0,32,White Collar
37,542,False,0.2265233252301209,0.0,0,25,White Collar
37,543,False,0.3042970610133372,0.0,2,30,Student
37,544,False,0.1646258613749868,0.0,0,8,White Collar
37,545,True,0.1823972362349482,0.0,2,2,Student
37,546,True,0.4766491048877699,0.0,2,58,Student
37,547,True,0.5264086385938195,0.0,3,85,Retired
37,548,True,0.3609203123415569,0.0,1,73,Blue Collar
37,549,False,0.2509553296201303,0.0,0,79,White Collar
37,550,True,0.3835316726535463,0.0,0,28,White Collar
37,551,True,0.1959117186620537,0.0,0,27,White Collar
37,552,True,0.2976150813463317,0.0,1,34,Blue Collar
37,553,True,0.1323735027451481,0.0,0,29,White Collar
37,554,False,0.126311680440905,0.0,2,23,Student
37,555,True,0.3547665226580853,0.0,0,32,White Collar
37,556,True,0.3219807096428471,0.0,1,37,Blue Collar
37,557,False,0.310809260614259,0.0,0,62,White Collar
37,558,True,0.2266135263526242,0.0,1,39,Blue Collar
37,559,False,0.3116613226660596,0.0,2,52,Student
37,560,False,0.1721735905143979,0.0,3,36,Retired
37,561,False,0.0414669752128248,0.0,3,21,Retired
37,562,False,0.2761974130074415,0.0,2,54,Student
37,563,False,0.094253560316938,0.0,2,4,Student
37,564,True,0.4118445340829866,0.0,1,38,Blue Collar
37,565,True,0.5157009792685964,0.0,2,97,Student
37,566,True,0.6342283268293691,0.0,0,19,White Collar
37,567,False,0.2717021731900056,0.0,0,67,White Collar
37,568,True,0.1611555559536509,0.0,2,24,Student
37,569,True,0.3019616530585536,0.0,1,6,Blue Collar
37,570,True,0.2474761658633007,0.0,2,31,Student
37,571,False,0.2773672197869529,0.0,3,26,Retired
37,572,False,0.4722249959604593,0.0,1,43,Blue Collar
37,573,False,0.2190395136759253,0.0,0,43,White Collar
37,574,False,0.2513040412624526,0.0,2,39,Student
37,575,False,0.1344989142255937,0.0,1,32,Blue Collar
37,576,True,0.2575375190463321,0.0,1,72,Blue Collar
37,577,False,0.5758311543371692,0.0,0,37,White Collar
37,578,False,0.1747889880746776,0.0,1,8,Blue Collar
37,579,False,0.4404393990716352,0.0,2,10,Student
37,580,False,0.239968723155057,0.0,3,12,Retired
37,581,False,0.4457504855829945,0.0,1,37,Blue Collar
37,582,False,0.4181457323941839,0.0,0,51,White Collar
37,583,False,0.1247787246488094,0.0,1,63,Blue Collar
37,584,True,0.4135696874278296,0.0,2,69,Student
37,585,True,0.0855221607194543,0.0,3,12,Retired
37,586,False,0.102384952851844,0.0,0,55,White Collar
37,587,False,0.2285050887405005,0.0,2,93,Student
37,588,True,0.5466614162505907,0.0,0,38,White Collar
37,589,True,0.3510850322437097,0.0,2,8,Student
37,590,False,0.1394105760462668,0.0,0,64,White Collar
37,591,False,0.0536995154899485,0.0,0,9,White Collar
37,592,True,0.3806987361056626,0.0,2,2,Student
37,593,False,0.2794224044294483,0.0,2,32,Student
37,594,False,0.3066911814390244,0.0,0,38,White Collar
37,595,False,0.3430330836467324,0.0,0,28,White Collar
37,596,True,0.476114544370721,0.0,3,58,Retired
37,597,True,0.2554704259647891,0.0,1,24,Blue Collar
37,598,True,0.5012006017832084,0.0,0,27,White Collar
37,599,True,0.154006662960799,0.0,0,32,White Collar
37,600,False,0.0632323404051646,0.0,1,26,Blue Collar
37,601,True,0.4483454588827538,0.0,2,55,Student
37,602,False,0.1099758633977806,0.0,1,87,Blue Collar
37,603,True,0.2998031027074426,0.0,0,55,White Collar
37,604,True,0.5363077304756033,0.0,2,60,Student
37,605,True,0.0670542699936395,0.0,0,78,White Collar
37,606,False,0.3373425781481131,0.0,0,29,White Collar
37,607,True,0.0616375155621336,0.0,1,37,Blue Collar
37,608,False,0.2669105924136806,0.0,0,31,White Collar
37,609,False,0.0146819331277921,0.0,2,17,Student
37,610,True,0.0929129012701737,0.0,3,14,Retired
37,611,False,0.1620845901138898,0.0,2,63,Student
37,612,False,0.0555877186492738,0.0,0,62,White Collar
37,613,True,0.3628731421368042,0.0,2,40,Student
37,614,False,0.326185553069642,0.0,3,33,Retired
37,615,True,0.5516768599767246,0.0,3,35,Retired
37,616,False,0.1099186560623747,0.0,1,20,Blue Collar
37,617,False,0.2171848103951794,0.0,0,58,White Collar
37,618,True,0.0782209788311515,0.0,1,7,Blue Collar
37,619,False,0.1767688055025618,0.0,0,42,White Collar
37,620,False,0.5954379734962468,0.0,0,65,White Collar
37,621,True,0.3971726866093809,0.0,0,3,White Collar
37,622,False,0.1055672064555032,0.0,1,37,Blue Collar
37,623,False,0.0311859105555057,0.0,1,33,Blue Collar
37,624,False,0.0279579619790819,0.0,3,30,Retired
37,625,True,0.3679765943353593,0.0,2,21,Student
37,626,True,0.159129571300425,0.0,0,9,White Collar
37,627,True,0.7380869638355531,0.0,0,30,White Collar
37,628,True,0.2436991769678001,0.0,2,51,Student
37,629,True,0.170977740591307,0.0,1,41,Blue Collar
37,630,False,0.0807239819987891,0.0,3,46,Retired
37,631,True,0.4477791997522805,0.0,2,36,Student
37,632,False,0.197351654715525,0.0,1,80,Blue Collar
37,633,False,0.2614729695537015,0.0,0,13,White Collar
37,634,False,0.2791904822094437,0.0,0,55,White Collar
37,635,False,0.2492464228769708,0.0,0,47,White Collar
37,636,True,0.3888004532026781,0.0,2,59,Student
37,637,True,0.0898309777348184,0.0,2,10,Student
37,638,True,0.2393537041475697,0.0,0,56,White Collar
37,639,False,0.2004520499405746,0.0,0,38,White Collar
37,640,False,0.4009969437535314,0.0,1,33,Blue Collar
37,641,True,0.4674355152035755,0.0,3,50,Retired
37,642,True,0.1279157924541819,0.0,2,51,Student
37,643,True,0.403734941984525,0.0,0,4,White Collar
37,644,False,0.0894865576156005,0.0,0,12,White Collar
37,645,True,0.2478156639906327,0.0,3,39,Retired
37,646,False,0.26449203451846,0.0,2,9,Student
37,647,True,0.4549932251283338,0.0,1,20,Blue Collar
37,648,True,0.3895079338725103,0.0,1,25,Blue Collar
37,649,False,0.0971817728565808,0.0,0,34,White Collar
37,650,False,0.3828986050331805,0.0,0,55,White Collar
37,651,True,0.297838427885603,0.0,0,7,White Collar
37,652,True,0.5903979088514874,0.0,1,24,Blue Collar
37,653,True,0.1760983318750708,0.0,0,56,White Collar
37,654,False,0.2144134952920709,0.0,1,17,Blue Collar
37,655,True,0.6204682337798468,0.0,1,42,Blue Collar
37,656,True,0.4872331449600042,0.0,2,32,Student
37,657,True,0.0962069245149607,0.0,1,50,Blue Collar
37,658,True,0.2496558034719668,0.0,0,21,White Collar
37,659,False,0.341237799092246,0.0,2,48,Student
37,660,True,0.4009150563139554,0.0,1,63,Blue Collar
37,661,False,0.1179359076194324,0.0,1,47,Blue Collar
37,662,True,0.5572754113921149,0.0,0,36,White Collar
37,663,True,0.0629427880187678,0.0,0,28,White Collar
37,664,False,0.1229522065476816,0.0,1,62,Blue Collar
37,665,True,0.5302969759506505,0.0,3,54,Retired
37,666,False,0.2709993961105075,0.0,1,45,Blue Collar
37,667,True,0.2770890275188418,0.0,1,10,Blue Collar
37,668,True,0.301184192228817,0.0,2,56,Student
37,669,False,0.1401494015576146,0.0,0,53,White Collar
37,670,True,0.0737337849011167,0.0,0,43,White Collar
37,671,True,0.3291565105170932,0.0,0,52,White Collar
37,672,True,0.359768584824016,0.0,1,21,Blue Collar
37,673,True,0.3097774732702404,0.0,1,52,Blue Collar
37,674,True,0.180350414287884,0.0,1,32,Blue Collar
37,675,False,0.1104932580161498,0.0,0,28,White Collar
37,676,False,0.2268526189451653,0.0,1,34,Blue Collar
37,677,True,0.6389059701703222,0.0,2,42,Student
37,678,True,0.2431391535156832,0.0,3,22,Retired
37,679,False,0.2159680460480785,0.0,2,32,Student
37,680,True,0.2485571743584797,0.0,2,9,Student
37,681,True,0.2374704597128737,0.0,0,39,White Collar
37,682,False,0.5319284493276698,0.0,2,61,Student
37,683,True,0.3904389243462244,0.0,0,26,White Collar
37,684,True,0.1697375890428857,0.0,0,6,White Collar
37,685,False,0.204026175015018,0.0,0,40,White Collar
37,686,False,0.2549263267105989,0.0,3,22,Retired
37,687,False,0.2890608269629373,0.0,2,2,Student
37,688,False,0.1407896901376907,0.0,0,44,White Collar
37,689,True,0.1884686348827569,0.0,1,4,Blue Collar
37,690,False,0.5651992012277928,0.0,2,18,Student
37,691,True,0.5441384134079766,0.0,1,25,Blue Collar
37,692,False,0.2074958132489381,0.0,0,40,White Collar
37,693,False,0.1937947313120766,0.0,1,45,Blue Collar
37,694,True,0.3917365978571069,0.0,0,32,White Collar
37,695,True,0.0549042835324885,0.0,2,21,Student
37,696,True,0.513200034727355,0.0,1,50,Blue Collar
37,697,False,0.1680138488305095,0.0,1,62,Blue Collar
37,698,True,0.3498451382963249,0.0,1,47,Blue Collar
37,699,False,0.0647089915680699,0.0,0,7,White Collar
37,700,True,0.3992098512519557,0.0,2,38,Student
37,701,True,0.3602074853627584,0.0,3,11,Retired
37,702,False,0.3368158164406375,0.0,0,59,White Collar
37,703,True,0.1256675155755714,0.0,3,15,Retired
37,704,False,0.186745643052941,0.0,2,2,Student
37,705,False,0.3090542956810058,0.0,0,91,White Collar
37,706,False,0.1611047165510067,0.0,0,32,White Collar
37,707,True,0.156019393834899,0.0,1,58,Blue Collar
37,708,True,0.4891720840330514,0.0,3,35,Retired
37,709,False,0.0405952160464261,0.0,0,10,White Collar
37,710,False,0.5013100171730703,0.0,1,62,Blue Collar
37,711,True,0.125480123667906,0.0,2,26,Student
37,712,False,0.3783262469877855,0.0,1,33,Blue Collar
37,713,False,0.3222129037148611,0.0,1,62,Blue Collar
37,714,True,0.1213622535720952,0.0,2,63,Student
37,715,True,0.164766719941082,0.0,1,35,Blue Collar
37,716,False,0.4210690230658028,0.0,1,4,Blue Collar
37,717,False,0.2230656431040991,0.0,1,44,Blue Collar
37,718,True,0.7475416808203147,0.0,0,49,White Collar
37,719,True,0.1765326311521286,0.0,0,70,White Collar
37,720,False,0.1693998756977423,0.0,2,18,Student
37,721,True,0.1012367631091599,0.0,1,59,Blue Collar
37,722,False,0.1552197678852778,0.0,2,41,Student
37,723,True,0.2516719879928031,0.0,0,34,White Collar
37,724,True,0.6988438963940432,0.0,0,1,White Collar
37,725,True,0.1628761947287865,0.0,2,54,Student
37,726,True,0.035861074519571,0.0,0,86,White Collar
37,727,True,0.1868926162656133,0.0,1,35,Blue Collar
37,728,True,0.2802197590789023,0.0,3,35,Retired
37,729,False,0.5039853388745347,0.0,1,14,Blue Collar
37,730,False,0.2905356993774629,0.0,0,21,White Collar
37,731,False,0.2137032540043945,0.0,1,37,Blue Collar
37,732,True,0.1742040407701023,0.0,0,30,White Collar
37,733,False,0.3991960073625363,0.0,1,47,Blue Collar
37,734,False,0.2659319496638474,0.0,2,45,Student
37,735,True,0.4020401338219225,0.0,1,30,Blue Collar
37,736,True,0.1054043592980552,0.0,2,10,Student
37,737,True,0.1896220786800948,0.0,0,64,White Collar
37,738,False,0.3548328182831716,0.0,0,92,White Collar
37,739,True,0.0785174307392475,0.0,2,83,Student
37,740,False,0.123504889954708,0.0,0,57,White Collar
37,741,False,0.2413778454503063,0.0,0,21,White Collar
37,742,True,0.4688543103047804,0.0,2,53,Student
37,743,True,0.5491671814360513,0.0,2,23,Student
37,744,False,0.1320866566288173,0.0,1,31,Blue Collar
37,745,True,0.2989363140201345,0.0,2,27,Student
37,746,True,0.5146805029932751,0.0,2,18,Student
37,747,False,0.4008971368260078,0.0,0,29,White Collar
37,748,False,0.2842255949831302,0.0,0,79,White Collar
37,749,True,0.317544110113382,0.0,2,43,Student
37,750,True,0.1384834698703489,0.0,1,63,Blue Collar
37,751,False,0.2009712364540103,0.0,2,45,Student
37,752,True,0.2418896431622072,0.0,2,35,Student
37,753,False,0.2295611941890383,0.0,2,46,Student
37,754,True,0.2156860757163646,0.0,2,36,Student
37,755,True,0.1231095801822028,0.0,2,45,Student
37,756,True,0.5160624858560737,0.0,2,48,Student
37,757,True,0.2623139249573352,0.0,3,39,Retired
37,758,False,0.2309942687514944,0.0,2,21,Student
37,759,True,0.0959512859344814,0.0,1,94,Blue Collar
37,760,False,0.340353357371217,0.0,2,51,Student
37,761,False,0.1569467002743433,0.0,0,18,White Collar
37,762,False,0.1620025771710848,0.0,1,31,Blue Collar
37,763,False,0.1945993531314553,0.0,0,24,White Collar
37,764,False,0.3889033363849212,0.0,1,7,Blue Collar
37,765,False,0.3240072686151163,0.0,2,56,Student
37,766,True,0.0569606868617727,0.0,1,6,Blue Collar
37,767,True,0.5068443274386882,0.0,1,36,Blue Collar
37,768,False,0.3043925052678168,0.0,0,52,White Collar
37,769,False,0.2972452247392276,0.0,0,37,White Collar
37,770,False,0.1367056096153261,0.0,0,10,White Collar
37,771,True,0.4491401171221709,0.0,2,49,Student
37,772,True,0.2518147960573942,0.0,3,37,Retired
37,773,False,0.1695139260731264,0.0,0,7,White Collar
37,774,True,0.0801464927057364,0.0,1,69,Blue Collar
37,775,False,0.2325370523553835,0.0,0,31,White Collar
37,776,True,0.4841625365767797,0.0,2,46,Student
37,777,True,0.1693257626556566,0.0,3,52,Retired
37,778,False,0.0747789270014016,0.0,0,59,White Collar
37,779,True,0.1852423234921943,0.0,0,15,White Collar
37,780,False,0.1679635137045052,0.0,2,1,Student
37,781,False,0.2763354949660545,0.0,0,19,White Collar
37,782,False,0.1309785515470798,0.0,1,51,Blue Collar
37,783,False,0.1542500262093677,0.0,2,51,Student
37,784,True,0.0899353835301188,0.0,1,45,Blue Collar
37,785,True,0.3465590425511273,0.0,0,43,White Collar
37,786,False,0.1649902537464189,0.0,0,22,White Collar
37,787,False,0.1454381844637113,0.0,1,93,Blue Collar
37,788,True,0.451163889216197,0.0,1,46,Blue Collar
37,789,False,0.5292063498589319,0.0,1,60,Blue Collar
37,790,False,0.3771771971387949,0.0,0,24,White Collar
37,791,True,0.4977153092263308,0.0,1,24,Blue Collar
37,792,True,0.4231845666292447,0.0,1,91,Blue Collar
37,793,True,0.2173364748969555,0.0,1,24,Blue Collar
37,794,True,0.1054974346874186,0.0,1,80,Blue Collar
37,795,False,0.177115816076833,0.0,1,29,Blue Collar
37,796,False,0.1560104234247701,0.0,1,76,Blue Collar
37,797,False,0.3583027272484148,0.0,1,62,Blue Collar
37,798,True,0.2382117203777517,0.0,2,27,Student
37,799,True,0.0444376371349206,0.0,1,22,Blue Collar
37,800,False,0.1774341564063493,0.0,3,32,Retired
37,801,True,0.0810503458688375,0.0,0,31,White Collar
37,802,True,0.2332597297899884,0.0,1,59,Blue Collar
37,803,True,0.4563029734443914,0.0,1,2,Blue Collar
37,804,True,0.1109951227085874,0.0,3,8,Retired
37,805,False,0.524107383079782,0.0,2,12,Student
37,806,False,0.2494485341513156,0.0,0,71,White Collar
37,807,False,0.3576596696917246,0.0,2,63,Student
37,808,True,0.1411241998676989,0.0,2,13,Student
37,809,True,0.2562193556155805,0.0,0,25,White Collar
37,810,True,0.5239791499617252,0.0,0,100,White Collar
37,811,True,0.4819498063691885,0.0,0,20,White Collar
37,812,False,0.2639644320402215,0.0,0,20,White Collar
37,813,False,0.223514158884564,0.0,1,40,Blue Collar
37,814,True,0.2764270470816738,0.0,2,6,Student
37,815,True,0.321129255341407,0.0,0,3,White Collar
37,816,False,0.557406885681536,0.0,0,40,White Collar
37,817,False,0.1621890861748199,0.0,1,30,Blue Collar
37,818,False,0.154807479392052,0.0,0,27,White Collar
37,819,False,0.2096039228273493,0.0,2,59,Student
37,820,True,0.1068665371877108,0.0,1,43,Blue Collar
37,821,False,0.36441921405229,0.0,2,37,Student
37,822,False,0.069854215232803,0.0,0,35,White Collar
37,823,False,0.5752524381494896,0.0,0,56,White Collar
37,824,True,0.2816515588456469,0.0,3,31,Retired
37,825,False,0.3794411536939451,0.0,1,35,Blue Collar
37,826,False,0.0456596310029253,0.0,3,44,Retired
37,827,False,0.3907392159198113,0.0,3,76,Retired
37,828,True,0.3259029406210039,0.0,2,13,Student
37,829,False,0.3450841502829877,0.0,2,39,Student
37,830,False,0.2370136739010705,0.0,2,21,Student
37,831,False,0.4243518655493258,0.0,0,27,White Collar
37,832,False,0.1288120009908881,0.0,0,18,White Collar
37,833,True,0.3299114686361586,0.0,0,23,White Collar
37,834,False,0.0667555305661823,0.0,3,72,Retired
37,835,False,0.1057107830323264,0.0,1,9,Blue Collar
37,836,True,0.5357995621053333,0.0,0,49,White Collar
37,837,False,0.1595713437757506,0.0,2,42,Student
37,838,False,0.1228798987176632,0.0,1,62,Blue Collar
37,839,False,0.3099564477393267,0.0,1,51,Blue Collar
37,840,False,0.5006741240171694,0.0,1,27,Blue Collar
37,841,False,0.1925333812435086,0.0,0,50,White Collar
37,842,True,0.6798139772747849,0.0,2,62,Student
37,843,False,0.1658069239561412,0.0,1,14,Blue Collar
37,844,True,0.445325731706341,0.0,1,60,Blue Collar
37,845,True,0.2871034665903474,0.0,1,32,Blue Collar
37,846,True,0.2051521024846308,0.0,0,42,White Collar
37,847,True,0.3569482999794101,0.0,0,35,White Collar
37,848,True,0.0872053159749631,0.0,2,37,Student
37,849,False,0.23791157291652,0.0,2,42,Student
37,850,True,0.2125906368597829,0.0,0,78,White Collar
37,851,True,0.3380474712276761,0.0,3,39,Retired
37,852,False,0.2905275608427198,0.0,0,34,White Collar
37,853,False,0.3479181328972756,0.0,0,59,White Collar
37,854,True,0.4221996077051169,0.0,1,49,Blue Collar
37,855,True,0.2424964231836355,0.0,2,31,Student
37,856,True,0.3024763373927353,0.0,1,47,Blue Collar
37,857,False,0.5685546252018754,0.0,1,49,Blue Collar
37,858,False,0.2939324011203272,0.0,1,65,Blue Collar
37,859,False,0.2371806947234474,0.0,1,5,Blue Collar
37,860,False,0.4348483136027772,0.0,1,28,Blue Collar
37,861,True,0.2476647534198212,0.0,1,31,Blue Collar
37,862,False,0.5915252921662858,0.0,1,28,Blue Collar
37,863,False,0.4941427378687356,0.0,2,22,Student
37,864,False,0.1927509224419929,0.0,0,89,White Collar
37,865,True,0.215708580571228,0.0,2,40,Student
37,866,True,0.4548274324248505,0.0,1,86,Blue Collar
37,867,False,0.432033472949111,0.0,0,61,White Collar
37,868,True,0.4727380263938699,0.0,1,42,Blue Collar
37,869,True,0.2538973946761992,0.0,0,62,White Collar
37,870,True,0.2857213617632627,0.0,3,15,Retired
37,871,True,0.2317922806044498,0.0,1,31,Blue Collar
37,872,False,0.2332041462800099,0.0,0,78,White Collar
37,873,False,0.1697303259220881,0.0,1,61,Blue Collar
37,874,True,0.4915121741124872,0.0,0,57,White Collar
37,875,True,0.3319587751508012,0.0,2,58,Student
37,876,False,0.3427031340245881,0.0,1,8,Blue Collar
37,877,True,0.4732074603715058,0.0,1,87,Blue Collar
37,878,True,0.057826174727944,0.0,0,28,White Collar
37,879,True,0.3342823374545915,0.0,0,37,White Collar
37,880,False,0.5055663733930453,0.0,0,39,White Collar
37,881,False,0.1092677169367234,0.0,0,6,White Collar
37,882,False,0.476371862104171,0.0,0,28,White Collar
37,883,True,0.3351520189164386,0.0,0,6,White Collar
37,884,False,0.3113112656037834,0.0,2,55,Student
37,885,False,0.3156514521042243,0.0,0,2,White Collar
37,886,False,0.1342593059642669,0.0,2,1,Student
37,887,False,0.0426125165402731,0.0,0,46,White Collar
37,888,True,0.4402492515093427,0.0,2,65,Student
37,889,False,0.1195934956640864,0.0,0,53,White Collar
37,890,False,0.2000779313230957,0.0,2,17,Student
37,891,True,0.7007817975708072,0.0,1,10,Blue Collar
37,892,False,0.2817555447671213,0.0,1,0,Blue Collar
37,893,True,0.3492651154755515,0.0,0,52,White Collar
37,894,False,0.183486628129589,0.0,2,28,Student
37,895,True,0.5023166737897836,0.0,0,28,White Collar
37,896,True,0.0624500784100217,0.0,1,32,Blue Collar
37,897,False,0.4354437700393007,0.0,0,34,White Collar
37,898,False,0.0920630148030118,0.0,2,91,Student
37,899,True,0.6257518883853295,0.0,1,79,Blue Collar
37,900,True,0.3770081169472025,0.0,1,11,Blue Collar
37,901,False,0.1271719790497805,0.0,0,39,White Collar
37,902,False,0.2743528735631583,0.0,1,1,Blue Collar
37,903,True,0.3825666156869312,0.0,0,3,White Collar
37,904,True,0.1784396198271592,0.0,1,34,Blue Collar
37,905,True,0.2162905367743838,0.0,0,41,White Collar
37,906,True,0.5209740341645329,0.0,1,49,Blue Collar
37,907,True,0.279074004926693,0.0,0,22,White Collar
37,908,False,0.4849887995749727,0.0,0,22,White Collar
37,909,False,0.3481128642195799,0.0,3,57,Retired
37,910,False,0.3776973082787966,0.0,2,24,Student
37,911,True,0.4552676384890686,0.0,0,34,White Collar
37,912,True,0.564636774420852,0.0,1,44,Blue Collar
37,913,False,0.1352549552408208,0.0,1,2,Blue Collar
37,914,False,0.4189062970344011,0.0,1,49,Blue Collar
37,915,False,0.6277239733678208,0.0,0,82,White Collar
37,916,True,0.4233062618932802,0.0,1,1,Blue Collar
37,917,True,0.3242865327317485,0.0,1,54,Blue Collar
37,918,False,0.5237323534287259,0.0,2,42,Student
37,919,True,0.6843643932117193,0.0,0,51,White Collar
37,920,False,0.3592652758898438,0.0,2,64,Student
37,921,True,0.3939614324212918,0.0,0,12,White Collar
37,922,True,0.3799956547644613,0.0,1,63,Blue Collar
37,923,False,0.0841743365393104,0.0,2,46,Student
37,924,False,0.4372271147397712,0.0,2,5,Student
37,925,True,0.0941077935758852,0.0,1,37,Blue Collar
37,926,True,0.3982612864989766,0.0,1,30,Blue Collar
37,927,False,0.0776550664575109,0.0,3,64,Retired
37,928,False,0.1282124549316295,0.0,1,73,Blue Collar
37,929,False,0.2142506430565661,0.0,2,10,Student
37,930,False,0.1898088523955465,0.0,1,37,Blue Collar
37,931,False,0.449549690409468,0.0,0,87,White Collar
37,932,False,0.2340831361350911,0.0,1,54,Blue Collar
37,933,False,0.1004746869111375,0.0,1,40,Blue Collar
37,934,True,0.1752910699720822,0.0,2,60,Student
37,935,False,0.3112062459089998,0.0,1,15,Blue Collar
37,936,False,0.3072581434169985,0.0,0,15,White Collar
37,937,True,0.3162298390616307,0.0,2,35,Student
37,938,False,0.4493230296578294,0.0,2,26,Student
37,939,True,0.4992607592612914,0.0,1,21,Blue Collar
37,940,False,0.3797328747609579,0.0,1,15,Blue Collar
37,941,False,0.2587951204847887,0.0,0,20,White Collar
37,942,False,0.217206502029108,0.0,1,9,Blue Collar
37,943,True,0.6337271424536701,0.0,3,55,Retired
37,944,False,0.3024225452045582,0.0,1,7,Blue Collar
37,945,False,0.353243831536729,0.0,0,60,White Collar
37,946,False,0.1960088011812329,0.0,2,44,Student
37,947,False,0.194604146338236,0.0,1,11,Blue Collar
37,948,True,0.1201659626916901,0.0,0,35,White Collar
37,949,False,0.2881738348704263,0.0,2,56,Student
37,950,True,0.1945107684338112,0.0,0,44,White Collar
37,951,True,0.2219017467003496,0.0,2,12,Student
37,952,True,0.4924424140581507,0.0,2,10,Student
37,953,False,0.0850659978225831,0.0,1,73,Blue Collar
37,954,False,0.1707846803550596,0.0,2,57,Student
37,955,True,0.3275299415979275,0.0,0,20,White Collar
37,956,True,0.3146017534698956,0.0,1,35,Blue Collar
37,957,True,0.5591300431761457,0.0,1,46,Blue Collar
37,958,False,0.0569074657411333,0.0,1,38,Blue Collar
37,959,False,0.5215862971395819,0.0,3,54,Retired
37,960,False,0.1109111744624726,0.0,0,49,White Collar
37,961,False,0.2265228453079547,0.0,2,23,Student
37,962,True,0.0823237952883983,0.0,0,57,White Collar
37,963,False,0.0203376211117979,0.0,1,63,Blue Collar
37,964,True,0.515099224706211,0.0,1,25,Blue Collar
37,965,False,0.1524295832997067,0.0,2,40,Student
37,966,False,0.401561690342304,0.0,0,77,White Collar
37,967,True,0.1934741652155991,0.0,1,22,Blue Collar
37,968,False,0.5676055160091945,0.0,1,40,Blue Collar
37,969,False,0.207457529958512,0.0,0,58,White Collar
37,970,False,0.2430327927543291,0.0,2,57,Student
37,971,False,0.1686796225990403,0.0,2,1,Student
37,972,True,0.1197872134843499,0.0,1,9,Blue Collar
37,973,False,0.4281637369757693,0.0,2,9,Student
37,974,True,0.2805328520070296,0.0,2,33,Student
37,975,True,0.0255304591814648,0.0,1,48,Blue Collar
37,976,False,0.5758838933798938,0.0,1,28,Blue Collar
37,977,True,0.2466749134265328,0.0,3,32,Retired
37,978,False,0.1265914119379539,0.0,2,36,Student
37,979,False,0.076905262823075,0.0,1,33,Blue Collar
37,980,True,0.1317865994756037,0.0,0,61,White Collar
37,981,False,0.3423522504030944,0.0,1,47,Blue Collar
37,982,True,0.4422870444385288,0.0,3,24,Retired
37,983,False,0.2290208014335576,0.0,2,98,Student
37,984,True,0.8133424050014515,0.0,2,27,Student
37,985,False,0.2079234242657764,0.0,0,29,White Collar
37,986,True,0.2608344425937606,0.0,0,10,White Collar
37,987,False,0.1095262841662347,0.0,0,62,White Collar
37,988,True,0.2508512520003949,0.0,1,21,Blue Collar
37,989,False,0.4615262690501316,0.0,0,24,White Collar
37,990,False,0.6224521206393593,0.0,0,17,White Collar
37,991,True,0.3984798933684013,0.0,1,25,Blue Collar
37,992,False,0.0587343222846886,0.0,0,38,White Collar
37,993,False,0.0996858624336007,0.0,2,61,Student
37,994,False,0.0587453867701584,0.0,1,39,Blue Collar
37,995,True,0.1404948127964428,0.0,0,86,White Collar
37,996,True,0.1813561796987826,0.0,0,8,White Collar
37,997,True,0.1207732276954052,0.0,0,89,White Collar
37,998,False,0.3803905055871858,0.0,1,28,Blue Collar
37,999,False,0.115508747068787,0.0,2,22,Student
38,0,True,0.3536766572335658,0.0,1,41,Blue Collar
38,1,True,0.2485580660782393,0.0,1,3,Blue Collar
38,2,True,0.4159590873381714,0.0,2,13,Student
38,3,True,0.1599675758099919,0.0,2,38,Student
38,4,False,0.5502830780616322,0.0,0,58,White Collar
38,5,True,0.110945287593398,0.0,1,19,Blue Collar
38,6,False,0.5098966417920571,0.0,2,27,Student
38,7,True,0.1772703794727445,0.0,0,21,White Collar
38,8,True,0.1982904719133444,0.0,1,27,Blue Collar
38,9,True,0.3762367882135499,0.0,2,31,Student
38,10,True,0.5434668040445325,0.0,0,52,White Collar
38,11,False,0.0847637629426502,0.0,1,7,Blue Collar
38,12,False,0.3579287927839609,0.0,0,44,White Collar
38,13,False,0.2733207739503824,0.0,0,46,White Collar
38,14,False,0.1343761410948502,0.0,1,40,Blue Collar
38,15,True,0.3532548500048075,0.0,2,7,Student
38,16,True,0.1327901214327579,0.0,1,80,Blue Collar
38,17,False,0.326434368425168,0.0,1,48,Blue Collar
38,18,False,0.1658104012585459,0.0,2,21,Student
38,19,True,0.207734214505591,0.0,2,51,Student
38,20,False,0.2634084880828478,0.0,0,61,White Collar
38,21,False,0.3900143303664891,0.0,0,36,White Collar
38,22,False,0.1536454700072753,0.0,0,37,White Collar
38,23,True,0.3055023511983206,0.0,0,98,White Collar
38,24,False,0.203313881265596,0.0,1,45,Blue Collar
38,25,False,0.1838768760882306,0.0,0,21,White Collar
38,26,False,0.3678240872354807,0.0,3,27,Retired
38,27,True,0.2020967664638769,0.0,1,3,Blue Collar
38,28,False,0.1863395045288194,0.0,0,39,White Collar
38,29,True,0.2835202997539891,0.0,3,0,Retired
38,30,True,0.1003993030662121,0.0,1,35,Blue Collar
38,31,True,0.207729389165234,0.0,1,9,Blue Collar
38,32,False,0.3096377073595142,0.0,1,11,Blue Collar
38,33,True,0.0443858001226034,0.0,3,57,Retired
38,34,False,0.1245792134455452,0.0,3,22,Retired
38,35,True,0.2110033201581862,0.0,2,50,Student
38,36,False,0.3581887554246956,0.0,2,21,Student
38,37,True,0.6522422663601021,0.0,1,17,Blue Collar
38,38,False,0.1622660260567806,0.0,2,36,Student
38,39,False,0.0694242954698856,0.0,3,47,Retired
38,40,True,0.076848080809821,0.0,0,63,White Collar
38,41,True,0.1744335165862888,0.0,1,55,Blue Collar
38,42,True,0.5434537469656785,0.0,0,21,White Collar
38,43,False,0.0616539134466732,0.0,2,26,Student
38,44,False,0.2356865066312641,0.0,3,2,Retired
38,45,True,0.3132941266752032,0.0,0,7,White Collar
38,46,False,0.1525833147039861,0.0,0,37,White Collar
38,47,False,0.3868863360183782,0.0,2,32,Student
38,48,True,0.4845897602554896,0.0,0,32,White Collar
38,49,False,0.0959387779732849,0.0,2,3,Student
38,50,True,0.3662241584833629,0.0,2,44,Student
38,51,False,0.2983728426907024,0.0,2,32,Student
38,52,True,0.2237663665214278,0.0,0,43,White Collar
38,53,True,0.1642916485213648,0.0,1,20,Blue Collar
38,54,True,0.4613858274628866,0.0,3,2,Retired
38,55,True,0.0983214607503696,0.0,0,15,White Collar
38,56,True,0.179247512983417,0.0,0,76,White Collar
38,57,True,0.3430187325979972,0.0,0,33,White Collar
38,58,False,0.2746698380360602,0.0,1,58,Blue Collar
38,59,True,0.4432945779277498,0.0,3,6,Retired
38,60,False,0.1327244318952246,0.0,2,29,Student
38,61,True,0.4006430877209991,0.0,2,35,Student
38,62,True,0.3225960385009868,0.0,2,5,Student
38,63,False,0.2923618255131976,0.0,2,53,Student
38,64,False,0.1135769732526367,0.0,2,38,Student
38,65,True,0.3415589572254627,0.0,0,59,White Collar
38,66,True,0.1699958739594175,0.0,2,29,Student
38,67,False,0.8014732049023443,0.0,0,50,White Collar
38,68,False,0.1317706240875745,0.0,0,66,White Collar
38,69,False,0.125499659191502,0.0,0,70,White Collar
38,70,False,0.3370138954716539,0.0,1,11,Blue Collar
38,71,False,0.0343986220052017,0.0,0,24,White Collar
38,72,True,0.159377520333094,0.0,0,39,White Collar
38,73,True,0.2615158445906097,0.0,2,40,Student
38,74,True,0.2491194021961276,0.0,1,22,Blue Collar
38,75,True,0.0685869246308145,0.0,1,25,Blue Collar
38,76,False,0.4595064072499054,0.0,0,49,White Collar
38,77,False,0.5414781386117564,0.0,2,69,Student
38,78,False,0.2605960618109315,0.0,0,19,White Collar
38,79,False,0.067535907483785,0.0,1,76,Blue Collar
38,80,True,0.0467688349727268,0.0,2,19,Student
38,81,True,0.127131476580951,0.0,0,45,White Collar
38,82,False,0.3265987258278122,0.0,0,23,White Collar
38,83,False,0.1191248654111389,0.0,1,20,Blue Collar
38,84,False,0.1077670455014623,0.0,0,22,White Collar
38,85,True,0.3246010263074086,0.0,1,60,Blue Collar
38,86,True,0.2193544911847561,0.0,3,24,Retired
38,87,False,0.3047922320216946,0.0,2,41,Student
38,88,True,0.403730071467841,0.0,1,54,Blue Collar
38,89,False,0.1841289216978105,0.0,2,49,Student
38,90,False,0.2344736594858819,0.0,1,20,Blue Collar
38,91,True,0.175068748991844,0.0,0,55,White Collar
38,92,True,0.2673316734797696,0.0,2,48,Student
38,93,False,0.238699744225137,0.0,3,21,Retired
38,94,False,0.3257956107307604,0.0,1,53,Blue Collar
38,95,True,0.4434878606676832,0.0,2,19,Student
38,96,False,0.3855671372233749,0.0,2,8,Student
38,97,False,0.0961525816865667,0.0,0,29,White Collar
38,98,True,0.2089847738799713,0.0,2,18,Student
38,99,True,0.1661962342804483,0.0,3,35,Retired
38,100,False,0.2272148735050511,0.0,1,64,Blue Collar
38,101,True,0.4759204964642726,0.0,3,40,Retired
38,102,True,0.1158847910316493,0.0,1,44,Blue Collar
38,103,False,0.1718540724955221,0.0,0,32,White Collar
38,104,True,0.2409358088306848,0.0,0,25,White Collar
38,105,False,0.1965854535395116,0.0,1,46,Blue Collar
38,106,False,0.1545074012420307,0.0,0,19,White Collar
38,107,True,0.3024753876496196,0.0,1,60,Blue Collar
38,108,True,0.2628503990216566,0.0,0,25,White Collar
38,109,False,0.1783854898271363,0.0,1,76,Blue Collar
38,110,True,0.0714033686941217,0.0,0,60,White Collar
38,111,True,0.3680479351839821,0.0,0,62,White Collar
38,112,True,0.1650023992108502,0.0,2,1,Student
38,113,False,0.6463769483914986,0.0,0,43,White Collar
38,114,False,0.5031230845032987,0.0,0,31,White Collar
38,115,True,0.4086469850455971,0.0,1,41,Blue Collar
38,116,True,0.3784719386186747,0.0,0,65,White Collar
38,117,True,0.4808171104256128,0.0,0,99,White Collar
38,118,True,0.4501527714550122,0.0,0,73,White Collar
38,119,False,0.3148546559271867,0.0,0,58,White Collar
38,120,False,0.3458306244455384,0.0,1,60,Blue Collar
38,121,True,0.5386521682270735,0.0,0,36,White Collar
38,122,False,0.3061721796943814,0.0,0,55,White Collar
38,123,True,0.145588134244425,0.0,1,65,Blue Collar
38,124,True,0.4518857472364912,0.0,2,33,Student
38,125,True,0.3599374248179245,0.0,1,29,Blue Collar
38,126,True,0.061906433771692,0.0,1,12,Blue Collar
38,127,False,0.2328545928203029,0.0,0,13,White Collar
38,128,False,0.1920824664494293,0.0,0,13,White Collar
38,129,False,0.5199092769591175,0.0,1,67,Blue Collar
38,130,True,0.2201943740399156,0.0,3,19,Retired
38,131,False,0.1377202357514125,0.0,0,32,White Collar
38,132,True,0.471971286182723,0.0,0,48,White Collar
38,133,False,0.1588460545173127,0.0,0,31,White Collar
38,134,True,0.0596894752708395,0.0,1,24,Blue Collar
38,135,True,0.3408156596522683,0.0,2,100,Student
38,136,True,0.3066486182634088,0.0,2,19,Student
38,137,False,0.2789555071166884,0.0,2,46,Student
38,138,True,0.3288097857207583,0.0,0,29,White Collar
38,139,True,0.4064901896391388,0.0,0,32,White Collar
38,140,False,0.3234596782435212,0.0,2,17,Student
38,141,True,0.1813428850517404,0.0,1,21,Blue Collar
38,142,False,0.110344420804029,0.0,2,48,Student
38,143,False,0.0626113417445731,0.0,0,4,White Collar
38,144,True,0.3893738659278771,0.0,1,95,Blue Collar
38,145,False,0.2208119923981546,0.0,1,3,Blue Collar
38,146,False,0.1705774606874289,0.0,2,37,Student
38,147,True,0.0676360338470681,0.0,0,53,White Collar
38,148,True,0.2063693713019656,0.0,2,7,Student
38,149,True,0.3587901228827754,0.0,1,60,Blue Collar
38,150,True,0.316899984774653,0.0,0,20,White Collar
38,151,True,0.1365637082251592,0.0,1,35,Blue Collar
38,152,True,0.2170837430502517,0.0,2,34,Student
38,153,True,0.1363792431986001,0.0,1,55,Blue Collar
38,154,False,0.0637349304068678,0.0,0,61,White Collar
38,155,True,0.5785716282335199,0.0,0,34,White Collar
38,156,True,0.1673754331871321,0.0,1,29,Blue Collar
38,157,False,0.485750585203021,0.0,2,14,Student
38,158,False,0.2231288814404552,0.0,0,53,White Collar
38,159,True,0.3734488472849538,0.0,2,34,Student
38,160,False,0.3866075694193058,0.0,1,38,Blue Collar
38,161,True,0.2910392925454743,0.0,2,6,Student
38,162,True,0.3584957567261279,0.0,1,26,Blue Collar
38,163,True,0.3688485254461,0.0,2,19,Student
38,164,True,0.4338558481917234,0.0,1,50,Blue Collar
38,165,True,0.0593243266171532,0.0,0,30,White Collar
38,166,False,0.1537383027458395,0.0,0,33,White Collar
38,167,True,0.690927168796683,0.0,0,6,White Collar
38,168,True,0.0492709683183529,0.0,2,77,Student
38,169,False,0.1859158401713941,0.0,3,37,Retired
38,170,True,0.2715695031402613,0.0,1,22,Blue Collar
38,171,True,0.3219105263709601,0.0,2,28,Student
38,172,True,0.4820942894903152,0.0,0,20,White Collar
38,173,True,0.319706275524256,0.0,2,15,Student
38,174,True,0.4916099383257625,0.0,0,34,White Collar
38,175,False,0.1841729708671041,0.0,2,15,Student
38,176,True,0.0293922497739453,0.0,1,37,Blue Collar
38,177,True,0.4383244007111607,0.0,3,18,Retired
38,178,True,0.2201991781916555,0.0,1,36,Blue Collar
38,179,True,0.1272898020531447,0.0,1,48,Blue Collar
38,180,True,0.5623099425360222,0.0,1,85,Blue Collar
38,181,False,0.1351692568264888,0.0,2,38,Student
38,182,True,0.1892652527031718,0.0,1,6,Blue Collar
38,183,True,0.2788522124309327,0.0,2,7,Student
38,184,True,0.2584988688589334,0.0,1,14,Blue Collar
38,185,True,0.1713624183536284,0.0,1,9,Blue Collar
38,186,False,0.3902904125361203,0.0,2,40,Student
38,187,False,0.1388409287646581,0.0,1,59,Blue Collar
38,188,False,0.4659217194194351,0.0,2,36,Student
38,189,True,0.6157519764816631,0.0,2,23,Student
38,190,True,0.3073799210471541,0.0,3,37,Retired
38,191,True,0.3116610941567272,0.0,1,28,Blue Collar
38,192,True,0.1347012643177103,0.0,0,34,White Collar
38,193,True,0.7239031844967967,0.0,0,64,White Collar
38,194,False,0.1191002777077864,0.0,0,18,White Collar
38,195,False,0.2853857889201115,0.0,0,49,White Collar
38,196,True,0.514309690041867,0.0,1,16,Blue Collar
38,197,True,0.15648979507517,0.0,0,18,White Collar
38,198,False,0.2605575260313472,0.0,0,96,White Collar
38,199,False,0.1398135905354235,0.0,0,46,White Collar
38,200,False,0.388093991336372,0.0,1,31,Blue Collar
38,201,True,0.4641645770320866,0.0,0,29,White Collar
38,202,False,0.1284580477416679,0.0,1,57,Blue Collar
38,203,False,0.0552063959733059,0.0,0,55,White Collar
38,204,True,0.0172791270801268,0.0,1,34,Blue Collar
38,205,True,0.1592498686850636,0.0,2,36,Student
38,206,True,0.2667449952728772,0.0,2,56,Student
38,207,True,0.529692033598347,0.0,1,48,Blue Collar
38,208,True,0.3071017670062408,0.0,2,13,Student
38,209,False,0.2504805636294226,0.0,3,95,Retired
38,210,True,0.4035583213875158,0.0,0,9,White Collar
38,211,True,0.3696214928596068,0.0,2,56,Student
38,212,False,0.2207809777676418,0.0,0,38,White Collar
38,213,True,0.0907414859941739,0.0,1,49,Blue Collar
38,214,True,0.4262985613707276,0.0,0,35,White Collar
38,215,False,0.3076570372812911,0.0,0,59,White Collar
38,216,False,0.0868688695425104,0.0,0,55,White Collar
38,217,True,0.3198826790647721,0.0,0,36,White Collar
38,218,False,0.1724594545811701,0.0,2,63,Student
38,219,True,0.5236077465948994,0.0,2,54,Student
38,220,False,0.144113060499894,0.0,0,53,White Collar
38,221,True,0.4369016405600799,0.0,0,45,White Collar
38,222,False,0.5620366156958401,0.0,0,37,White Collar
38,223,False,0.2038808086447868,0.0,0,44,White Collar
38,224,True,0.2652600697023149,0.0,1,54,Blue Collar
38,225,False,0.342996453032718,0.0,0,8,White Collar
38,226,False,0.3081745146780117,0.0,1,51,Blue Collar
38,227,False,0.0784764086339576,0.0,1,29,Blue Collar
38,228,False,0.2041784285394985,0.0,2,36,Student
38,229,True,0.4675748017124985,0.0,3,50,Retired
38,230,True,0.2244438821429141,0.0,1,22,Blue Collar
38,231,True,0.5642742600782021,0.0,1,5,Blue Collar
38,232,True,0.4583638031993273,0.0,0,1,White Collar
38,233,False,0.2287323521569573,0.0,0,16,White Collar
38,234,False,0.1941625323271394,0.0,2,5,Student
38,235,False,0.1140487847503583,0.0,0,48,White Collar
38,236,True,0.1188638980722389,0.0,0,39,White Collar
38,237,False,0.224300325608497,0.0,3,14,Retired
38,238,True,0.1748455929095408,0.0,3,14,Retired
38,239,True,0.2381018443075495,0.0,1,32,Blue Collar
38,240,True,0.4379433493911621,0.0,1,31,Blue Collar
38,241,True,0.3050820962749862,0.0,0,30,White Collar
38,242,True,0.4110151238583872,0.0,0,40,White Collar
38,243,False,0.2384113862023676,0.0,1,65,Blue Collar
38,244,False,0.3055585620380799,0.0,1,56,Blue Collar
38,245,False,0.2243119866738172,0.0,1,48,Blue Collar
38,246,True,0.2283035041843001,0.0,0,60,White Collar
38,247,True,0.601389322500987,0.0,1,62,Blue Collar
38,248,True,0.1861016376343618,0.0,0,68,White Collar
38,249,True,0.3322376533914182,0.0,2,23,Student
38,250,True,0.1535906531023021,0.0,2,46,Student
38,251,False,0.5895945688191788,0.0,0,52,White Collar
38,252,False,0.1360111358496654,0.0,3,49,Retired
38,253,False,0.1452923245069306,0.0,1,84,Blue Collar
38,254,True,0.4696325075583425,0.0,2,2,Student
38,255,True,0.3470548878739906,0.0,1,64,Blue Collar
38,256,False,0.2243778179558153,0.0,0,58,White Collar
38,257,False,0.380680807328598,0.0,2,17,Student
38,258,False,0.2527384697197175,0.0,0,49,White Collar
38,259,True,0.1918417920208668,0.0,1,72,Blue Collar
38,260,False,0.217770879130423,0.0,0,58,White Collar
38,261,True,0.5469541833338392,0.0,1,61,Blue Collar
38,262,True,0.4320278193633133,0.0,2,32,Student
38,263,False,0.337528941637207,0.0,2,15,Student
38,264,True,0.2801225539599779,0.0,0,31,White Collar
38,265,False,0.2046927163646063,0.0,0,58,White Collar
38,266,True,0.1978288911575661,0.0,1,13,Blue Collar
38,267,True,0.4200987516052237,0.0,2,49,Student
38,268,False,0.0945684310647346,0.0,1,26,Blue Collar
38,269,True,0.0683369109310005,0.0,3,58,Retired
38,270,True,0.3733711511916154,0.0,2,8,Student
38,271,True,0.1814974593978298,0.0,2,55,Student
38,272,False,0.4688203508208859,0.0,2,41,Student
38,273,False,0.4418376196321603,0.0,2,79,Student
38,274,True,0.2731195652421582,0.0,1,25,Blue Collar
38,275,True,0.4417392325829916,0.0,2,60,Student
38,276,True,0.4514994659346463,0.0,0,4,White Collar
38,277,False,0.5143025110676812,0.0,2,0,Student
38,278,True,0.1984804228376855,0.0,0,59,White Collar
38,279,False,0.0562449592429087,0.0,0,13,White Collar
38,280,True,0.0130969161112021,0.0,0,30,White Collar
38,281,True,0.4422153449338335,0.0,2,38,Student
38,282,False,0.2563288233480382,0.0,0,57,White Collar
38,283,True,0.1200803715075963,0.0,1,15,Blue Collar
38,284,False,0.2906548683413762,0.0,2,14,Student
38,285,False,0.248426499061781,0.0,2,43,Student
38,286,True,0.273114962563885,0.0,0,29,White Collar
38,287,True,0.2310327453733966,0.0,1,35,Blue Collar
38,288,True,0.3977583849607771,0.0,1,61,Blue Collar
38,289,True,0.1228099507461072,0.0,0,47,White Collar
38,290,True,0.2443124657062036,0.0,0,33,White Collar
38,291,False,0.1690550311731764,0.0,1,29,Blue Collar
38,292,False,0.3630143517577401,0.0,2,15,Student
38,293,False,0.1593915793032425,0.0,1,3,Blue Collar
38,294,True,0.0980124610961424,0.0,0,1,White Collar
38,295,False,0.325874443929199,0.0,0,22,White Collar
38,296,False,0.3065108052415546,0.0,1,93,Blue Collar
38,297,True,0.0767121836501658,0.0,0,85,White Collar
38,298,True,0.4728620841435421,0.0,0,40,White Collar
38,299,True,0.3157011011273116,0.0,0,36,White Collar
38,300,False,0.2063096419420389,0.0,1,32,Blue Collar
38,301,True,0.0386729386542437,0.0,1,60,Blue Collar
38,302,True,0.4168670056078366,0.0,1,62,Blue Collar
38,303,False,0.3052640817200645,0.0,3,9,Retired
38,304,True,0.360409463644948,0.0,0,4,White Collar
38,305,True,0.3196523721264053,0.0,2,0,Student
38,306,False,0.0603920315480385,0.0,0,33,White Collar
38,307,False,0.2176756192715158,0.0,3,65,Retired
38,308,False,0.4233910425225104,0.0,2,45,Student
38,309,False,0.0857535961606485,0.0,0,49,White Collar
38,310,False,0.241142100263168,0.0,0,54,White Collar
38,311,False,0.1068213695009309,0.0,2,13,Student
38,312,True,0.3939974320667165,0.0,1,35,Blue Collar
38,313,True,0.2557226333708657,0.0,2,38,Student
38,314,False,0.3840811292272226,0.0,1,74,Blue Collar
38,315,True,0.3661458059524538,0.0,1,15,Blue Collar
38,316,True,0.5816434885743039,0.0,0,26,White Collar
38,317,True,0.5621775612709531,0.0,0,43,White Collar
38,318,False,0.0884444403006964,0.0,3,33,Retired
38,319,True,0.3446235300029249,0.0,0,37,White Collar
38,320,True,0.6095654722173228,0.0,2,31,Student
38,321,True,0.3141309765261968,0.0,0,60,White Collar
38,322,False,0.6479463612947148,0.0,1,32,Blue Collar
38,323,True,0.2265019195492524,0.0,2,35,Student
38,324,False,0.4532267059451018,0.0,0,48,White Collar
38,325,False,0.5996218506997747,0.0,0,22,White Collar
38,326,True,0.1362318623539835,0.0,1,52,Blue Collar
38,327,True,0.2361379497655822,0.0,2,48,Student
38,328,False,0.6046614565204121,0.0,1,4,Blue Collar
38,329,False,0.2920487185984639,0.0,0,15,White Collar
38,330,False,0.4004222737895427,0.0,3,40,Retired
38,331,True,0.4507710944195557,0.0,0,60,White Collar
38,332,True,0.1848018664101324,0.0,2,33,Student
38,333,True,0.4101929338053977,0.0,0,27,White Collar
38,334,False,0.34973434990572,0.0,0,14,White Collar
38,335,True,0.1756191969893639,0.0,1,43,Blue Collar
38,336,False,0.2052622268743936,0.0,0,16,White Collar
38,337,False,0.6085560017364287,0.0,0,68,White Collar
38,338,False,0.141658770535373,0.0,1,51,Blue Collar
38,339,True,0.43593946275941,0.0,2,94,Student
38,340,True,0.3082365330185971,0.0,0,21,White Collar
38,341,True,0.4550063988010734,0.0,3,33,Retired
38,342,False,0.4275490847618506,0.0,0,52,White Collar
38,343,False,0.2781861683282088,0.0,1,29,Blue Collar
38,344,True,0.1852405523576611,0.0,2,51,Student
38,345,False,0.5553171992560851,0.0,0,50,White Collar
38,346,True,0.5031820579410835,0.0,0,75,White Collar
38,347,True,0.3218467203585847,0.0,0,11,White Collar
38,348,True,0.2940375021670958,0.0,0,45,White Collar
38,349,False,0.1254493851034331,0.0,1,31,Blue Collar
38,350,False,0.4444012505601111,0.0,2,16,Student
38,351,False,0.5757688148776429,0.0,0,19,White Collar
38,352,False,0.1238108655661201,0.0,2,34,Student
38,353,False,0.1417424749206275,0.0,1,9,Blue Collar
38,354,False,0.1872751990226918,0.0,1,64,Blue Collar
38,355,True,0.1912672864319361,0.0,2,38,Student
38,356,False,0.2750086185191396,0.0,1,5,Blue Collar
38,357,True,0.2594732652222252,0.0,3,26,Retired
38,358,False,0.1160173375309619,0.0,2,55,Student
38,359,True,0.5878548997680135,0.0,3,96,Retired
38,360,False,0.141844276079871,0.0,3,59,Retired
38,361,False,0.2670940915387836,0.0,0,31,White Collar
38,362,False,0.1693494018369503,0.0,1,6,Blue Collar
38,363,False,0.5051295998717548,0.0,0,39,White Collar
38,364,False,0.2152263011559128,0.0,1,99,Blue Collar
38,365,False,0.3026792843884116,0.0,0,49,White Collar
38,366,True,0.6043368946581595,0.0,3,43,Retired
38,367,False,0.2264428247113664,0.0,3,30,Retired
38,368,True,0.3300102349170474,0.0,2,30,Student
38,369,False,0.1552676357183774,0.0,0,19,White Collar
38,370,False,0.2640383541633144,0.0,1,51,Blue Collar
38,371,True,0.3870555710169233,0.0,1,34,Blue Collar
38,372,True,0.1219581579427709,0.0,1,55,Blue Collar
38,373,False,0.2307343681279402,0.0,1,6,Blue Collar
38,374,True,0.3374328449762505,0.0,0,57,White Collar
38,375,True,0.0724104629791323,0.0,2,22,Student
38,376,True,0.3782207354851397,0.0,2,55,Student
38,377,False,0.3194343997975769,0.0,2,36,Student
38,378,True,0.1972597201780969,0.0,0,23,White Collar
38,379,False,0.287172100514021,0.0,0,37,White Collar
38,380,True,0.6008221918617068,0.0,2,11,Student
38,381,False,0.0971226057228562,0.0,0,35,White Collar
38,382,False,0.2750073539162113,0.0,0,39,White Collar
38,383,False,0.5045933992123101,0.0,1,52,Blue Collar
38,384,False,0.1595183596132539,0.0,2,61,Student
38,385,True,0.2144434659745125,0.0,2,45,Student
38,386,True,0.4631573276497399,0.0,1,46,Blue Collar
38,387,False,0.278102406698222,0.0,1,96,Blue Collar
38,388,True,0.185040538482732,0.0,2,14,Student
38,389,False,0.1145555589074245,0.0,0,42,White Collar
38,390,True,0.4228950555098883,0.0,0,36,White Collar
38,391,True,0.6440679634524121,0.0,0,50,White Collar
38,392,True,0.3083255266751108,0.0,0,51,White Collar
38,393,True,0.4105774245043222,0.0,1,31,Blue Collar
38,394,False,0.1960542058844075,0.0,0,24,White Collar
38,395,True,0.1388747735087824,0.0,0,99,White Collar
38,396,False,0.0985267612391955,0.0,1,32,Blue Collar
38,397,False,0.3672611312390035,0.0,2,29,Student
38,398,True,0.5073793345737749,0.0,1,33,Blue Collar
38,399,False,0.2364619685412546,0.0,0,52,White Collar
38,400,False,0.4056361401586,0.0,0,93,White Collar
38,401,False,0.2649097709889378,0.0,1,70,Blue Collar
38,402,False,0.3808117943964557,0.0,2,40,Student
38,403,False,0.2253317470448952,0.0,1,62,Blue Collar
38,404,False,0.0451536951706062,0.0,0,11,White Collar
38,405,False,0.1643660328395617,0.0,1,4,Blue Collar
38,406,True,0.1914306997277393,0.0,0,21,White Collar
38,407,False,0.2616461141449531,0.0,0,39,White Collar
38,408,False,0.3563937219389386,0.0,0,5,White Collar
38,409,False,0.0807393667249193,0.0,1,27,Blue Collar
38,410,False,0.1084574754788678,0.0,0,38,White Collar
38,411,False,0.2455266465423252,0.0,2,22,Student
38,412,False,0.5453972463065507,0.0,3,14,Retired
38,413,True,0.3355411391283527,0.0,1,86,Blue Collar
38,414,True,0.1119325748862738,0.0,1,28,Blue Collar
38,415,True,0.0786186195421999,0.0,1,63,Blue Collar
38,416,True,0.2232495599779229,0.0,3,22,Retired
38,417,False,0.2393448930531098,0.0,2,34,Student
38,418,True,0.4691650839986767,0.0,2,36,Student
38,419,True,0.1093010128782776,0.0,3,12,Retired
38,420,True,0.350841738423868,0.0,1,32,Blue Collar
38,421,False,0.1147332768168895,0.0,0,70,White Collar
38,422,False,0.5209560844968074,0.0,1,36,Blue Collar
38,423,True,0.4629191165410449,0.0,0,93,White Collar
38,424,False,0.4458084306295856,0.0,2,57,Student
38,425,True,0.4507456473585096,0.0,0,26,White Collar
38,426,False,0.207768701685737,0.0,0,43,White Collar
38,427,False,0.5530846398930729,0.0,1,23,Blue Collar
38,428,True,0.2414057853315312,0.0,0,5,White Collar
38,429,False,0.3521991446239845,0.0,1,10,Blue Collar
38,430,False,0.5623335554103934,0.0,2,41,Student
38,431,False,0.066028107172517,0.0,1,49,Blue Collar
38,432,True,0.4780103627939779,0.0,2,39,Student
38,433,False,0.3619557421910525,0.0,3,39,Retired
38,434,True,0.4016190764260652,0.0,0,62,White Collar
38,435,True,0.1447690887902211,0.0,0,46,White Collar
38,436,False,0.1485361833971406,0.0,2,38,Student
38,437,True,0.2673122822770018,0.0,3,30,Retired
38,438,False,0.2665058948831771,0.0,2,36,Student
38,439,False,0.2016844401116823,0.0,2,14,Student
38,440,True,0.5191348577625704,0.0,1,31,Blue Collar
38,441,False,0.0125769688314679,0.0,1,76,Blue Collar
38,442,False,0.230059532111924,0.0,1,47,Blue Collar
38,443,True,0.0891624767452996,0.0,1,34,Blue Collar
38,444,False,0.5437183231209585,0.0,0,12,White Collar
38,445,True,0.3380641675028336,0.0,2,30,Student
38,446,False,0.2209937767876525,0.0,1,39,Blue Collar
38,447,True,0.1223216696690601,0.0,0,3,White Collar
38,448,True,0.327157746156919,0.0,0,65,White Collar
38,449,False,0.0999748268202887,0.0,2,17,Student
38,450,True,0.3375920398739411,0.0,0,16,White Collar
38,451,True,0.5828544730774738,0.0,1,60,Blue Collar
38,452,False,0.5490326088038333,0.0,0,91,White Collar
38,453,False,0.1444002153105774,0.0,1,30,Blue Collar
38,454,True,0.5397886850088234,0.0,2,35,Student
38,455,False,0.0491039142380159,0.0,0,56,White Collar
38,456,False,0.2269298672078842,0.0,0,45,White Collar
38,457,False,0.1507116244682386,0.0,0,9,White Collar
38,458,False,0.0397742668078514,0.0,1,34,Blue Collar
38,459,True,0.4199586775519187,0.0,0,52,White Collar
38,460,False,0.4703209324057288,0.0,1,28,Blue Collar
38,461,True,0.4593225624256609,0.0,0,41,White Collar
38,462,True,0.2928697416440324,0.0,0,65,White Collar
38,463,False,0.3253208111970423,0.0,2,15,Student
38,464,False,0.608299740483025,0.0,2,53,Student
38,465,True,0.227995917813659,0.0,2,3,Student
38,466,True,0.3285833899501695,0.0,1,32,Blue Collar
38,467,True,0.188908839828141,0.0,1,56,Blue Collar
38,468,True,0.4759491652842039,0.0,0,4,White Collar
38,469,True,0.4619524675485082,0.0,0,96,White Collar
38,470,True,0.3355219672420451,0.0,0,17,White Collar
38,471,True,0.2913305263540643,0.0,1,64,Blue Collar
38,472,False,0.3010360813901332,0.0,2,34,Student
38,473,True,0.3271906689077269,0.0,3,26,Retired
38,474,False,0.0676409928670715,0.0,2,63,Student
38,475,True,0.3328039645201829,0.0,0,30,White Collar
38,476,True,0.5689403837780267,0.0,2,50,Student
38,477,False,0.1687368232740908,0.0,1,31,Blue Collar
38,478,False,0.3234785077429782,0.0,2,50,Student
38,479,False,0.2595142364225923,0.0,1,14,Blue Collar
38,480,False,0.2107341076181594,0.0,0,36,White Collar
38,481,False,0.4454389315848823,0.0,1,22,Blue Collar
38,482,True,0.1925251778170265,0.0,3,40,Retired
38,483,False,0.4215730229751968,0.0,0,22,White Collar
38,484,True,0.3147556062634345,0.0,2,4,Student
38,485,False,0.089175148068904,0.0,1,92,Blue Collar
38,486,False,0.1813974974553684,0.0,2,39,Student
38,487,True,0.2888520759798477,0.0,2,39,Student
38,488,False,0.1912204640490106,0.0,0,48,White Collar
38,489,False,0.254632025981011,0.0,0,77,White Collar
38,490,True,0.2626091579593145,0.0,3,68,Retired
38,491,False,0.1868577020761625,0.0,1,28,Blue Collar
38,492,True,0.1235656832485277,0.0,3,22,Retired
38,493,False,0.3590902667010948,0.0,0,39,White Collar
38,494,False,0.0072479127321231,0.0,0,98,White Collar
38,495,True,0.2254122917396397,0.0,1,5,Blue Collar
38,496,True,0.3682584032090778,0.0,1,41,Blue Collar
38,497,False,0.4700537573475749,0.0,2,25,Student
38,498,True,0.2334079593854568,0.0,0,54,White Collar
38,499,True,0.604550623924786,0.0,3,46,Retired
38,500,False,0.1116182558215075,0.0,0,66,White Collar
38,501,True,0.2918006363881575,0.0,0,51,White Collar
38,502,False,0.2436788503320043,0.0,1,11,Blue Collar
38,503,False,0.0911729007382388,0.0,2,9,Student
38,504,True,0.3423826121689441,0.0,1,85,Blue Collar
38,505,False,0.2613583638874165,0.0,1,89,Blue Collar
38,506,True,0.1054542174997974,0.0,0,4,White Collar
38,507,True,0.3394195895177768,0.0,3,36,Retired
38,508,True,0.0667440465050857,0.0,1,47,Blue Collar
38,509,True,0.3948447858495602,0.0,0,21,White Collar
38,510,False,0.1701597344690188,0.0,2,37,Student
38,511,True,0.6912093386389426,0.0,0,78,White Collar
38,512,False,0.1701650430716366,0.0,0,35,White Collar
38,513,False,0.259658072094199,0.0,2,56,Student
38,514,False,0.3408592494335257,0.0,2,55,Student
38,515,False,0.1936145912070428,0.0,0,36,White Collar
38,516,True,0.4421189571746821,0.0,0,53,White Collar
38,517,False,0.2918146343826823,0.0,2,21,Student
38,518,True,0.0431616328618451,0.0,3,1,Retired
38,519,False,0.0852628517039114,0.0,0,68,White Collar
38,520,False,0.4737658354893495,0.0,0,13,White Collar
38,521,False,0.2739533039710695,0.0,0,31,White Collar
38,522,True,0.2373952074488494,0.0,2,58,Student
38,523,False,0.2670788820929144,0.0,0,17,White Collar
38,524,False,0.1034879707346583,0.0,1,66,Blue Collar
38,525,False,0.2279511321623418,0.0,0,36,White Collar
38,526,False,0.2627333305254055,0.0,0,33,White Collar
38,527,False,0.6891140409001313,0.0,2,73,Student
38,528,False,0.2505649400674639,0.0,2,41,Student
38,529,False,0.2446496929766223,0.0,0,33,White Collar
38,530,True,0.2767384149382149,0.0,0,1,White Collar
38,531,True,0.2722051205048573,0.0,2,20,Student
38,532,True,0.2299484569093162,0.0,0,37,White Collar
38,533,True,0.4257053209843408,0.0,2,51,Student
38,534,True,0.2227111874163941,0.0,2,99,Student
38,535,False,0.4773689304451496,0.0,1,18,Blue Collar
38,536,False,0.2310129865169898,0.0,0,54,White Collar
38,537,False,0.4314435361946498,0.0,1,39,Blue Collar
38,538,True,0.3868797602101907,0.0,0,32,White Collar
38,539,False,0.208678135078325,0.0,0,17,White Collar
38,540,False,0.0900249981999672,0.0,1,23,Blue Collar
38,541,False,0.6038569167009646,0.0,0,32,White Collar
38,542,True,0.2265233252301209,0.0,0,25,White Collar
38,543,True,0.3042970610133372,0.0,2,30,Student
38,544,False,0.1646258613749868,0.0,0,8,White Collar
38,545,True,0.1823972362349482,0.0,2,2,Student
38,546,True,0.4766491048877699,0.0,2,58,Student
38,547,True,0.5264086385938195,0.0,3,85,Retired
38,548,True,0.3609203123415569,0.0,1,73,Blue Collar
38,549,False,0.2509553296201303,0.0,0,79,White Collar
38,550,False,0.3835316726535463,0.0,0,28,White Collar
38,551,True,0.1959117186620537,0.0,0,27,White Collar
38,552,False,0.2976150813463317,0.0,1,34,Blue Collar
38,553,False,0.1323735027451481,0.0,0,29,White Collar
38,554,True,0.126311680440905,0.0,2,23,Student
38,555,False,0.3547665226580853,0.0,0,32,White Collar
38,556,True,0.3219807096428471,0.0,1,37,Blue Collar
38,557,False,0.310809260614259,0.0,0,62,White Collar
38,558,False,0.2266135263526242,0.0,1,39,Blue Collar
38,559,False,0.3116613226660596,0.0,2,52,Student
38,560,True,0.1721735905143979,0.0,3,36,Retired
38,561,True,0.0414669752128248,0.0,3,21,Retired
38,562,False,0.2761974130074415,0.0,2,54,Student
38,563,False,0.094253560316938,0.0,2,4,Student
38,564,False,0.4118445340829866,0.0,1,38,Blue Collar
38,565,False,0.5157009792685964,0.0,2,97,Student
38,566,False,0.6342283268293691,0.0,0,19,White Collar
38,567,False,0.2717021731900056,0.0,0,67,White Collar
38,568,True,0.1611555559536509,0.0,2,24,Student
38,569,True,0.3019616530585536,0.0,1,6,Blue Collar
38,570,True,0.2474761658633007,0.0,2,31,Student
38,571,False,0.2773672197869529,0.0,3,26,Retired
38,572,True,0.4722249959604593,0.0,1,43,Blue Collar
38,573,False,0.2190395136759253,0.0,0,43,White Collar
38,574,False,0.2513040412624526,0.0,2,39,Student
38,575,False,0.1344989142255937,0.0,1,32,Blue Collar
38,576,True,0.2575375190463321,0.0,1,72,Blue Collar
38,577,True,0.5758311543371692,0.0,0,37,White Collar
38,578,True,0.1747889880746776,0.0,1,8,Blue Collar
38,579,True,0.4404393990716352,0.0,2,10,Student
38,580,False,0.239968723155057,0.0,3,12,Retired
38,581,False,0.4457504855829945,0.0,1,37,Blue Collar
38,582,False,0.4181457323941839,0.0,0,51,White Collar
38,583,True,0.1247787246488094,0.0,1,63,Blue Collar
38,584,False,0.4135696874278296,0.0,2,69,Student
38,585,False,0.0855221607194543,0.0,3,12,Retired
38,586,True,0.102384952851844,0.0,0,55,White Collar
38,587,False,0.2285050887405005,0.0,2,93,Student
38,588,True,0.5466614162505907,0.0,0,38,White Collar
38,589,False,0.3510850322437097,0.0,2,8,Student
38,590,False,0.1394105760462668,0.0,0,64,White Collar
38,591,False,0.0536995154899485,0.0,0,9,White Collar
38,592,False,0.3806987361056626,0.0,2,2,Student
38,593,True,0.2794224044294483,0.0,2,32,Student
38,594,False,0.3066911814390244,0.0,0,38,White Collar
38,595,True,0.3430330836467324,0.0,0,28,White Collar
38,596,True,0.476114544370721,0.0,3,58,Retired
38,597,True,0.2554704259647891,0.0,1,24,Blue Collar
38,598,True,0.5012006017832084,0.0,0,27,White Collar
38,599,True,0.154006662960799,0.0,0,32,White Collar
38,600,False,0.0632323404051646,0.0,1,26,Blue Collar
38,601,True,0.4483454588827538,0.0,2,55,Student
38,602,False,0.1099758633977806,0.0,1,87,Blue Collar
38,603,True,0.2998031027074426,0.0,0,55,White Collar
38,604,True,0.5363077304756033,0.0,2,60,Student
38,605,False,0.0670542699936395,0.0,0,78,White Collar
38,606,False,0.3373425781481131,0.0,0,29,White Collar
38,607,True,0.0616375155621336,0.0,1,37,Blue Collar
38,608,False,0.2669105924136806,0.0,0,31,White Collar
38,609,True,0.0146819331277921,0.0,2,17,Student
38,610,True,0.0929129012701737,0.0,3,14,Retired
38,611,True,0.1620845901138898,0.0,2,63,Student
38,612,True,0.0555877186492738,0.0,0,62,White Collar
38,613,True,0.3628731421368042,0.0,2,40,Student
38,614,False,0.326185553069642,0.0,3,33,Retired
38,615,True,0.5516768599767246,0.0,3,35,Retired
38,616,True,0.1099186560623747,0.0,1,20,Blue Collar
38,617,False,0.2171848103951794,0.0,0,58,White Collar
38,618,False,0.0782209788311515,0.0,1,7,Blue Collar
38,619,True,0.1767688055025618,0.0,0,42,White Collar
38,620,True,0.5954379734962468,0.0,0,65,White Collar
38,621,True,0.3971726866093809,0.0,0,3,White Collar
38,622,True,0.1055672064555032,0.0,1,37,Blue Collar
38,623,False,0.0311859105555057,0.0,1,33,Blue Collar
38,624,False,0.0279579619790819,0.0,3,30,Retired
38,625,True,0.3679765943353593,0.0,2,21,Student
38,626,True,0.159129571300425,0.0,0,9,White Collar
38,627,False,0.7380869638355531,0.0,0,30,White Collar
38,628,False,0.2436991769678001,0.0,2,51,Student
38,629,False,0.170977740591307,0.0,1,41,Blue Collar
38,630,False,0.0807239819987891,0.0,3,46,Retired
38,631,True,0.4477791997522805,0.0,2,36,Student
38,632,True,0.197351654715525,0.0,1,80,Blue Collar
38,633,False,0.2614729695537015,0.0,0,13,White Collar
38,634,False,0.2791904822094437,0.0,0,55,White Collar
38,635,False,0.2492464228769708,0.0,0,47,White Collar
38,636,True,0.3888004532026781,0.0,2,59,Student
38,637,False,0.0898309777348184,0.0,2,10,Student
38,638,True,0.2393537041475697,0.0,0,56,White Collar
38,639,False,0.2004520499405746,0.0,0,38,White Collar
38,640,True,0.4009969437535314,0.0,1,33,Blue Collar
38,641,False,0.4674355152035755,0.0,3,50,Retired
38,642,True,0.1279157924541819,0.0,2,51,Student
38,643,True,0.403734941984525,0.0,0,4,White Collar
38,644,False,0.0894865576156005,0.0,0,12,White Collar
38,645,True,0.2478156639906327,0.0,3,39,Retired
38,646,False,0.26449203451846,0.0,2,9,Student
38,647,True,0.4549932251283338,0.0,1,20,Blue Collar
38,648,True,0.3895079338725103,0.0,1,25,Blue Collar
38,649,True,0.0971817728565808,0.0,0,34,White Collar
38,650,True,0.3828986050331805,0.0,0,55,White Collar
38,651,False,0.297838427885603,0.0,0,7,White Collar
38,652,True,0.5903979088514874,0.0,1,24,Blue Collar
38,653,False,0.1760983318750708,0.0,0,56,White Collar
38,654,False,0.2144134952920709,0.0,1,17,Blue Collar
38,655,True,0.6204682337798468,0.0,1,42,Blue Collar
38,656,False,0.4872331449600042,0.0,2,32,Student
38,657,True,0.0962069245149607,0.0,1,50,Blue Collar
38,658,False,0.2496558034719668,0.0,0,21,White Collar
38,659,False,0.341237799092246,0.0,2,48,Student
38,660,True,0.4009150563139554,0.0,1,63,Blue Collar
38,661,False,0.1179359076194324,0.0,1,47,Blue Collar
38,662,True,0.5572754113921149,0.0,0,36,White Collar
38,663,True,0.0629427880187678,0.0,0,28,White Collar
38,664,False,0.1229522065476816,0.0,1,62,Blue Collar
38,665,True,0.5302969759506505,0.0,3,54,Retired
38,666,True,0.2709993961105075,0.0,1,45,Blue Collar
38,667,False,0.2770890275188418,0.0,1,10,Blue Collar
38,668,True,0.301184192228817,0.0,2,56,Student
38,669,True,0.1401494015576146,0.0,0,53,White Collar
38,670,False,0.0737337849011167,0.0,0,43,White Collar
38,671,True,0.3291565105170932,0.0,0,52,White Collar
38,672,True,0.359768584824016,0.0,1,21,Blue Collar
38,673,True,0.3097774732702404,0.0,1,52,Blue Collar
38,674,False,0.180350414287884,0.0,1,32,Blue Collar
38,675,False,0.1104932580161498,0.0,0,28,White Collar
38,676,True,0.2268526189451653,0.0,1,34,Blue Collar
38,677,True,0.6389059701703222,0.0,2,42,Student
38,678,False,0.2431391535156832,0.0,3,22,Retired
38,679,True,0.2159680460480785,0.0,2,32,Student
38,680,True,0.2485571743584797,0.0,2,9,Student
38,681,True,0.2374704597128737,0.0,0,39,White Collar
38,682,True,0.5319284493276698,0.0,2,61,Student
38,683,False,0.3904389243462244,0.0,0,26,White Collar
38,684,True,0.1697375890428857,0.0,0,6,White Collar
38,685,False,0.204026175015018,0.0,0,40,White Collar
38,686,False,0.2549263267105989,0.0,3,22,Retired
38,687,True,0.2890608269629373,0.0,2,2,Student
38,688,True,0.1407896901376907,0.0,0,44,White Collar
38,689,True,0.1884686348827569,0.0,1,4,Blue Collar
38,690,True,0.5651992012277928,0.0,2,18,Student
38,691,False,0.5441384134079766,0.0,1,25,Blue Collar
38,692,True,0.2074958132489381,0.0,0,40,White Collar
38,693,True,0.1937947313120766,0.0,1,45,Blue Collar
38,694,True,0.3917365978571069,0.0,0,32,White Collar
38,695,True,0.0549042835324885,0.0,2,21,Student
38,696,False,0.513200034727355,0.0,1,50,Blue Collar
38,697,True,0.1680138488305095,0.0,1,62,Blue Collar
38,698,False,0.3498451382963249,0.0,1,47,Blue Collar
38,699,False,0.0647089915680699,0.0,0,7,White Collar
38,700,True,0.3992098512519557,0.0,2,38,Student
38,701,False,0.3602074853627584,0.0,3,11,Retired
38,702,True,0.3368158164406375,0.0,0,59,White Collar
38,703,True,0.1256675155755714,0.0,3,15,Retired
38,704,True,0.186745643052941,0.0,2,2,Student
38,705,False,0.3090542956810058,0.0,0,91,White Collar
38,706,False,0.1611047165510067,0.0,0,32,White Collar
38,707,False,0.156019393834899,0.0,1,58,Blue Collar
38,708,False,0.4891720840330514,0.0,3,35,Retired
38,709,False,0.0405952160464261,0.0,0,10,White Collar
38,710,True,0.5013100171730703,0.0,1,62,Blue Collar
38,711,True,0.125480123667906,0.0,2,26,Student
38,712,True,0.3783262469877855,0.0,1,33,Blue Collar
38,713,True,0.3222129037148611,0.0,1,62,Blue Collar
38,714,False,0.1213622535720952,0.0,2,63,Student
38,715,True,0.164766719941082,0.0,1,35,Blue Collar
38,716,True,0.4210690230658028,0.0,1,4,Blue Collar
38,717,True,0.2230656431040991,0.0,1,44,Blue Collar
38,718,True,0.7475416808203147,0.0,0,49,White Collar
38,719,True,0.1765326311521286,0.0,0,70,White Collar
38,720,False,0.1693998756977423,0.0,2,18,Student
38,721,False,0.1012367631091599,0.0,1,59,Blue Collar
38,722,True,0.1552197678852778,0.0,2,41,Student
38,723,False,0.2516719879928031,0.0,0,34,White Collar
38,724,True,0.6988438963940432,0.0,0,1,White Collar
38,725,False,0.1628761947287865,0.0,2,54,Student
38,726,False,0.035861074519571,0.0,0,86,White Collar
38,727,True,0.1868926162656133,0.0,1,35,Blue Collar
38,728,True,0.2802197590789023,0.0,3,35,Retired
38,729,True,0.5039853388745347,0.0,1,14,Blue Collar
38,730,True,0.2905356993774629,0.0,0,21,White Collar
38,731,False,0.2137032540043945,0.0,1,37,Blue Collar
38,732,False,0.1742040407701023,0.0,0,30,White Collar
38,733,True,0.3991960073625363,0.0,1,47,Blue Collar
38,734,False,0.2659319496638474,0.0,2,45,Student
38,735,False,0.4020401338219225,0.0,1,30,Blue Collar
38,736,True,0.1054043592980552,0.0,2,10,Student
38,737,False,0.1896220786800948,0.0,0,64,White Collar
38,738,False,0.3548328182831716,0.0,0,92,White Collar
38,739,False,0.0785174307392475,0.0,2,83,Student
38,740,True,0.123504889954708,0.0,0,57,White Collar
38,741,False,0.2413778454503063,0.0,0,21,White Collar
38,742,False,0.4688543103047804,0.0,2,53,Student
38,743,True,0.5491671814360513,0.0,2,23,Student
38,744,True,0.1320866566288173,0.0,1,31,Blue Collar
38,745,True,0.2989363140201345,0.0,2,27,Student
38,746,True,0.5146805029932751,0.0,2,18,Student
38,747,True,0.4008971368260078,0.0,0,29,White Collar
38,748,False,0.2842255949831302,0.0,0,79,White Collar
38,749,False,0.317544110113382,0.0,2,43,Student
38,750,True,0.1384834698703489,0.0,1,63,Blue Collar
38,751,True,0.2009712364540103,0.0,2,45,Student
38,752,False,0.2418896431622072,0.0,2,35,Student
38,753,True,0.2295611941890383,0.0,2,46,Student
38,754,True,0.2156860757163646,0.0,2,36,Student
38,755,True,0.1231095801822028,0.0,2,45,Student
38,756,True,0.5160624858560737,0.0,2,48,Student
38,757,True,0.2623139249573352,0.0,3,39,Retired
38,758,False,0.2309942687514944,0.0,2,21,Student
38,759,False,0.0959512859344814,0.0,1,94,Blue Collar
38,760,True,0.340353357371217,0.0,2,51,Student
38,761,False,0.1569467002743433,0.0,0,18,White Collar
38,762,True,0.1620025771710848,0.0,1,31,Blue Collar
38,763,True,0.1945993531314553,0.0,0,24,White Collar
38,764,True,0.3889033363849212,0.0,1,7,Blue Collar
38,765,False,0.3240072686151163,0.0,2,56,Student
38,766,False,0.0569606868617727,0.0,1,6,Blue Collar
38,767,False,0.5068443274386882,0.0,1,36,Blue Collar
38,768,False,0.3043925052678168,0.0,0,52,White Collar
38,769,True,0.2972452247392276,0.0,0,37,White Collar
38,770,False,0.1367056096153261,0.0,0,10,White Collar
38,771,False,0.4491401171221709,0.0,2,49,Student
38,772,True,0.2518147960573942,0.0,3,37,Retired
38,773,False,0.1695139260731264,0.0,0,7,White Collar
38,774,True,0.0801464927057364,0.0,1,69,Blue Collar
38,775,False,0.2325370523553835,0.0,0,31,White Collar
38,776,False,0.4841625365767797,0.0,2,46,Student
38,777,True,0.1693257626556566,0.0,3,52,Retired
38,778,False,0.0747789270014016,0.0,0,59,White Collar
38,779,True,0.1852423234921943,0.0,0,15,White Collar
38,780,True,0.1679635137045052,0.0,2,1,Student
38,781,False,0.2763354949660545,0.0,0,19,White Collar
38,782,False,0.1309785515470798,0.0,1,51,Blue Collar
38,783,True,0.1542500262093677,0.0,2,51,Student
38,784,False,0.0899353835301188,0.0,1,45,Blue Collar
38,785,True,0.3465590425511273,0.0,0,43,White Collar
38,786,False,0.1649902537464189,0.0,0,22,White Collar
38,787,True,0.1454381844637113,0.0,1,93,Blue Collar
38,788,True,0.451163889216197,0.0,1,46,Blue Collar
38,789,True,0.5292063498589319,0.0,1,60,Blue Collar
38,790,False,0.3771771971387949,0.0,0,24,White Collar
38,791,True,0.4977153092263308,0.0,1,24,Blue Collar
38,792,True,0.4231845666292447,0.0,1,91,Blue Collar
38,793,False,0.2173364748969555,0.0,1,24,Blue Collar
38,794,True,0.1054974346874186,0.0,1,80,Blue Collar
38,795,False,0.177115816076833,0.0,1,29,Blue Collar
38,796,False,0.1560104234247701,0.0,1,76,Blue Collar
38,797,True,0.3583027272484148,0.0,1,62,Blue Collar
38,798,True,0.2382117203777517,0.0,2,27,Student
38,799,False,0.0444376371349206,0.0,1,22,Blue Collar
38,800,True,0.1774341564063493,0.0,3,32,Retired
38,801,False,0.0810503458688375,0.0,0,31,White Collar
38,802,True,0.2332597297899884,0.0,1,59,Blue Collar
38,803,False,0.4563029734443914,0.0,1,2,Blue Collar
38,804,True,0.1109951227085874,0.0,3,8,Retired
38,805,True,0.524107383079782,0.0,2,12,Student
38,806,False,0.2494485341513156,0.0,0,71,White Collar
38,807,True,0.3576596696917246,0.0,2,63,Student
38,808,True,0.1411241998676989,0.0,2,13,Student
38,809,False,0.2562193556155805,0.0,0,25,White Collar
38,810,True,0.5239791499617252,0.0,0,100,White Collar
38,811,False,0.4819498063691885,0.0,0,20,White Collar
38,812,False,0.2639644320402215,0.0,0,20,White Collar
38,813,True,0.223514158884564,0.0,1,40,Blue Collar
38,814,False,0.2764270470816738,0.0,2,6,Student
38,815,True,0.321129255341407,0.0,0,3,White Collar
38,816,False,0.557406885681536,0.0,0,40,White Collar
38,817,False,0.1621890861748199,0.0,1,30,Blue Collar
38,818,True,0.154807479392052,0.0,0,27,White Collar
38,819,False,0.2096039228273493,0.0,2,59,Student
38,820,True,0.1068665371877108,0.0,1,43,Blue Collar
38,821,False,0.36441921405229,0.0,2,37,Student
38,822,False,0.069854215232803,0.0,0,35,White Collar
38,823,True,0.5752524381494896,0.0,0,56,White Collar
38,824,False,0.2816515588456469,0.0,3,31,Retired
38,825,False,0.3794411536939451,0.0,1,35,Blue Collar
38,826,True,0.0456596310029253,0.0,3,44,Retired
38,827,False,0.3907392159198113,0.0,3,76,Retired
38,828,False,0.3259029406210039,0.0,2,13,Student
38,829,True,0.3450841502829877,0.0,2,39,Student
38,830,False,0.2370136739010705,0.0,2,21,Student
38,831,False,0.4243518655493258,0.0,0,27,White Collar
38,832,False,0.1288120009908881,0.0,0,18,White Collar
38,833,True,0.3299114686361586,0.0,0,23,White Collar
38,834,True,0.0667555305661823,0.0,3,72,Retired
38,835,True,0.1057107830323264,0.0,1,9,Blue Collar
38,836,True,0.5357995621053333,0.0,0,49,White Collar
38,837,False,0.1595713437757506,0.0,2,42,Student
38,838,True,0.1228798987176632,0.0,1,62,Blue Collar
38,839,False,0.3099564477393267,0.0,1,51,Blue Collar
38,840,False,0.5006741240171694,0.0,1,27,Blue Collar
38,841,True,0.1925333812435086,0.0,0,50,White Collar
38,842,True,0.6798139772747849,0.0,2,62,Student
38,843,False,0.1658069239561412,0.0,1,14,Blue Collar
38,844,False,0.445325731706341,0.0,1,60,Blue Collar
38,845,True,0.2871034665903474,0.0,1,32,Blue Collar
38,846,False,0.2051521024846308,0.0,0,42,White Collar
38,847,False,0.3569482999794101,0.0,0,35,White Collar
38,848,True,0.0872053159749631,0.0,2,37,Student
38,849,False,0.23791157291652,0.0,2,42,Student
38,850,True,0.2125906368597829,0.0,0,78,White Collar
38,851,True,0.3380474712276761,0.0,3,39,Retired
38,852,False,0.2905275608427198,0.0,0,34,White Collar
38,853,True,0.3479181328972756,0.0,0,59,White Collar
38,854,True,0.4221996077051169,0.0,1,49,Blue Collar
38,855,False,0.2424964231836355,0.0,2,31,Student
38,856,False,0.3024763373927353,0.0,1,47,Blue Collar
38,857,True,0.5685546252018754,0.0,1,49,Blue Collar
38,858,False,0.2939324011203272,0.0,1,65,Blue Collar
38,859,True,0.2371806947234474,0.0,1,5,Blue Collar
38,860,True,0.4348483136027772,0.0,1,28,Blue Collar
38,861,False,0.2476647534198212,0.0,1,31,Blue Collar
38,862,False,0.5915252921662858,0.0,1,28,Blue Collar
38,863,False,0.4941427378687356,0.0,2,22,Student
38,864,True,0.1927509224419929,0.0,0,89,White Collar
38,865,False,0.215708580571228,0.0,2,40,Student
38,866,True,0.4548274324248505,0.0,1,86,Blue Collar
38,867,False,0.432033472949111,0.0,0,61,White Collar
38,868,True,0.4727380263938699,0.0,1,42,Blue Collar
38,869,True,0.2538973946761992,0.0,0,62,White Collar
38,870,True,0.2857213617632627,0.0,3,15,Retired
38,871,False,0.2317922806044498,0.0,1,31,Blue Collar
38,872,False,0.2332041462800099,0.0,0,78,White Collar
38,873,False,0.1697303259220881,0.0,1,61,Blue Collar
38,874,True,0.4915121741124872,0.0,0,57,White Collar
38,875,False,0.3319587751508012,0.0,2,58,Student
38,876,True,0.3427031340245881,0.0,1,8,Blue Collar
38,877,False,0.4732074603715058,0.0,1,87,Blue Collar
38,878,False,0.057826174727944,0.0,0,28,White Collar
38,879,False,0.3342823374545915,0.0,0,37,White Collar
38,880,True,0.5055663733930453,0.0,0,39,White Collar
38,881,False,0.1092677169367234,0.0,0,6,White Collar
38,882,False,0.476371862104171,0.0,0,28,White Collar
38,883,True,0.3351520189164386,0.0,0,6,White Collar
38,884,True,0.3113112656037834,0.0,2,55,Student
38,885,True,0.3156514521042243,0.0,0,2,White Collar
38,886,False,0.1342593059642669,0.0,2,1,Student
38,887,False,0.0426125165402731,0.0,0,46,White Collar
38,888,True,0.4402492515093427,0.0,2,65,Student
38,889,False,0.1195934956640864,0.0,0,53,White Collar
38,890,True,0.2000779313230957,0.0,2,17,Student
38,891,True,0.7007817975708072,0.0,1,10,Blue Collar
38,892,False,0.2817555447671213,0.0,1,0,Blue Collar
38,893,True,0.3492651154755515,0.0,0,52,White Collar
38,894,True,0.183486628129589,0.0,2,28,Student
38,895,False,0.5023166737897836,0.0,0,28,White Collar
38,896,False,0.0624500784100217,0.0,1,32,Blue Collar
38,897,False,0.4354437700393007,0.0,0,34,White Collar
38,898,False,0.0920630148030118,0.0,2,91,Student
38,899,False,0.6257518883853295,0.0,1,79,Blue Collar
38,900,True,0.3770081169472025,0.0,1,11,Blue Collar
38,901,False,0.1271719790497805,0.0,0,39,White Collar
38,902,False,0.2743528735631583,0.0,1,1,Blue Collar
38,903,True,0.3825666156869312,0.0,0,3,White Collar
38,904,True,0.1784396198271592,0.0,1,34,Blue Collar
38,905,False,0.2162905367743838,0.0,0,41,White Collar
38,906,True,0.5209740341645329,0.0,1,49,Blue Collar
38,907,False,0.279074004926693,0.0,0,22,White Collar
38,908,True,0.4849887995749727,0.0,0,22,White Collar
38,909,False,0.3481128642195799,0.0,3,57,Retired
38,910,True,0.3776973082787966,0.0,2,24,Student
38,911,True,0.4552676384890686,0.0,0,34,White Collar
38,912,True,0.564636774420852,0.0,1,44,Blue Collar
38,913,False,0.1352549552408208,0.0,1,2,Blue Collar
38,914,True,0.4189062970344011,0.0,1,49,Blue Collar
38,915,False,0.6277239733678208,0.0,0,82,White Collar
38,916,True,0.4233062618932802,0.0,1,1,Blue Collar
38,917,False,0.3242865327317485,0.0,1,54,Blue Collar
38,918,True,0.5237323534287259,0.0,2,42,Student
38,919,False,0.6843643932117193,0.0,0,51,White Collar
38,920,True,0.3592652758898438,0.0,2,64,Student
38,921,True,0.3939614324212918,0.0,0,12,White Collar
38,922,True,0.3799956547644613,0.0,1,63,Blue Collar
38,923,False,0.0841743365393104,0.0,2,46,Student
38,924,False,0.4372271147397712,0.0,2,5,Student
38,925,True,0.0941077935758852,0.0,1,37,Blue Collar
38,926,True,0.3982612864989766,0.0,1,30,Blue Collar
38,927,False,0.0776550664575109,0.0,3,64,Retired
38,928,True,0.1282124549316295,0.0,1,73,Blue Collar
38,929,True,0.2142506430565661,0.0,2,10,Student
38,930,False,0.1898088523955465,0.0,1,37,Blue Collar
38,931,True,0.449549690409468,0.0,0,87,White Collar
38,932,False,0.2340831361350911,0.0,1,54,Blue Collar
38,933,False,0.1004746869111375,0.0,1,40,Blue Collar
38,934,False,0.1752910699720822,0.0,2,60,Student
38,935,True,0.3112062459089998,0.0,1,15,Blue Collar
38,936,False,0.3072581434169985,0.0,0,15,White Collar
38,937,False,0.3162298390616307,0.0,2,35,Student
38,938,False,0.4493230296578294,0.0,2,26,Student
38,939,True,0.4992607592612914,0.0,1,21,Blue Collar
38,940,False,0.3797328747609579,0.0,1,15,Blue Collar
38,941,True,0.2587951204847887,0.0,0,20,White Collar
38,942,True,0.217206502029108,0.0,1,9,Blue Collar
38,943,True,0.6337271424536701,0.0,3,55,Retired
38,944,False,0.3024225452045582,0.0,1,7,Blue Collar
38,945,False,0.353243831536729,0.0,0,60,White Collar
38,946,True,0.1960088011812329,0.0,2,44,Student
38,947,False,0.194604146338236,0.0,1,11,Blue Collar
38,948,True,0.1201659626916901,0.0,0,35,White Collar
38,949,False,0.2881738348704263,0.0,2,56,Student
38,950,False,0.1945107684338112,0.0,0,44,White Collar
38,951,False,0.2219017467003496,0.0,2,12,Student
38,952,True,0.4924424140581507,0.0,2,10,Student
38,953,True,0.0850659978225831,0.0,1,73,Blue Collar
38,954,True,0.1707846803550596,0.0,2,57,Student
38,955,True,0.3275299415979275,0.0,0,20,White Collar
38,956,False,0.3146017534698956,0.0,1,35,Blue Collar
38,957,True,0.5591300431761457,0.0,1,46,Blue Collar
38,958,False,0.0569074657411333,0.0,1,38,Blue Collar
38,959,True,0.5215862971395819,0.0,3,54,Retired
38,960,True,0.1109111744624726,0.0,0,49,White Collar
38,961,False,0.2265228453079547,0.0,2,23,Student
38,962,False,0.0823237952883983,0.0,0,57,White Collar
38,963,False,0.0203376211117979,0.0,1,63,Blue Collar
38,964,False,0.515099224706211,0.0,1,25,Blue Collar
38,965,False,0.1524295832997067,0.0,2,40,Student
38,966,True,0.401561690342304,0.0,0,77,White Collar
38,967,False,0.1934741652155991,0.0,1,22,Blue Collar
38,968,True,0.5676055160091945,0.0,1,40,Blue Collar
38,969,True,0.207457529958512,0.0,0,58,White Collar
38,970,False,0.2430327927543291,0.0,2,57,Student
38,971,False,0.1686796225990403,0.0,2,1,Student
38,972,False,0.1197872134843499,0.0,1,9,Blue Collar
38,973,True,0.4281637369757693,0.0,2,9,Student
38,974,False,0.2805328520070296,0.0,2,33,Student
38,975,False,0.0255304591814648,0.0,1,48,Blue Collar
38,976,True,0.5758838933798938,0.0,1,28,Blue Collar
38,977,False,0.2466749134265328,0.0,3,32,Retired
38,978,True,0.1265914119379539,0.0,2,36,Student
38,979,False,0.076905262823075,0.0,1,33,Blue Collar
38,980,True,0.1317865994756037,0.0,0,61,White Collar
38,981,True,0.3423522504030944,0.0,1,47,Blue Collar
38,982,True,0.4422870444385288,0.0,3,24,Retired
38,983,False,0.2290208014335576,0.0,2,98,Student
38,984,False,0.8133424050014515,0.0,2,27,Student
38,985,False,0.2079234242657764,0.0,0,29,White Collar
38,986,False,0.2608344425937606,0.0,0,10,White Collar
38,987,False,0.1095262841662347,0.0,0,62,White Collar
38,988,False,0.2508512520003949,0.0,1,21,Blue Collar
38,989,True,0.4615262690501316,0.0,0,24,White Collar
38,990,True,0.6224521206393593,0.0,0,17,White Collar
38,991,False,0.3984798933684013,0.0,1,25,Blue Collar
38,992,True,0.0587343222846886,0.0,0,38,White Collar
38,993,False,0.0996858624336007,0.0,2,61,Student
38,994,False,0.0587453867701584,0.0,1,39,Blue Collar
38,995,False,0.1404948127964428,0.0,0,86,White Collar
38,996,False,0.1813561796987826,0.0,0,8,White Collar
38,997,False,0.1207732276954052,0.0,0,89,White Collar
38,998,False,0.3803905055871858,0.0,1,28,Blue Collar
38,999,True,0.115508747068787,0.0,2,22,Student
39,0,False,0.3536766572335658,0.0,1,41,Blue Collar
39,1,False,0.2485580660782393,0.0,1,3,Blue Collar
39,2,False,0.4159590873381714,0.0,2,13,Student
39,3,True,0.1599675758099919,0.0,2,38,Student
39,4,True,0.5502830780616322,0.0,0,58,White Collar
39,5,True,0.110945287593398,0.0,1,19,Blue Collar
39,6,True,0.5098966417920571,0.0,2,27,Student
39,7,False,0.1772703794727445,0.0,0,21,White Collar
39,8,True,0.1982904719133444,0.0,1,27,Blue Collar
39,9,True,0.3762367882135499,0.0,2,31,Student
39,10,True,0.5434668040445325,0.0,0,52,White Collar
39,11,False,0.0847637629426502,0.0,1,7,Blue Collar
39,12,True,0.3579287927839609,0.0,0,44,White Collar
39,13,True,0.2733207739503824,0.0,0,46,White Collar
39,14,False,0.1343761410948502,0.0,1,40,Blue Collar
39,15,False,0.3532548500048075,0.0,2,7,Student
39,16,False,0.1327901214327579,0.0,1,80,Blue Collar
39,17,False,0.326434368425168,0.0,1,48,Blue Collar
39,18,True,0.1658104012585459,0.0,2,21,Student
39,19,True,0.207734214505591,0.0,2,51,Student
39,20,True,0.2634084880828478,0.0,0,61,White Collar
39,21,False,0.3900143303664891,0.0,0,36,White Collar
39,22,False,0.1536454700072753,0.0,0,37,White Collar
39,23,True,0.3055023511983206,0.0,0,98,White Collar
39,24,True,0.203313881265596,0.0,1,45,Blue Collar
39,25,True,0.1838768760882306,0.0,0,21,White Collar
39,26,True,0.3678240872354807,0.0,3,27,Retired
39,27,True,0.2020967664638769,0.0,1,3,Blue Collar
39,28,False,0.1863395045288194,0.0,0,39,White Collar
39,29,False,0.2835202997539891,0.0,3,0,Retired
39,30,True,0.1003993030662121,0.0,1,35,Blue Collar
39,31,False,0.207729389165234,0.0,1,9,Blue Collar
39,32,False,0.3096377073595142,0.0,1,11,Blue Collar
39,33,False,0.0443858001226034,0.0,3,57,Retired
39,34,False,0.1245792134455452,0.0,3,22,Retired
39,35,True,0.2110033201581862,0.0,2,50,Student
39,36,True,0.3581887554246956,0.0,2,21,Student
39,37,True,0.6522422663601021,0.0,1,17,Blue Collar
39,38,True,0.1622660260567806,0.0,2,36,Student
39,39,False,0.0694242954698856,0.0,3,47,Retired
39,40,False,0.076848080809821,0.0,0,63,White Collar
39,41,False,0.1744335165862888,0.0,1,55,Blue Collar
39,42,True,0.5434537469656785,0.0,0,21,White Collar
39,43,True,0.0616539134466732,0.0,2,26,Student
39,44,False,0.2356865066312641,0.0,3,2,Retired
39,45,True,0.3132941266752032,0.0,0,7,White Collar
39,46,False,0.1525833147039861,0.0,0,37,White Collar
39,47,True,0.3868863360183782,0.0,2,32,Student
39,48,True,0.4845897602554896,0.0,0,32,White Collar
39,49,True,0.0959387779732849,0.0,2,3,Student
39,50,True,0.3662241584833629,0.0,2,44,Student
39,51,False,0.2983728426907024,0.0,2,32,Student
39,52,True,0.2237663665214278,0.0,0,43,White Collar
39,53,False,0.1642916485213648,0.0,1,20,Blue Collar
39,54,True,0.4613858274628866,0.0,3,2,Retired
39,55,False,0.0983214607503696,0.0,0,15,White Collar
39,56,True,0.179247512983417,0.0,0,76,White Collar
39,57,True,0.3430187325979972,0.0,0,33,White Collar
39,58,True,0.2746698380360602,0.0,1,58,Blue Collar
39,59,True,0.4432945779277498,0.0,3,6,Retired
39,60,False,0.1327244318952246,0.0,2,29,Student
39,61,True,0.4006430877209991,0.0,2,35,Student
39,62,True,0.3225960385009868,0.0,2,5,Student
39,63,False,0.2923618255131976,0.0,2,53,Student
39,64,False,0.1135769732526367,0.0,2,38,Student
39,65,True,0.3415589572254627,0.0,0,59,White Collar
39,66,True,0.1699958739594175,0.0,2,29,Student
39,67,True,0.8014732049023443,0.0,0,50,White Collar
39,68,True,0.1317706240875745,0.0,0,66,White Collar
39,69,False,0.125499659191502,0.0,0,70,White Collar
39,70,False,0.3370138954716539,0.0,1,11,Blue Collar
39,71,False,0.0343986220052017,0.0,0,24,White Collar
39,72,False,0.159377520333094,0.0,0,39,White Collar
39,73,True,0.2615158445906097,0.0,2,40,Student
39,74,False,0.2491194021961276,0.0,1,22,Blue Collar
39,75,False,0.0685869246308145,0.0,1,25,Blue Collar
39,76,True,0.4595064072499054,0.0,0,49,White Collar
39,77,False,0.5414781386117564,0.0,2,69,Student
39,78,True,0.2605960618109315,0.0,0,19,White Collar
39,79,True,0.067535907483785,0.0,1,76,Blue Collar
39,80,False,0.0467688349727268,0.0,2,19,Student
39,81,True,0.127131476580951,0.0,0,45,White Collar
39,82,True,0.3265987258278122,0.0,0,23,White Collar
39,83,False,0.1191248654111389,0.0,1,20,Blue Collar
39,84,False,0.1077670455014623,0.0,0,22,White Collar
39,85,True,0.3246010263074086,0.0,1,60,Blue Collar
39,86,False,0.2193544911847561,0.0,3,24,Retired
39,87,True,0.3047922320216946,0.0,2,41,Student
39,88,True,0.403730071467841,0.0,1,54,Blue Collar
39,89,False,0.1841289216978105,0.0,2,49,Student
39,90,True,0.2344736594858819,0.0,1,20,Blue Collar
39,91,False,0.175068748991844,0.0,0,55,White Collar
39,92,False,0.2673316734797696,0.0,2,48,Student
39,93,True,0.238699744225137,0.0,3,21,Retired
39,94,True,0.3257956107307604,0.0,1,53,Blue Collar
39,95,True,0.4434878606676832,0.0,2,19,Student
39,96,False,0.3855671372233749,0.0,2,8,Student
39,97,False,0.0961525816865667,0.0,0,29,White Collar
39,98,True,0.2089847738799713,0.0,2,18,Student
39,99,False,0.1661962342804483,0.0,3,35,Retired
39,100,False,0.2272148735050511,0.0,1,64,Blue Collar
39,101,True,0.4759204964642726,0.0,3,40,Retired
39,102,True,0.1158847910316493,0.0,1,44,Blue Collar
39,103,True,0.1718540724955221,0.0,0,32,White Collar
39,104,False,0.2409358088306848,0.0,0,25,White Collar
39,105,True,0.1965854535395116,0.0,1,46,Blue Collar
39,106,False,0.1545074012420307,0.0,0,19,White Collar
39,107,False,0.3024753876496196,0.0,1,60,Blue Collar
39,108,True,0.2628503990216566,0.0,0,25,White Collar
39,109,True,0.1783854898271363,0.0,1,76,Blue Collar
39,110,True,0.0714033686941217,0.0,0,60,White Collar
39,111,True,0.3680479351839821,0.0,0,62,White Collar
39,112,False,0.1650023992108502,0.0,2,1,Student
39,113,True,0.6463769483914986,0.0,0,43,White Collar
39,114,True,0.5031230845032987,0.0,0,31,White Collar
39,115,True,0.4086469850455971,0.0,1,41,Blue Collar
39,116,True,0.3784719386186747,0.0,0,65,White Collar
39,117,True,0.4808171104256128,0.0,0,99,White Collar
39,118,True,0.4501527714550122,0.0,0,73,White Collar
39,119,True,0.3148546559271867,0.0,0,58,White Collar
39,120,True,0.3458306244455384,0.0,1,60,Blue Collar
39,121,True,0.5386521682270735,0.0,0,36,White Collar
39,122,False,0.3061721796943814,0.0,0,55,White Collar
39,123,True,0.145588134244425,0.0,1,65,Blue Collar
39,124,False,0.4518857472364912,0.0,2,33,Student
39,125,False,0.3599374248179245,0.0,1,29,Blue Collar
39,126,True,0.061906433771692,0.0,1,12,Blue Collar
39,127,True,0.2328545928203029,0.0,0,13,White Collar
39,128,False,0.1920824664494293,0.0,0,13,White Collar
39,129,True,0.5199092769591175,0.0,1,67,Blue Collar
39,130,True,0.2201943740399156,0.0,3,19,Retired
39,131,False,0.1377202357514125,0.0,0,32,White Collar
39,132,False,0.471971286182723,0.0,0,48,White Collar
39,133,False,0.1588460545173127,0.0,0,31,White Collar
39,134,False,0.0596894752708395,0.0,1,24,Blue Collar
39,135,True,0.3408156596522683,0.0,2,100,Student
39,136,True,0.3066486182634088,0.0,2,19,Student
39,137,True,0.2789555071166884,0.0,2,46,Student
39,138,False,0.3288097857207583,0.0,0,29,White Collar
39,139,False,0.4064901896391388,0.0,0,32,White Collar
39,140,True,0.3234596782435212,0.0,2,17,Student
39,141,False,0.1813428850517404,0.0,1,21,Blue Collar
39,142,True,0.110344420804029,0.0,2,48,Student
39,143,False,0.0626113417445731,0.0,0,4,White Collar
39,144,True,0.3893738659278771,0.0,1,95,Blue Collar
39,145,True,0.2208119923981546,0.0,1,3,Blue Collar
39,146,True,0.1705774606874289,0.0,2,37,Student
39,147,True,0.0676360338470681,0.0,0,53,White Collar
39,148,True,0.2063693713019656,0.0,2,7,Student
39,149,True,0.3587901228827754,0.0,1,60,Blue Collar
39,150,True,0.316899984774653,0.0,0,20,White Collar
39,151,True,0.1365637082251592,0.0,1,35,Blue Collar
39,152,False,0.2170837430502517,0.0,2,34,Student
39,153,True,0.1363792431986001,0.0,1,55,Blue Collar
39,154,False,0.0637349304068678,0.0,0,61,White Collar
39,155,True,0.5785716282335199,0.0,0,34,White Collar
39,156,True,0.1673754331871321,0.0,1,29,Blue Collar
39,157,True,0.485750585203021,0.0,2,14,Student
39,158,True,0.2231288814404552,0.0,0,53,White Collar
39,159,False,0.3734488472849538,0.0,2,34,Student
39,160,True,0.3866075694193058,0.0,1,38,Blue Collar
39,161,False,0.2910392925454743,0.0,2,6,Student
39,162,False,0.3584957567261279,0.0,1,26,Blue Collar
39,163,False,0.3688485254461,0.0,2,19,Student
39,164,False,0.4338558481917234,0.0,1,50,Blue Collar
39,165,False,0.0593243266171532,0.0,0,30,White Collar
39,166,True,0.1537383027458395,0.0,0,33,White Collar
39,167,True,0.690927168796683,0.0,0,6,White Collar
39,168,True,0.0492709683183529,0.0,2,77,Student
39,169,True,0.1859158401713941,0.0,3,37,Retired
39,170,False,0.2715695031402613,0.0,1,22,Blue Collar
39,171,False,0.3219105263709601,0.0,2,28,Student
39,172,True,0.4820942894903152,0.0,0,20,White Collar
39,173,True,0.319706275524256,0.0,2,15,Student
39,174,True,0.4916099383257625,0.0,0,34,White Collar
39,175,False,0.1841729708671041,0.0,2,15,Student
39,176,False,0.0293922497739453,0.0,1,37,Blue Collar
39,177,True,0.4383244007111607,0.0,3,18,Retired
39,178,True,0.2201991781916555,0.0,1,36,Blue Collar
39,179,False,0.1272898020531447,0.0,1,48,Blue Collar
39,180,False,0.5623099425360222,0.0,1,85,Blue Collar
39,181,True,0.1351692568264888,0.0,2,38,Student
39,182,False,0.1892652527031718,0.0,1,6,Blue Collar
39,183,False,0.2788522124309327,0.0,2,7,Student
39,184,False,0.2584988688589334,0.0,1,14,Blue Collar
39,185,True,0.1713624183536284,0.0,1,9,Blue Collar
39,186,True,0.3902904125361203,0.0,2,40,Student
39,187,False,0.1388409287646581,0.0,1,59,Blue Collar
39,188,True,0.4659217194194351,0.0,2,36,Student
39,189,True,0.6157519764816631,0.0,2,23,Student
39,190,False,0.3073799210471541,0.0,3,37,Retired
39,191,False,0.3116610941567272,0.0,1,28,Blue Collar
39,192,False,0.1347012643177103,0.0,0,34,White Collar
39,193,True,0.7239031844967967,0.0,0,64,White Collar
39,194,False,0.1191002777077864,0.0,0,18,White Collar
39,195,True,0.2853857889201115,0.0,0,49,White Collar
39,196,True,0.514309690041867,0.0,1,16,Blue Collar
39,197,True,0.15648979507517,0.0,0,18,White Collar
39,198,False,0.2605575260313472,0.0,0,96,White Collar
39,199,True,0.1398135905354235,0.0,0,46,White Collar
39,200,True,0.388093991336372,0.0,1,31,Blue Collar
39,201,False,0.4641645770320866,0.0,0,29,White Collar
39,202,True,0.1284580477416679,0.0,1,57,Blue Collar
39,203,True,0.0552063959733059,0.0,0,55,White Collar
39,204,True,0.0172791270801268,0.0,1,34,Blue Collar
39,205,False,0.1592498686850636,0.0,2,36,Student
39,206,False,0.2667449952728772,0.0,2,56,Student
39,207,False,0.529692033598347,0.0,1,48,Blue Collar
39,208,True,0.3071017670062408,0.0,2,13,Student
39,209,False,0.2504805636294226,0.0,3,95,Retired
39,210,True,0.4035583213875158,0.0,0,9,White Collar
39,211,True,0.3696214928596068,0.0,2,56,Student
39,212,False,0.2207809777676418,0.0,0,38,White Collar
39,213,False,0.0907414859941739,0.0,1,49,Blue Collar
39,214,False,0.4262985613707276,0.0,0,35,White Collar
39,215,False,0.3076570372812911,0.0,0,59,White Collar
39,216,False,0.0868688695425104,0.0,0,55,White Collar
39,217,False,0.3198826790647721,0.0,0,36,White Collar
39,218,False,0.1724594545811701,0.0,2,63,Student
39,219,False,0.5236077465948994,0.0,2,54,Student
39,220,True,0.144113060499894,0.0,0,53,White Collar
39,221,True,0.4369016405600799,0.0,0,45,White Collar
39,222,True,0.5620366156958401,0.0,0,37,White Collar
39,223,True,0.2038808086447868,0.0,0,44,White Collar
39,224,False,0.2652600697023149,0.0,1,54,Blue Collar
39,225,True,0.342996453032718,0.0,0,8,White Collar
39,226,False,0.3081745146780117,0.0,1,51,Blue Collar
39,227,True,0.0784764086339576,0.0,1,29,Blue Collar
39,228,False,0.2041784285394985,0.0,2,36,Student
39,229,True,0.4675748017124985,0.0,3,50,Retired
39,230,False,0.2244438821429141,0.0,1,22,Blue Collar
39,231,True,0.5642742600782021,0.0,1,5,Blue Collar
39,232,False,0.4583638031993273,0.0,0,1,White Collar
39,233,False,0.2287323521569573,0.0,0,16,White Collar
39,234,True,0.1941625323271394,0.0,2,5,Student
39,235,True,0.1140487847503583,0.0,0,48,White Collar
39,236,True,0.1188638980722389,0.0,0,39,White Collar
39,237,True,0.224300325608497,0.0,3,14,Retired
39,238,False,0.1748455929095408,0.0,3,14,Retired
39,239,True,0.2381018443075495,0.0,1,32,Blue Collar
39,240,False,0.4379433493911621,0.0,1,31,Blue Collar
39,241,True,0.3050820962749862,0.0,0,30,White Collar
39,242,True,0.4110151238583872,0.0,0,40,White Collar
39,243,False,0.2384113862023676,0.0,1,65,Blue Collar
39,244,True,0.3055585620380799,0.0,1,56,Blue Collar
39,245,False,0.2243119866738172,0.0,1,48,Blue Collar
39,246,True,0.2283035041843001,0.0,0,60,White Collar
39,247,True,0.601389322500987,0.0,1,62,Blue Collar
39,248,False,0.1861016376343618,0.0,0,68,White Collar
39,249,True,0.3322376533914182,0.0,2,23,Student
39,250,False,0.1535906531023021,0.0,2,46,Student
39,251,False,0.5895945688191788,0.0,0,52,White Collar
39,252,True,0.1360111358496654,0.0,3,49,Retired
39,253,False,0.1452923245069306,0.0,1,84,Blue Collar
39,254,True,0.4696325075583425,0.0,2,2,Student
39,255,False,0.3470548878739906,0.0,1,64,Blue Collar
39,256,False,0.2243778179558153,0.0,0,58,White Collar
39,257,True,0.380680807328598,0.0,2,17,Student
39,258,False,0.2527384697197175,0.0,0,49,White Collar
39,259,False,0.1918417920208668,0.0,1,72,Blue Collar
39,260,True,0.217770879130423,0.0,0,58,White Collar
39,261,True,0.5469541833338392,0.0,1,61,Blue Collar
39,262,True,0.4320278193633133,0.0,2,32,Student
39,263,False,0.337528941637207,0.0,2,15,Student
39,264,False,0.2801225539599779,0.0,0,31,White Collar
39,265,True,0.2046927163646063,0.0,0,58,White Collar
39,266,False,0.1978288911575661,0.0,1,13,Blue Collar
39,267,False,0.4200987516052237,0.0,2,49,Student
39,268,False,0.0945684310647346,0.0,1,26,Blue Collar
39,269,False,0.0683369109310005,0.0,3,58,Retired
39,270,False,0.3733711511916154,0.0,2,8,Student
39,271,False,0.1814974593978298,0.0,2,55,Student
39,272,False,0.4688203508208859,0.0,2,41,Student
39,273,True,0.4418376196321603,0.0,2,79,Student
39,274,True,0.2731195652421582,0.0,1,25,Blue Collar
39,275,True,0.4417392325829916,0.0,2,60,Student
39,276,False,0.4514994659346463,0.0,0,4,White Collar
39,277,False,0.5143025110676812,0.0,2,0,Student
39,278,False,0.1984804228376855,0.0,0,59,White Collar
39,279,True,0.0562449592429087,0.0,0,13,White Collar
39,280,True,0.0130969161112021,0.0,0,30,White Collar
39,281,False,0.4422153449338335,0.0,2,38,Student
39,282,False,0.2563288233480382,0.0,0,57,White Collar
39,283,False,0.1200803715075963,0.0,1,15,Blue Collar
39,284,True,0.2906548683413762,0.0,2,14,Student
39,285,False,0.248426499061781,0.0,2,43,Student
39,286,True,0.273114962563885,0.0,0,29,White Collar
39,287,True,0.2310327453733966,0.0,1,35,Blue Collar
39,288,False,0.3977583849607771,0.0,1,61,Blue Collar
39,289,False,0.1228099507461072,0.0,0,47,White Collar
39,290,False,0.2443124657062036,0.0,0,33,White Collar
39,291,False,0.1690550311731764,0.0,1,29,Blue Collar
39,292,False,0.3630143517577401,0.0,2,15,Student
39,293,False,0.1593915793032425,0.0,1,3,Blue Collar
39,294,False,0.0980124610961424,0.0,0,1,White Collar
39,295,True,0.325874443929199,0.0,0,22,White Collar
39,296,True,0.3065108052415546,0.0,1,93,Blue Collar
39,297,False,0.0767121836501658,0.0,0,85,White Collar
39,298,True,0.4728620841435421,0.0,0,40,White Collar
39,299,True,0.3157011011273116,0.0,0,36,White Collar
39,300,True,0.2063096419420389,0.0,1,32,Blue Collar
39,301,True,0.0386729386542437,0.0,1,60,Blue Collar
39,302,False,0.4168670056078366,0.0,1,62,Blue Collar
39,303,False,0.3052640817200645,0.0,3,9,Retired
39,304,True,0.360409463644948,0.0,0,4,White Collar
39,305,True,0.3196523721264053,0.0,2,0,Student
39,306,True,0.0603920315480385,0.0,0,33,White Collar
39,307,False,0.2176756192715158,0.0,3,65,Retired
39,308,False,0.4233910425225104,0.0,2,45,Student
39,309,False,0.0857535961606485,0.0,0,49,White Collar
39,310,False,0.241142100263168,0.0,0,54,White Collar
39,311,True,0.1068213695009309,0.0,2,13,Student
39,312,True,0.3939974320667165,0.0,1,35,Blue Collar
39,313,False,0.2557226333708657,0.0,2,38,Student
39,314,True,0.3840811292272226,0.0,1,74,Blue Collar
39,315,False,0.3661458059524538,0.0,1,15,Blue Collar
39,316,False,0.5816434885743039,0.0,0,26,White Collar
39,317,True,0.5621775612709531,0.0,0,43,White Collar
39,318,False,0.0884444403006964,0.0,3,33,Retired
39,319,False,0.3446235300029249,0.0,0,37,White Collar
39,320,True,0.6095654722173228,0.0,2,31,Student
39,321,True,0.3141309765261968,0.0,0,60,White Collar
39,322,True,0.6479463612947148,0.0,1,32,Blue Collar
39,323,False,0.2265019195492524,0.0,2,35,Student
39,324,True,0.4532267059451018,0.0,0,48,White Collar
39,325,False,0.5996218506997747,0.0,0,22,White Collar
39,326,True,0.1362318623539835,0.0,1,52,Blue Collar
39,327,True,0.2361379497655822,0.0,2,48,Student
39,328,True,0.6046614565204121,0.0,1,4,Blue Collar
39,329,False,0.2920487185984639,0.0,0,15,White Collar
39,330,False,0.4004222737895427,0.0,3,40,Retired
39,331,True,0.4507710944195557,0.0,0,60,White Collar
39,332,False,0.1848018664101324,0.0,2,33,Student
39,333,True,0.4101929338053977,0.0,0,27,White Collar
39,334,True,0.34973434990572,0.0,0,14,White Collar
39,335,True,0.1756191969893639,0.0,1,43,Blue Collar
39,336,False,0.2052622268743936,0.0,0,16,White Collar
39,337,True,0.6085560017364287,0.0,0,68,White Collar
39,338,True,0.141658770535373,0.0,1,51,Blue Collar
39,339,True,0.43593946275941,0.0,2,94,Student
39,340,True,0.3082365330185971,0.0,0,21,White Collar
39,341,True,0.4550063988010734,0.0,3,33,Retired
39,342,True,0.4275490847618506,0.0,0,52,White Collar
39,343,True,0.2781861683282088,0.0,1,29,Blue Collar
39,344,True,0.1852405523576611,0.0,2,51,Student
39,345,False,0.5553171992560851,0.0,0,50,White Collar
39,346,False,0.5031820579410835,0.0,0,75,White Collar
39,347,True,0.3218467203585847,0.0,0,11,White Collar
39,348,True,0.2940375021670958,0.0,0,45,White Collar
39,349,False,0.1254493851034331,0.0,1,31,Blue Collar
39,350,False,0.4444012505601111,0.0,2,16,Student
39,351,True,0.5757688148776429,0.0,0,19,White Collar
39,352,True,0.1238108655661201,0.0,2,34,Student
39,353,False,0.1417424749206275,0.0,1,9,Blue Collar
39,354,True,0.1872751990226918,0.0,1,64,Blue Collar
39,355,False,0.1912672864319361,0.0,2,38,Student
39,356,True,0.2750086185191396,0.0,1,5,Blue Collar
39,357,False,0.2594732652222252,0.0,3,26,Retired
39,358,True,0.1160173375309619,0.0,2,55,Student
39,359,True,0.5878548997680135,0.0,3,96,Retired
39,360,False,0.141844276079871,0.0,3,59,Retired
39,361,False,0.2670940915387836,0.0,0,31,White Collar
39,362,True,0.1693494018369503,0.0,1,6,Blue Collar
39,363,True,0.5051295998717548,0.0,0,39,White Collar
39,364,True,0.2152263011559128,0.0,1,99,Blue Collar
39,365,False,0.3026792843884116,0.0,0,49,White Collar
39,366,True,0.6043368946581595,0.0,3,43,Retired
39,367,False,0.2264428247113664,0.0,3,30,Retired
39,368,True,0.3300102349170474,0.0,2,30,Student
39,369,False,0.1552676357183774,0.0,0,19,White Collar
39,370,True,0.2640383541633144,0.0,1,51,Blue Collar
39,371,True,0.3870555710169233,0.0,1,34,Blue Collar
39,372,False,0.1219581579427709,0.0,1,55,Blue Collar
39,373,False,0.2307343681279402,0.0,1,6,Blue Collar
39,374,True,0.3374328449762505,0.0,0,57,White Collar
39,375,True,0.0724104629791323,0.0,2,22,Student
39,376,True,0.3782207354851397,0.0,2,55,Student
39,377,True,0.3194343997975769,0.0,2,36,Student
39,378,True,0.1972597201780969,0.0,0,23,White Collar
39,379,True,0.287172100514021,0.0,0,37,White Collar
39,380,True,0.6008221918617068,0.0,2,11,Student
39,381,False,0.0971226057228562,0.0,0,35,White Collar
39,382,False,0.2750073539162113,0.0,0,39,White Collar
39,383,False,0.5045933992123101,0.0,1,52,Blue Collar
39,384,False,0.1595183596132539,0.0,2,61,Student
39,385,True,0.2144434659745125,0.0,2,45,Student
39,386,False,0.4631573276497399,0.0,1,46,Blue Collar
39,387,False,0.278102406698222,0.0,1,96,Blue Collar
39,388,False,0.185040538482732,0.0,2,14,Student
39,389,True,0.1145555589074245,0.0,0,42,White Collar
39,390,False,0.4228950555098883,0.0,0,36,White Collar
39,391,True,0.6440679634524121,0.0,0,50,White Collar
39,392,False,0.3083255266751108,0.0,0,51,White Collar
39,393,True,0.4105774245043222,0.0,1,31,Blue Collar
39,394,False,0.1960542058844075,0.0,0,24,White Collar
39,395,False,0.1388747735087824,0.0,0,99,White Collar
39,396,False,0.0985267612391955,0.0,1,32,Blue Collar
39,397,True,0.3672611312390035,0.0,2,29,Student
39,398,False,0.5073793345737749,0.0,1,33,Blue Collar
39,399,True,0.2364619685412546,0.0,0,52,White Collar
39,400,False,0.4056361401586,0.0,0,93,White Collar
39,401,False,0.2649097709889378,0.0,1,70,Blue Collar
39,402,False,0.3808117943964557,0.0,2,40,Student
39,403,True,0.2253317470448952,0.0,1,62,Blue Collar
39,404,True,0.0451536951706062,0.0,0,11,White Collar
39,405,False,0.1643660328395617,0.0,1,4,Blue Collar
39,406,False,0.1914306997277393,0.0,0,21,White Collar
39,407,True,0.2616461141449531,0.0,0,39,White Collar
39,408,False,0.3563937219389386,0.0,0,5,White Collar
39,409,True,0.0807393667249193,0.0,1,27,Blue Collar
39,410,False,0.1084574754788678,0.0,0,38,White Collar
39,411,False,0.2455266465423252,0.0,2,22,Student
39,412,True,0.5453972463065507,0.0,3,14,Retired
39,413,True,0.3355411391283527,0.0,1,86,Blue Collar
39,414,False,0.1119325748862738,0.0,1,28,Blue Collar
39,415,True,0.0786186195421999,0.0,1,63,Blue Collar
39,416,False,0.2232495599779229,0.0,3,22,Retired
39,417,False,0.2393448930531098,0.0,2,34,Student
39,418,False,0.4691650839986767,0.0,2,36,Student
39,419,False,0.1093010128782776,0.0,3,12,Retired
39,420,False,0.350841738423868,0.0,1,32,Blue Collar
39,421,False,0.1147332768168895,0.0,0,70,White Collar
39,422,True,0.5209560844968074,0.0,1,36,Blue Collar
39,423,False,0.4629191165410449,0.0,0,93,White Collar
39,424,False,0.4458084306295856,0.0,2,57,Student
39,425,True,0.4507456473585096,0.0,0,26,White Collar
39,426,True,0.207768701685737,0.0,0,43,White Collar
39,427,True,0.5530846398930729,0.0,1,23,Blue Collar
39,428,True,0.2414057853315312,0.0,0,5,White Collar
39,429,True,0.3521991446239845,0.0,1,10,Blue Collar
39,430,True,0.5623335554103934,0.0,2,41,Student
39,431,True,0.066028107172517,0.0,1,49,Blue Collar
39,432,True,0.4780103627939779,0.0,2,39,Student
39,433,False,0.3619557421910525,0.0,3,39,Retired
39,434,False,0.4016190764260652,0.0,0,62,White Collar
39,435,True,0.1447690887902211,0.0,0,46,White Collar
39,436,False,0.1485361833971406,0.0,2,38,Student
39,437,False,0.2673122822770018,0.0,3,30,Retired
39,438,False,0.2665058948831771,0.0,2,36,Student
39,439,True,0.2016844401116823,0.0,2,14,Student
39,440,True,0.5191348577625704,0.0,1,31,Blue Collar
39,441,True,0.0125769688314679,0.0,1,76,Blue Collar
39,442,True,0.230059532111924,0.0,1,47,Blue Collar
39,443,False,0.0891624767452996,0.0,1,34,Blue Collar
39,444,True,0.5437183231209585,0.0,0,12,White Collar
39,445,True,0.3380641675028336,0.0,2,30,Student
39,446,False,0.2209937767876525,0.0,1,39,Blue Collar
39,447,True,0.1223216696690601,0.0,0,3,White Collar
39,448,False,0.327157746156919,0.0,0,65,White Collar
39,449,False,0.0999748268202887,0.0,2,17,Student
39,450,True,0.3375920398739411,0.0,0,16,White Collar
39,451,False,0.5828544730774738,0.0,1,60,Blue Collar
39,452,True,0.5490326088038333,0.0,0,91,White Collar
39,453,True,0.1444002153105774,0.0,1,30,Blue Collar
39,454,True,0.5397886850088234,0.0,2,35,Student
39,455,True,0.0491039142380159,0.0,0,56,White Collar
39,456,False,0.2269298672078842,0.0,0,45,White Collar
39,457,False,0.1507116244682386,0.0,0,9,White Collar
39,458,True,0.0397742668078514,0.0,1,34,Blue Collar
39,459,True,0.4199586775519187,0.0,0,52,White Collar
39,460,False,0.4703209324057288,0.0,1,28,Blue Collar
39,461,False,0.4593225624256609,0.0,0,41,White Collar
39,462,False,0.2928697416440324,0.0,0,65,White Collar
39,463,False,0.3253208111970423,0.0,2,15,Student
39,464,True,0.608299740483025,0.0,2,53,Student
39,465,True,0.227995917813659,0.0,2,3,Student
39,466,True,0.3285833899501695,0.0,1,32,Blue Collar
39,467,True,0.188908839828141,0.0,1,56,Blue Collar
39,468,True,0.4759491652842039,0.0,0,4,White Collar
39,469,True,0.4619524675485082,0.0,0,96,White Collar
39,470,False,0.3355219672420451,0.0,0,17,White Collar
39,471,True,0.2913305263540643,0.0,1,64,Blue Collar
39,472,True,0.3010360813901332,0.0,2,34,Student
39,473,False,0.3271906689077269,0.0,3,26,Retired
39,474,True,0.0676409928670715,0.0,2,63,Student
39,475,True,0.3328039645201829,0.0,0,30,White Collar
39,476,True,0.5689403837780267,0.0,2,50,Student
39,477,False,0.1687368232740908,0.0,1,31,Blue Collar
39,478,True,0.3234785077429782,0.0,2,50,Student
39,479,False,0.2595142364225923,0.0,1,14,Blue Collar
39,480,True,0.2107341076181594,0.0,0,36,White Collar
39,481,True,0.4454389315848823,0.0,1,22,Blue Collar
39,482,True,0.1925251778170265,0.0,3,40,Retired
39,483,True,0.4215730229751968,0.0,0,22,White Collar
39,484,True,0.3147556062634345,0.0,2,4,Student
39,485,False,0.089175148068904,0.0,1,92,Blue Collar
39,486,True,0.1813974974553684,0.0,2,39,Student
39,487,False,0.2888520759798477,0.0,2,39,Student
39,488,True,0.1912204640490106,0.0,0,48,White Collar
39,489,False,0.254632025981011,0.0,0,77,White Collar
39,490,False,0.2626091579593145,0.0,3,68,Retired
39,491,True,0.1868577020761625,0.0,1,28,Blue Collar
39,492,False,0.1235656832485277,0.0,3,22,Retired
39,493,False,0.3590902667010948,0.0,0,39,White Collar
39,494,False,0.0072479127321231,0.0,0,98,White Collar
39,495,True,0.2254122917396397,0.0,1,5,Blue Collar
39,496,False,0.3682584032090778,0.0,1,41,Blue Collar
39,497,True,0.4700537573475749,0.0,2,25,Student
39,498,True,0.2334079593854568,0.0,0,54,White Collar
39,499,False,0.604550623924786,0.0,3,46,Retired
39,500,False,0.1116182558215075,0.0,0,66,White Collar
39,501,True,0.2918006363881575,0.0,0,51,White Collar
39,502,True,0.2436788503320043,0.0,1,11,Blue Collar
39,503,True,0.0911729007382388,0.0,2,9,Student
39,504,True,0.3423826121689441,0.0,1,85,Blue Collar
39,505,True,0.2613583638874165,0.0,1,89,Blue Collar
39,506,True,0.1054542174997974,0.0,0,4,White Collar
39,507,True,0.3394195895177768,0.0,3,36,Retired
39,508,True,0.0667440465050857,0.0,1,47,Blue Collar
39,509,False,0.3948447858495602,0.0,0,21,White Collar
39,510,False,0.1701597344690188,0.0,2,37,Student
39,511,True,0.6912093386389426,0.0,0,78,White Collar
39,512,False,0.1701650430716366,0.0,0,35,White Collar
39,513,False,0.259658072094199,0.0,2,56,Student
39,514,True,0.3408592494335257,0.0,2,55,Student
39,515,False,0.1936145912070428,0.0,0,36,White Collar
39,516,False,0.4421189571746821,0.0,0,53,White Collar
39,517,False,0.2918146343826823,0.0,2,21,Student
39,518,False,0.0431616328618451,0.0,3,1,Retired
39,519,True,0.0852628517039114,0.0,0,68,White Collar
39,520,False,0.4737658354893495,0.0,0,13,White Collar
39,521,True,0.2739533039710695,0.0,0,31,White Collar
39,522,True,0.2373952074488494,0.0,2,58,Student
39,523,False,0.2670788820929144,0.0,0,17,White Collar
39,524,False,0.1034879707346583,0.0,1,66,Blue Collar
39,525,True,0.2279511321623418,0.0,0,36,White Collar
39,526,False,0.2627333305254055,0.0,0,33,White Collar
39,527,False,0.6891140409001313,0.0,2,73,Student
39,528,False,0.2505649400674639,0.0,2,41,Student
39,529,False,0.2446496929766223,0.0,0,33,White Collar
39,530,True,0.2767384149382149,0.0,0,1,White Collar
39,531,False,0.2722051205048573,0.0,2,20,Student
39,532,True,0.2299484569093162,0.0,0,37,White Collar
39,533,True,0.4257053209843408,0.0,2,51,Student
39,534,False,0.2227111874163941,0.0,2,99,Student
39,535,False,0.4773689304451496,0.0,1,18,Blue Collar
39,536,False,0.2310129865169898,0.0,0,54,White Collar
39,537,False,0.4314435361946498,0.0,1,39,Blue Collar
39,538,True,0.3868797602101907,0.0,0,32,White Collar
39,539,False,0.208678135078325,0.0,0,17,White Collar
39,540,False,0.0900249981999672,0.0,1,23,Blue Collar
39,541,True,0.6038569167009646,0.0,0,32,White Collar
39,542,False,0.2265233252301209,0.0,0,25,White Collar
39,543,True,0.3042970610133372,0.0,2,30,Student
39,544,False,0.1646258613749868,0.0,0,8,White Collar
39,545,False,0.1823972362349482,0.0,2,2,Student
39,546,False,0.4766491048877699,0.0,2,58,Student
39,547,True,0.5264086385938195,0.0,3,85,Retired
39,548,True,0.3609203123415569,0.0,1,73,Blue Collar
39,549,False,0.2509553296201303,0.0,0,79,White Collar
39,550,False,0.3835316726535463,0.0,0,28,White Collar
39,551,False,0.1959117186620537,0.0,0,27,White Collar
39,552,True,0.2976150813463317,0.0,1,34,Blue Collar
39,553,False,0.1323735027451481,0.0,0,29,White Collar
39,554,False,0.126311680440905,0.0,2,23,Student
39,555,True,0.3547665226580853,0.0,0,32,White Collar
39,556,True,0.3219807096428471,0.0,1,37,Blue Collar
39,557,False,0.310809260614259,0.0,0,62,White Collar
39,558,True,0.2266135263526242,0.0,1,39,Blue Collar
39,559,False,0.3116613226660596,0.0,2,52,Student
39,560,True,0.1721735905143979,0.0,3,36,Retired
39,561,False,0.0414669752128248,0.0,3,21,Retired
39,562,False,0.2761974130074415,0.0,2,54,Student
39,563,False,0.094253560316938,0.0,2,4,Student
39,564,False,0.4118445340829866,0.0,1,38,Blue Collar
39,565,True,0.5157009792685964,0.0,2,97,Student
39,566,True,0.6342283268293691,0.0,0,19,White Collar
39,567,True,0.2717021731900056,0.0,0,67,White Collar
39,568,False,0.1611555559536509,0.0,2,24,Student
39,569,False,0.3019616530585536,0.0,1,6,Blue Collar
39,570,True,0.2474761658633007,0.0,2,31,Student
39,571,True,0.2773672197869529,0.0,3,26,Retired
39,572,False,0.4722249959604593,0.0,1,43,Blue Collar
39,573,False,0.2190395136759253,0.0,0,43,White Collar
39,574,True,0.2513040412624526,0.0,2,39,Student
39,575,True,0.1344989142255937,0.0,1,32,Blue Collar
39,576,True,0.2575375190463321,0.0,1,72,Blue Collar
39,577,True,0.5758311543371692,0.0,0,37,White Collar
39,578,False,0.1747889880746776,0.0,1,8,Blue Collar
39,579,False,0.4404393990716352,0.0,2,10,Student
39,580,False,0.239968723155057,0.0,3,12,Retired
39,581,False,0.4457504855829945,0.0,1,37,Blue Collar
39,582,True,0.4181457323941839,0.0,0,51,White Collar
39,583,False,0.1247787246488094,0.0,1,63,Blue Collar
39,584,True,0.4135696874278296,0.0,2,69,Student
39,585,False,0.0855221607194543,0.0,3,12,Retired
39,586,False,0.102384952851844,0.0,0,55,White Collar
39,587,False,0.2285050887405005,0.0,2,93,Student
39,588,True,0.5466614162505907,0.0,0,38,White Collar
39,589,False,0.3510850322437097,0.0,2,8,Student
39,590,False,0.1394105760462668,0.0,0,64,White Collar
39,591,False,0.0536995154899485,0.0,0,9,White Collar
39,592,True,0.3806987361056626,0.0,2,2,Student
39,593,True,0.2794224044294483,0.0,2,32,Student
39,594,False,0.3066911814390244,0.0,0,38,White Collar
39,595,False,0.3430330836467324,0.0,0,28,White Collar
39,596,True,0.476114544370721,0.0,3,58,Retired
39,597,False,0.2554704259647891,0.0,1,24,Blue Collar
39,598,True,0.5012006017832084,0.0,0,27,White Collar
39,599,False,0.154006662960799,0.0,0,32,White Collar
39,600,True,0.0632323404051646,0.0,1,26,Blue Collar
39,601,False,0.4483454588827538,0.0,2,55,Student
39,602,True,0.1099758633977806,0.0,1,87,Blue Collar
39,603,True,0.2998031027074426,0.0,0,55,White Collar
39,604,False,0.5363077304756033,0.0,2,60,Student
39,605,False,0.0670542699936395,0.0,0,78,White Collar
39,606,False,0.3373425781481131,0.0,0,29,White Collar
39,607,True,0.0616375155621336,0.0,1,37,Blue Collar
39,608,True,0.2669105924136806,0.0,0,31,White Collar
39,609,True,0.0146819331277921,0.0,2,17,Student
39,610,True,0.0929129012701737,0.0,3,14,Retired
39,611,True,0.1620845901138898,0.0,2,63,Student
39,612,True,0.0555877186492738,0.0,0,62,White Collar
39,613,True,0.3628731421368042,0.0,2,40,Student
39,614,True,0.326185553069642,0.0,3,33,Retired
39,615,True,0.5516768599767246,0.0,3,35,Retired
39,616,False,0.1099186560623747,0.0,1,20,Blue Collar
39,617,True,0.2171848103951794,0.0,0,58,White Collar
39,618,False,0.0782209788311515,0.0,1,7,Blue Collar
39,619,False,0.1767688055025618,0.0,0,42,White Collar
39,620,False,0.5954379734962468,0.0,0,65,White Collar
39,621,True,0.3971726866093809,0.0,0,3,White Collar
39,622,False,0.1055672064555032,0.0,1,37,Blue Collar
39,623,False,0.0311859105555057,0.0,1,33,Blue Collar
39,624,False,0.0279579619790819,0.0,3,30,Retired
39,625,False,0.3679765943353593,0.0,2,21,Student
39,626,False,0.159129571300425,0.0,0,9,White Collar
39,627,False,0.7380869638355531,0.0,0,30,White Collar
39,628,False,0.2436991769678001,0.0,2,51,Student
39,629,True,0.170977740591307,0.0,1,41,Blue Collar
39,630,True,0.0807239819987891,0.0,3,46,Retired
39,631,True,0.4477791997522805,0.0,2,36,Student
39,632,False,0.197351654715525,0.0,1,80,Blue Collar
39,633,False,0.2614729695537015,0.0,0,13,White Collar
39,634,False,0.2791904822094437,0.0,0,55,White Collar
39,635,False,0.2492464228769708,0.0,0,47,White Collar
39,636,True,0.3888004532026781,0.0,2,59,Student
39,637,True,0.0898309777348184,0.0,2,10,Student
39,638,True,0.2393537041475697,0.0,0,56,White Collar
39,639,True,0.2004520499405746,0.0,0,38,White Collar
39,640,True,0.4009969437535314,0.0,1,33,Blue Collar
39,641,False,0.4674355152035755,0.0,3,50,Retired
39,642,False,0.1279157924541819,0.0,2,51,Student
39,643,False,0.403734941984525,0.0,0,4,White Collar
39,644,False,0.0894865576156005,0.0,0,12,White Collar
39,645,False,0.2478156639906327,0.0,3,39,Retired
39,646,True,0.26449203451846,0.0,2,9,Student
39,647,False,0.4549932251283338,0.0,1,20,Blue Collar
39,648,False,0.3895079338725103,0.0,1,25,Blue Collar
39,649,True,0.0971817728565808,0.0,0,34,White Collar
39,650,False,0.3828986050331805,0.0,0,55,White Collar
39,651,False,0.297838427885603,0.0,0,7,White Collar
39,652,True,0.5903979088514874,0.0,1,24,Blue Collar
39,653,False,0.1760983318750708,0.0,0,56,White Collar
39,654,True,0.2144134952920709,0.0,1,17,Blue Collar
39,655,False,0.6204682337798468,0.0,1,42,Blue Collar
39,656,True,0.4872331449600042,0.0,2,32,Student
39,657,True,0.0962069245149607,0.0,1,50,Blue Collar
39,658,True,0.2496558034719668,0.0,0,21,White Collar
39,659,True,0.341237799092246,0.0,2,48,Student
39,660,False,0.4009150563139554,0.0,1,63,Blue Collar
39,661,False,0.1179359076194324,0.0,1,47,Blue Collar
39,662,True,0.5572754113921149,0.0,0,36,White Collar
39,663,False,0.0629427880187678,0.0,0,28,White Collar
39,664,False,0.1229522065476816,0.0,1,62,Blue Collar
39,665,True,0.5302969759506505,0.0,3,54,Retired
39,666,False,0.2709993961105075,0.0,1,45,Blue Collar
39,667,False,0.2770890275188418,0.0,1,10,Blue Collar
39,668,True,0.301184192228817,0.0,2,56,Student
39,669,True,0.1401494015576146,0.0,0,53,White Collar
39,670,False,0.0737337849011167,0.0,0,43,White Collar
39,671,True,0.3291565105170932,0.0,0,52,White Collar
39,672,False,0.359768584824016,0.0,1,21,Blue Collar
39,673,True,0.3097774732702404,0.0,1,52,Blue Collar
39,674,False,0.180350414287884,0.0,1,32,Blue Collar
39,675,False,0.1104932580161498,0.0,0,28,White Collar
39,676,False,0.2268526189451653,0.0,1,34,Blue Collar
39,677,True,0.6389059701703222,0.0,2,42,Student
39,678,True,0.2431391535156832,0.0,3,22,Retired
39,679,True,0.2159680460480785,0.0,2,32,Student
39,680,True,0.2485571743584797,0.0,2,9,Student
39,681,False,0.2374704597128737,0.0,0,39,White Collar
39,682,True,0.5319284493276698,0.0,2,61,Student
39,683,False,0.3904389243462244,0.0,0,26,White Collar
39,684,True,0.1697375890428857,0.0,0,6,White Collar
39,685,True,0.204026175015018,0.0,0,40,White Collar
39,686,False,0.2549263267105989,0.0,3,22,Retired
39,687,False,0.2890608269629373,0.0,2,2,Student
39,688,True,0.1407896901376907,0.0,0,44,White Collar
39,689,True,0.1884686348827569,0.0,1,4,Blue Collar
39,690,True,0.5651992012277928,0.0,2,18,Student
39,691,True,0.5441384134079766,0.0,1,25,Blue Collar
39,692,True,0.2074958132489381,0.0,0,40,White Collar
39,693,False,0.1937947313120766,0.0,1,45,Blue Collar
39,694,True,0.3917365978571069,0.0,0,32,White Collar
39,695,True,0.0549042835324885,0.0,2,21,Student
39,696,True,0.513200034727355,0.0,1,50,Blue Collar
39,697,False,0.1680138488305095,0.0,1,62,Blue Collar
39,698,False,0.3498451382963249,0.0,1,47,Blue Collar
39,699,False,0.0647089915680699,0.0,0,7,White Collar
39,700,False,0.3992098512519557,0.0,2,38,Student
39,701,False,0.3602074853627584,0.0,3,11,Retired
39,702,True,0.3368158164406375,0.0,0,59,White Collar
39,703,True,0.1256675155755714,0.0,3,15,Retired
39,704,True,0.186745643052941,0.0,2,2,Student
39,705,False,0.3090542956810058,0.0,0,91,White Collar
39,706,False,0.1611047165510067,0.0,0,32,White Collar
39,707,True,0.156019393834899,0.0,1,58,Blue Collar
39,708,False,0.4891720840330514,0.0,3,35,Retired
39,709,False,0.0405952160464261,0.0,0,10,White Collar
39,710,True,0.5013100171730703,0.0,1,62,Blue Collar
39,711,True,0.125480123667906,0.0,2,26,Student
39,712,True,0.3783262469877855,0.0,1,33,Blue Collar
39,713,False,0.3222129037148611,0.0,1,62,Blue Collar
39,714,True,0.1213622535720952,0.0,2,63,Student
39,715,False,0.164766719941082,0.0,1,35,Blue Collar
39,716,False,0.4210690230658028,0.0,1,4,Blue Collar
39,717,False,0.2230656431040991,0.0,1,44,Blue Collar
39,718,True,0.7475416808203147,0.0,0,49,White Collar
39,719,True,0.1765326311521286,0.0,0,70,White Collar
39,720,False,0.1693998756977423,0.0,2,18,Student
39,721,False,0.1012367631091599,0.0,1,59,Blue Collar
39,722,True,0.1552197678852778,0.0,2,41,Student
39,723,True,0.2516719879928031,0.0,0,34,White Collar
39,724,True,0.6988438963940432,0.0,0,1,White Collar
39,725,True,0.1628761947287865,0.0,2,54,Student
39,726,False,0.035861074519571,0.0,0,86,White Collar
39,727,False,0.1868926162656133,0.0,1,35,Blue Collar
39,728,True,0.2802197590789023,0.0,3,35,Retired
39,729,True,0.5039853388745347,0.0,1,14,Blue Collar
39,730,True,0.2905356993774629,0.0,0,21,White Collar
39,731,True,0.2137032540043945,0.0,1,37,Blue Collar
39,732,False,0.1742040407701023,0.0,0,30,White Collar
39,733,True,0.3991960073625363,0.0,1,47,Blue Collar
39,734,False,0.2659319496638474,0.0,2,45,Student
39,735,False,0.4020401338219225,0.0,1,30,Blue Collar
39,736,False,0.1054043592980552,0.0,2,10,Student
39,737,True,0.1896220786800948,0.0,0,64,White Collar
39,738,True,0.3548328182831716,0.0,0,92,White Collar
39,739,True,0.0785174307392475,0.0,2,83,Student
39,740,False,0.123504889954708,0.0,0,57,White Collar
39,741,False,0.2413778454503063,0.0,0,21,White Collar
39,742,False,0.4688543103047804,0.0,2,53,Student
39,743,False,0.5491671814360513,0.0,2,23,Student
39,744,True,0.1320866566288173,0.0,1,31,Blue Collar
39,745,True,0.2989363140201345,0.0,2,27,Student
39,746,True,0.5146805029932751,0.0,2,18,Student
39,747,False,0.4008971368260078,0.0,0,29,White Collar
39,748,False,0.2842255949831302,0.0,0,79,White Collar
39,749,True,0.317544110113382,0.0,2,43,Student
39,750,True,0.1384834698703489,0.0,1,63,Blue Collar
39,751,False,0.2009712364540103,0.0,2,45,Student
39,752,True,0.2418896431622072,0.0,2,35,Student
39,753,True,0.2295611941890383,0.0,2,46,Student
39,754,True,0.2156860757163646,0.0,2,36,Student
39,755,True,0.1231095801822028,0.0,2,45,Student
39,756,True,0.5160624858560737,0.0,2,48,Student
39,757,True,0.2623139249573352,0.0,3,39,Retired
39,758,True,0.2309942687514944,0.0,2,21,Student
39,759,False,0.0959512859344814,0.0,1,94,Blue Collar
39,760,True,0.340353357371217,0.0,2,51,Student
39,761,False,0.1569467002743433,0.0,0,18,White Collar
39,762,True,0.1620025771710848,0.0,1,31,Blue Collar
39,763,True,0.1945993531314553,0.0,0,24,White Collar
39,764,False,0.3889033363849212,0.0,1,7,Blue Collar
39,765,True,0.3240072686151163,0.0,2,56,Student
39,766,False,0.0569606868617727,0.0,1,6,Blue Collar
39,767,False,0.5068443274386882,0.0,1,36,Blue Collar
39,768,True,0.3043925052678168,0.0,0,52,White Collar
39,769,True,0.2972452247392276,0.0,0,37,White Collar
39,770,False,0.1367056096153261,0.0,0,10,White Collar
39,771,True,0.4491401171221709,0.0,2,49,Student
39,772,True,0.2518147960573942,0.0,3,37,Retired
39,773,True,0.1695139260731264,0.0,0,7,White Collar
39,774,False,0.0801464927057364,0.0,1,69,Blue Collar
39,775,True,0.2325370523553835,0.0,0,31,White Collar
39,776,True,0.4841625365767797,0.0,2,46,Student
39,777,False,0.1693257626556566,0.0,3,52,Retired
39,778,False,0.0747789270014016,0.0,0,59,White Collar
39,779,True,0.1852423234921943,0.0,0,15,White Collar
39,780,True,0.1679635137045052,0.0,2,1,Student
39,781,False,0.2763354949660545,0.0,0,19,White Collar
39,782,False,0.1309785515470798,0.0,1,51,Blue Collar
39,783,False,0.1542500262093677,0.0,2,51,Student
39,784,True,0.0899353835301188,0.0,1,45,Blue Collar
39,785,True,0.3465590425511273,0.0,0,43,White Collar
39,786,True,0.1649902537464189,0.0,0,22,White Collar
39,787,True,0.1454381844637113,0.0,1,93,Blue Collar
39,788,False,0.451163889216197,0.0,1,46,Blue Collar
39,789,False,0.5292063498589319,0.0,1,60,Blue Collar
39,790,True,0.3771771971387949,0.0,0,24,White Collar
39,791,True,0.4977153092263308,0.0,1,24,Blue Collar
39,792,False,0.4231845666292447,0.0,1,91,Blue Collar
39,793,False,0.2173364748969555,0.0,1,24,Blue Collar
39,794,False,0.1054974346874186,0.0,1,80,Blue Collar
39,795,False,0.177115816076833,0.0,1,29,Blue Collar
39,796,False,0.1560104234247701,0.0,1,76,Blue Collar
39,797,True,0.3583027272484148,0.0,1,62,Blue Collar
39,798,False,0.2382117203777517,0.0,2,27,Student
39,799,True,0.0444376371349206,0.0,1,22,Blue Collar
39,800,False,0.1774341564063493,0.0,3,32,Retired
39,801,False,0.0810503458688375,0.0,0,31,White Collar
39,802,False,0.2332597297899884,0.0,1,59,Blue Collar
39,803,True,0.4563029734443914,0.0,1,2,Blue Collar
39,804,False,0.1109951227085874,0.0,3,8,Retired
39,805,False,0.524107383079782,0.0,2,12,Student
39,806,True,0.2494485341513156,0.0,0,71,White Collar
39,807,True,0.3576596696917246,0.0,2,63,Student
39,808,True,0.1411241998676989,0.0,2,13,Student
39,809,True,0.2562193556155805,0.0,0,25,White Collar
39,810,False,0.5239791499617252,0.0,0,100,White Collar
39,811,False,0.4819498063691885,0.0,0,20,White Collar
39,812,False,0.2639644320402215,0.0,0,20,White Collar
39,813,False,0.223514158884564,0.0,1,40,Blue Collar
39,814,False,0.2764270470816738,0.0,2,6,Student
39,815,False,0.321129255341407,0.0,0,3,White Collar
39,816,True,0.557406885681536,0.0,0,40,White Collar
39,817,True,0.1621890861748199,0.0,1,30,Blue Collar
39,818,True,0.154807479392052,0.0,0,27,White Collar
39,819,False,0.2096039228273493,0.0,2,59,Student
39,820,False,0.1068665371877108,0.0,1,43,Blue Collar
39,821,False,0.36441921405229,0.0,2,37,Student
39,822,True,0.069854215232803,0.0,0,35,White Collar
39,823,True,0.5752524381494896,0.0,0,56,White Collar
39,824,False,0.2816515588456469,0.0,3,31,Retired
39,825,True,0.3794411536939451,0.0,1,35,Blue Collar
39,826,False,0.0456596310029253,0.0,3,44,Retired
39,827,True,0.3907392159198113,0.0,3,76,Retired
39,828,True,0.3259029406210039,0.0,2,13,Student
39,829,True,0.3450841502829877,0.0,2,39,Student
39,830,False,0.2370136739010705,0.0,2,21,Student
39,831,False,0.4243518655493258,0.0,0,27,White Collar
39,832,False,0.1288120009908881,0.0,0,18,White Collar
39,833,True,0.3299114686361586,0.0,0,23,White Collar
39,834,True,0.0667555305661823,0.0,3,72,Retired
39,835,False,0.1057107830323264,0.0,1,9,Blue Collar
39,836,False,0.5357995621053333,0.0,0,49,White Collar
39,837,False,0.1595713437757506,0.0,2,42,Student
39,838,True,0.1228798987176632,0.0,1,62,Blue Collar
39,839,False,0.3099564477393267,0.0,1,51,Blue Collar
39,840,False,0.5006741240171694,0.0,1,27,Blue Collar
39,841,False,0.1925333812435086,0.0,0,50,White Collar
39,842,True,0.6798139772747849,0.0,2,62,Student
39,843,False,0.1658069239561412,0.0,1,14,Blue Collar
39,844,False,0.445325731706341,0.0,1,60,Blue Collar
39,845,True,0.2871034665903474,0.0,1,32,Blue Collar
39,846,True,0.2051521024846308,0.0,0,42,White Collar
39,847,False,0.3569482999794101,0.0,0,35,White Collar
39,848,False,0.0872053159749631,0.0,2,37,Student
39,849,False,0.23791157291652,0.0,2,42,Student
39,850,False,0.2125906368597829,0.0,0,78,White Collar
39,851,False,0.3380474712276761,0.0,3,39,Retired
39,852,False,0.2905275608427198,0.0,0,34,White Collar
39,853,True,0.3479181328972756,0.0,0,59,White Collar
39,854,True,0.4221996077051169,0.0,1,49,Blue Collar
39,855,True,0.2424964231836355,0.0,2,31,Student
39,856,True,0.3024763373927353,0.0,1,47,Blue Collar
39,857,True,0.5685546252018754,0.0,1,49,Blue Collar
39,858,True,0.2939324011203272,0.0,1,65,Blue Collar
39,859,True,0.2371806947234474,0.0,1,5,Blue Collar
39,860,True,0.4348483136027772,0.0,1,28,Blue Collar
39,861,False,0.2476647534198212,0.0,1,31,Blue Collar
39,862,False,0.5915252921662858,0.0,1,28,Blue Collar
39,863,True,0.4941427378687356,0.0,2,22,Student
39,864,True,0.1927509224419929,0.0,0,89,White Collar
39,865,True,0.215708580571228,0.0,2,40,Student
39,866,False,0.4548274324248505,0.0,1,86,Blue Collar
39,867,True,0.432033472949111,0.0,0,61,White Collar
39,868,True,0.4727380263938699,0.0,1,42,Blue Collar
39,869,True,0.2538973946761992,0.0,0,62,White Collar
39,870,True,0.2857213617632627,0.0,3,15,Retired
39,871,True,0.2317922806044498,0.0,1,31,Blue Collar
39,872,True,0.2332041462800099,0.0,0,78,White Collar
39,873,True,0.1697303259220881,0.0,1,61,Blue Collar
39,874,True,0.4915121741124872,0.0,0,57,White Collar
39,875,False,0.3319587751508012,0.0,2,58,Student
39,876,False,0.3427031340245881,0.0,1,8,Blue Collar
39,877,True,0.4732074603715058,0.0,1,87,Blue Collar
39,878,True,0.057826174727944,0.0,0,28,White Collar
39,879,True,0.3342823374545915,0.0,0,37,White Collar
39,880,False,0.5055663733930453,0.0,0,39,White Collar
39,881,True,0.1092677169367234,0.0,0,6,White Collar
39,882,True,0.476371862104171,0.0,0,28,White Collar
39,883,True,0.3351520189164386,0.0,0,6,White Collar
39,884,True,0.3113112656037834,0.0,2,55,Student
39,885,True,0.3156514521042243,0.0,0,2,White Collar
39,886,True,0.1342593059642669,0.0,2,1,Student
39,887,False,0.0426125165402731,0.0,0,46,White Collar
39,888,True,0.4402492515093427,0.0,2,65,Student
39,889,True,0.1195934956640864,0.0,0,53,White Collar
39,890,True,0.2000779313230957,0.0,2,17,Student
39,891,True,0.7007817975708072,0.0,1,10,Blue Collar
39,892,True,0.2817555447671213,0.0,1,0,Blue Collar
39,893,False,0.3492651154755515,0.0,0,52,White Collar
39,894,False,0.183486628129589,0.0,2,28,Student
39,895,True,0.5023166737897836,0.0,0,28,White Collar
39,896,False,0.0624500784100217,0.0,1,32,Blue Collar
39,897,True,0.4354437700393007,0.0,0,34,White Collar
39,898,False,0.0920630148030118,0.0,2,91,Student
39,899,True,0.6257518883853295,0.0,1,79,Blue Collar
39,900,True,0.3770081169472025,0.0,1,11,Blue Collar
39,901,False,0.1271719790497805,0.0,0,39,White Collar
39,902,False,0.2743528735631583,0.0,1,1,Blue Collar
39,903,True,0.3825666156869312,0.0,0,3,White Collar
39,904,False,0.1784396198271592,0.0,1,34,Blue Collar
39,905,False,0.2162905367743838,0.0,0,41,White Collar
39,906,False,0.5209740341645329,0.0,1,49,Blue Collar
39,907,True,0.279074004926693,0.0,0,22,White Collar
39,908,True,0.4849887995749727,0.0,0,22,White Collar
39,909,False,0.3481128642195799,0.0,3,57,Retired
39,910,False,0.3776973082787966,0.0,2,24,Student
39,911,False,0.4552676384890686,0.0,0,34,White Collar
39,912,True,0.564636774420852,0.0,1,44,Blue Collar
39,913,True,0.1352549552408208,0.0,1,2,Blue Collar
39,914,False,0.4189062970344011,0.0,1,49,Blue Collar
39,915,False,0.6277239733678208,0.0,0,82,White Collar
39,916,True,0.4233062618932802,0.0,1,1,Blue Collar
39,917,False,0.3242865327317485,0.0,1,54,Blue Collar
39,918,True,0.5237323534287259,0.0,2,42,Student
39,919,True,0.6843643932117193,0.0,0,51,White Collar
39,920,True,0.3592652758898438,0.0,2,64,Student
39,921,True,0.3939614324212918,0.0,0,12,White Collar
39,922,True,0.3799956547644613,0.0,1,63,Blue Collar
39,923,False,0.0841743365393104,0.0,2,46,Student
39,924,True,0.4372271147397712,0.0,2,5,Student
39,925,True,0.0941077935758852,0.0,1,37,Blue Collar
39,926,True,0.3982612864989766,0.0,1,30,Blue Collar
39,927,False,0.0776550664575109,0.0,3,64,Retired
39,928,True,0.1282124549316295,0.0,1,73,Blue Collar
39,929,False,0.2142506430565661,0.0,2,10,Student
39,930,True,0.1898088523955465,0.0,1,37,Blue Collar
39,931,True,0.449549690409468,0.0,0,87,White Collar
39,932,True,0.2340831361350911,0.0,1,54,Blue Collar
39,933,False,0.1004746869111375,0.0,1,40,Blue Collar
39,934,True,0.1752910699720822,0.0,2,60,Student
39,935,True,0.3112062459089998,0.0,1,15,Blue Collar
39,936,False,0.3072581434169985,0.0,0,15,White Collar
39,937,True,0.3162298390616307,0.0,2,35,Student
39,938,False,0.4493230296578294,0.0,2,26,Student
39,939,False,0.4992607592612914,0.0,1,21,Blue Collar
39,940,True,0.3797328747609579,0.0,1,15,Blue Collar
39,941,False,0.2587951204847887,0.0,0,20,White Collar
39,942,True,0.217206502029108,0.0,1,9,Blue Collar
39,943,False,0.6337271424536701,0.0,3,55,Retired
39,944,True,0.3024225452045582,0.0,1,7,Blue Collar
39,945,True,0.353243831536729,0.0,0,60,White Collar
39,946,True,0.1960088011812329,0.0,2,44,Student
39,947,False,0.194604146338236,0.0,1,11,Blue Collar
39,948,False,0.1201659626916901,0.0,0,35,White Collar
39,949,True,0.2881738348704263,0.0,2,56,Student
39,950,False,0.1945107684338112,0.0,0,44,White Collar
39,951,True,0.2219017467003496,0.0,2,12,Student
39,952,True,0.4924424140581507,0.0,2,10,Student
39,953,True,0.0850659978225831,0.0,1,73,Blue Collar
39,954,True,0.1707846803550596,0.0,2,57,Student
39,955,True,0.3275299415979275,0.0,0,20,White Collar
39,956,True,0.3146017534698956,0.0,1,35,Blue Collar
39,957,True,0.5591300431761457,0.0,1,46,Blue Collar
39,958,False,0.0569074657411333,0.0,1,38,Blue Collar
39,959,False,0.5215862971395819,0.0,3,54,Retired
39,960,False,0.1109111744624726,0.0,0,49,White Collar
39,961,False,0.2265228453079547,0.0,2,23,Student
39,962,False,0.0823237952883983,0.0,0,57,White Collar
39,963,False,0.0203376211117979,0.0,1,63,Blue Collar
39,964,False,0.515099224706211,0.0,1,25,Blue Collar
39,965,True,0.1524295832997067,0.0,2,40,Student
39,966,False,0.401561690342304,0.0,0,77,White Collar
39,967,False,0.1934741652155991,0.0,1,22,Blue Collar
39,968,True,0.5676055160091945,0.0,1,40,Blue Collar
39,969,False,0.207457529958512,0.0,0,58,White Collar
39,970,False,0.2430327927543291,0.0,2,57,Student
39,971,False,0.1686796225990403,0.0,2,1,Student
39,972,True,0.1197872134843499,0.0,1,9,Blue Collar
39,973,True,0.4281637369757693,0.0,2,9,Student
39,974,False,0.2805328520070296,0.0,2,33,Student
39,975,False,0.0255304591814648,0.0,1,48,Blue Collar
39,976,True,0.5758838933798938,0.0,1,28,Blue Collar
39,977,True,0.2466749134265328,0.0,3,32,Retired
39,978,False,0.1265914119379539,0.0,2,36,Student
39,979,True,0.076905262823075,0.0,1,33,Blue Collar
39,980,True,0.1317865994756037,0.0,0,61,White Collar
39,981,True,0.3423522504030944,0.0,1,47,Blue Collar
39,982,True,0.4422870444385288,0.0,3,24,Retired
39,983,False,0.2290208014335576,0.0,2,98,Student
39,984,True,0.8133424050014515,0.0,2,27,Student
39,985,True,0.2079234242657764,0.0,0,29,White Collar
39,986,True,0.2608344425937606,0.0,0,10,White Collar
39,987,False,0.1095262841662347,0.0,0,62,White Collar
39,988,True,0.2508512520003949,0.0,1,21,Blue Collar
39,989,True,0.4615262690501316,0.0,0,24,White Collar
39,990,True,0.6224521206393593,0.0,0,17,White Collar
39,991,True,0.3984798933684013,0.0,1,25,Blue Collar
39,992,True,0.0587343222846886,0.0,0,38,White Collar
39,993,False,0.0996858624336007,0.0,2,61,Student
39,994,True,0.0587453867701584,0.0,1,39,Blue Collar
39,995,True,0.1404948127964428,0.0,0,86,White Collar
39,996,False,0.1813561796987826,0.0,0,8,White Collar
39,997,False,0.1207732276954052,0.0,0,89,White Collar
39,998,False,0.3803905055871858,0.0,1,28,Blue Collar
39,999,True,0.115508747068787,0.0,2,22,Student
