scenario,actual_rate,predicted_rate,accuracy,precision,recall,f1,error,total_samples
baseline,0.5751,0.302,0.5177,0.6536423841059603,0.34324465310380803,0.4501197126895451,0.27309999999999995,10000
high_risk,0.5751,0.721,0.5707,0.6011095700416089,0.7536080681620587,0.6687755574415555,0.14590000000000003,10000
intervention,0.5751,0.301,0.5153,0.6501661129568106,0.3402886454529647,0.4467526538066431,0.27409999999999995,10000
