scenario,actual_rate,iter3_predicted_rate,iter4_predicted_rate,iter3_accuracy,iter4_accuracy,accuracy_improvement,iter3_f1,iter4_f1,f1_improvement,iter3_error,iter4_error,error_improvement
baseline,0.5751,0.027,0.302,0.4401,0.5177,0.07760000000000006,0.07008802524497591,0.4501197126895451,542.2205663752965,0.5480999999999999,0.27309999999999995,50.17332603539501
high_risk,0.5751,0.471,0.721,0.5381,0.5707,0.03259999999999996,0.5584552146066342,0.6687755574415555,19.75455505642095,0.10409999999999997,0.14590000000000003,-40.15369836695492
intervention,0.5751,0.018,0.301,0.4349,0.5153,0.08039999999999997,0.047209576799865115,0.4467526538066431,846.3178534740001,0.5570999999999999,0.27409999999999995,50.798779393286665
